<?xml version="1.0" encoding="UTF-8"?>

<MetricPlugins xmlns:xsi="http://www.w3.org/2001/XMLSchema-instance" version="1.0" xsi:noNamespaceSchemaLocation="../../../schema/Collect.xsd">
    <GlobalMetricSetting/>
    <PluginClassAliasList>
        <PluginClassAlias id="defaultProcessor" class="com.mainsteam.stm.plugin.common.DefaultResultSetProcessor"/>
        <PluginClassAlias id="defaultConverter" class="com.mainsteam.stm.plugin.common.DefaultResultSetConverter"/>
        <PluginClassAlias id="selectProcessor" class="com.mainsteam.stm.plugin.common.SelectResultSetProcessor"/>
    </PluginClassAliasList>
    <MetricPlugin metricid="Name" collectType="" pluginid="DNSPlugin">
        <PluginResultMetaInfo columns="Name,ip,port,isAlive,target,result,respontime"/>
        <PluginParameter type="ArrayType">
            <Parameter type="DiscoveryInfo" key="target" value="target"/>
            <Parameter type="DiscoveryInfo" key="timeout" value="timeout"/>
        </PluginParameter>
        <PluginDataHandlers>
            <PluginDataHandler classKey="selectProcessor">
                <Parameter type="" key="SELECT" value="SELECT Name"/>
            </PluginDataHandler>
        </PluginDataHandlers>
    </MetricPlugin>
    <MetricPlugin metricid="ip" collectType="" pluginid="DNSPlugin">
        <PluginResultMetaInfo columns="Name,ip,port,isAlive,target,result,respontime"/>
        <PluginParameter type="ArrayType">
            <Parameter type="DiscoveryInfo" key="target" value="target"/>
            <Parameter type="DiscoveryInfo" key="timeout" value="timeout"/>
        </PluginParameter>
        <PluginDataHandlers>
            <PluginDataHandler classKey="selectProcessor">
                <Parameter type="" key="SELECT" value="SELECT ip"/>
            </PluginDataHandler>
        </PluginDataHandlers>
    </MetricPlugin>
    <MetricPlugin metricid="port" collectType="" pluginid="DNSPlugin">
        <PluginResultMetaInfo columns="Name,ip,port,isAlive,target,result,respontime"/>
        <PluginParameter type="ArrayType">
            <Parameter type="DiscoveryInfo" key="target" value="target"/>
            <Parameter type="DiscoveryInfo" key="timeout" value="timeout"/>
        </PluginParameter>
        <PluginDataHandlers>
            <PluginDataHandler classKey="selectProcessor">
                <Parameter type="" key="SELECT" value="SELECT port"/>
            </PluginDataHandler>
        </PluginDataHandlers>
    </MetricPlugin>
    <MetricPlugin metricid="availability" collectType="" pluginid="DNSPlugin">
        <PluginResultMetaInfo columns="Name,ip,port,isAlive,target,result,respontime"/>
        <PluginParameter type="ArrayType">
            <Parameter type="DiscoveryInfo" key="target" value="target"/>
            <Parameter type="DiscoveryInfo" key="timeout" value="timeout"/>
        </PluginParameter>
        <PluginDataHandlers>
            <PluginDataHandler classKey="selectProcessor">
                <Parameter type="" key="SELECT" value="SELECT isAlive"/>
            </PluginDataHandler>
        </PluginDataHandlers>
    </MetricPlugin>
    <MetricPlugin metricid="resolveTarget" collectType="" pluginid="DNSPlugin">
        <PluginResultMetaInfo columns="Name,ip,port,isAlive,target,result,respontime"/>
        <PluginParameter type="ArrayType">
            <Parameter type="DiscoveryInfo" key="target" value="target"/>
            <Parameter type="DiscoveryInfo" key="timeout" value="timeout"/>
        </PluginParameter>
        <PluginDataHandlers>
            <PluginDataHandler classKey="selectProcessor">
                <Parameter type="" key="SELECT" value="SELECT target"/>
            </PluginDataHandler>
        </PluginDataHandlers>
    </MetricPlugin>
    <MetricPlugin metricid="resolveResult" collectType="" pluginid="DNSPlugin">
        <PluginResultMetaInfo columns="Name,ip,port,isAlive,target,result,respontime"/>
        <PluginParameter type="ArrayType">
            <Parameter type="DiscoveryInfo" key="target" value="target"/>
            <Parameter type="DiscoveryInfo" key="timeout" value="timeout"/>
        </PluginParameter>
        <PluginDataHandlers>
            <PluginDataHandler classKey="selectProcessor">
                <Parameter type="" key="SELECT" value="SELECT result"/>
            </PluginDataHandler>
        </PluginDataHandlers>
    </MetricPlugin>
    <MetricPlugin metricid="responseTime" collectType="" pluginid="DNSPlugin">
        <PluginResultMetaInfo columns="Name,ip,port,isAlive,target,result,responseTime"/>
        <PluginParameter type="ArrayType">
            <Parameter type="DiscoveryInfo" key="target" value="target"/>
            <Parameter type="DiscoveryInfo" key="timeout" value="timeout"/>
        </PluginParameter>
        <PluginDataHandlers>
            <PluginDataHandler classKey="selectProcessor">
                <Parameter type="" key="SELECT" value="SELECT responseTime"/>
            </PluginDataHandler>
        </PluginDataHandlers>
    </MetricPlugin>
    <MetricPlugin metricid="status" collectType="" pluginid="DNSPlugin">
        <PluginResultMetaInfo columns="Name,ip,port,isAlive,target,result,responseTime,status"/>
        <PluginParameter type="ArrayType">
            <Parameter type="DiscoveryInfo" key="target" value="target"/>
            <Parameter type="DiscoveryInfo" key="timeout" value="timeout"/>
        </PluginParameter>
        <PluginDataHandlers>
            <PluginDataHandler classKey="selectProcessor">
                <Parameter type="" key="SELECT" value="SELECT status"/>
            </PluginDataHandler>
        </PluginDataHandlers>
    </MetricPlugin>
</MetricPlugins>
