<?xml version="1.0" encoding="UTF-8"?>
<Capacity xmlns:xsi="http://www.w3.org/2001/XMLSchema-instance" version="1.0" xsi:noNamespaceSchemaLocation="../../../schema/Resource.xsd">
    <SupportInfo>
        <SupportName>Cisco TelePresence ContentServer</SupportName>
        <PreSupportVersion>Cisco TelePresence ContentServer</PreSupportVersion>
        <ActualSupportVersion>Cisco TelePresence ContentServer</ActualSupportVersion>
    </SupportInfo>
    <GlobalMetricSetting isEncrypt="FALSE" version="4.1.0">
        <GlobalIsEdit>false</GlobalIsEdit>
        <GlobalIsMonitor>true</GlobalIsMonitor>
        <GlobalDefaultMonitorFreq>day1</GlobalDefaultMonitorFreq>
        <GlobalsupportMonitorFreq>min1,min5,min10,hour1,day1</GlobalsupportMonitorFreq>
        <GlobalIsAlert>true</GlobalIsAlert>
        <GlobalDefaultFlapping>1</GlobalDefaultFlapping>
    </GlobalMetricSetting>
    <Resource id="CiscoTPContentServer" category="ContentServer" icon="ContentServer.png" name="Cisco TelePresence内容服务器" description="Cisco TelePresence内容服务器">
        <Metrics>
            <Metric id="name" style="InformationMetric" name="设备名" description="设备名" unit="">
                <IsDisplay displayOrder="1010">true</IsDisplay>
                <IsMonitor>true</IsMonitor>
                <IsEdit>false</IsEdit>
                <DefaultMonitorFreq>day1</DefaultMonitorFreq>
                <SupportMonitorFreq>hour1,day1</SupportMonitorFreq>
                <IsAlert>false</IsAlert>
                <DefaultFlapping>1</DefaultFlapping>
            </Metric>
            <Metric id="serial" style="InformationMetric" name="序列号" description="序列号" unit="">
                <IsDisplay displayOrder="1020">true</IsDisplay>
                <IsMonitor>true</IsMonitor>
                <IsEdit>false</IsEdit>
                <DefaultMonitorFreq>day1</DefaultMonitorFreq>
                <SupportMonitorFreq>hour1,day1</SupportMonitorFreq>
                <IsAlert>false</IsAlert>
                <DefaultFlapping>1</DefaultFlapping>
            </Metric>
            <Metric id="softwareVersion" style="InformationMetric" name="软件版本" description="软件版本" unit="">
                <IsDisplay displayOrder="1030">true</IsDisplay>
                <IsMonitor>true</IsMonitor>
                <IsEdit>false</IsEdit>
                <DefaultMonitorFreq>day1</DefaultMonitorFreq>
                <SupportMonitorFreq>hour1,day1</SupportMonitorFreq>
                <IsAlert>false</IsAlert>
                <DefaultFlapping>1</DefaultFlapping>
            </Metric>
            <Metric id="buildVersion" style="InformationMetric" name="内部版本" description="内部版本" unit="">
                <IsDisplay displayOrder="1040">true</IsDisplay>
                <IsMonitor>true</IsMonitor>
                <IsEdit>false</IsEdit>
                <DefaultMonitorFreq>day1</DefaultMonitorFreq>
                <SupportMonitorFreq>hour1,day1</SupportMonitorFreq>
                <IsAlert>false</IsAlert>
                <DefaultFlapping>1</DefaultFlapping>
            </Metric>
            <Metric id="macAddress" style="InformationMetric" name="mac地址" description="mac地址" unit="">
                <IsDisplay displayOrder="1080">true</IsDisplay>
                <IsMonitor>true</IsMonitor>
                <IsEdit>false</IsEdit>
                <DefaultMonitorFreq>day1</DefaultMonitorFreq>
                <SupportMonitorFreq>hour1,day1</SupportMonitorFreq>
                <IsAlert>false</IsAlert>
                <DefaultFlapping>1</DefaultFlapping>
            </Metric>
            <Metric id="ip" style="InformationMetric" name="IP地址" description="IP地址" unit="">
                <IsDisplay displayOrder="1090">true</IsDisplay>
                <IsMonitor>true</IsMonitor>
                <IsEdit>false</IsEdit>
                <DefaultMonitorFreq>day1</DefaultMonitorFreq>
                <SupportMonitorFreq>hour1,day1</SupportMonitorFreq>
                <IsAlert>false</IsAlert>
                <DefaultFlapping>1</DefaultFlapping>
            </Metric>
            <Metric id="uptime" style="InformationMetric" name="运行时间" description="运行时间" unit="秒">
                <IsDisplay displayOrder="1100">true</IsDisplay>
                <IsMonitor>true</IsMonitor>
                <IsEdit>false</IsEdit>
                <DefaultMonitorFreq>hour1</DefaultMonitorFreq>
                <SupportMonitorFreq>hour1,day1</SupportMonitorFreq>
                <IsAlert>false</IsAlert>
                <DefaultFlapping>1</DefaultFlapping>
            </Metric>
            <Metric id="H323Status" style="InformationMetric" name="H323状态" description="H323状态" unit="">
                <IsDisplay displayOrder="1110">true</IsDisplay>
                <IsMonitor>true</IsMonitor>
                <IsEdit>false</IsEdit>
                <DefaultMonitorFreq>hour1</DefaultMonitorFreq>
                <SupportMonitorFreq>hour1,day1</SupportMonitorFreq>
                <IsAlert>false</IsAlert>
                <DefaultFlapping>1</DefaultFlapping>
            </Metric>
            <Metric id="H323IP" style="InformationMetric" name="H323 IP" description="H323 IP" unit="">
                <IsDisplay displayOrder="1120">true</IsDisplay>
                <IsMonitor>true</IsMonitor>
                <IsEdit>false</IsEdit>
                <DefaultMonitorFreq>hour1</DefaultMonitorFreq>
                <SupportMonitorFreq>hour1,day1</SupportMonitorFreq>
                <IsAlert>false</IsAlert>
                <DefaultFlapping>1</DefaultFlapping>
            </Metric>
            <Metric id="SipStatus" style="InformationMetric" name="SIP状态" description="SIP状态" unit="">
                <IsDisplay displayOrder="1130">true</IsDisplay>
                <IsMonitor>true</IsMonitor>
                <IsEdit>false</IsEdit>
                <DefaultMonitorFreq>hour1</DefaultMonitorFreq>
                <SupportMonitorFreq>hour1,day1</SupportMonitorFreq>
                <IsAlert>false</IsAlert>
                <DefaultFlapping>1</DefaultFlapping>
            </Metric>
            <Metric id="SipIP" style="InformationMetric" name="SIP IP" description="SIP IP" unit="">
                <IsDisplay displayOrder="1140">true</IsDisplay>
                <IsMonitor>true</IsMonitor>
                <IsEdit>false</IsEdit>
                <DefaultMonitorFreq>hour1</DefaultMonitorFreq>
                <SupportMonitorFreq>hour1,day1</SupportMonitorFreq>
                <IsAlert>false</IsAlert>
                <DefaultFlapping>1</DefaultFlapping>
            </Metric>
            <Metric id="totalPhysical" style="InformationMetric" name="物理内存总大小" description="物理内存总大小" unit="KB">
                <IsDisplay displayOrder="1150">true</IsDisplay>
                <IsMonitor>true</IsMonitor>
                <IsEdit>false</IsEdit>
                <DefaultMonitorFreq>hour1</DefaultMonitorFreq>
                <SupportMonitorFreq>hour1,day1</SupportMonitorFreq>
                <IsAlert>false</IsAlert>
                <DefaultFlapping>1</DefaultFlapping>
            </Metric>
            <Metric id="maxCalls" style="InformationMetric" name="最大呼叫数" description="最大呼叫数" unit="">
                <IsDisplay displayOrder="1160">true</IsDisplay>
                <IsMonitor>true</IsMonitor>
                <IsEdit>false</IsEdit>
                <DefaultMonitorFreq>hour1</DefaultMonitorFreq>
                <SupportMonitorFreq>hour1,day1</SupportMonitorFreq>
                <IsAlert>false</IsAlert>
                <DefaultFlapping>1</DefaultFlapping>
            </Metric>
            <Metric id="maxLiveCalls" style="InformationMetric" name="最大Live呼叫数" description="最大Live呼叫数" unit="">
                <IsDisplay displayOrder="1170">true</IsDisplay>
                <IsMonitor>true</IsMonitor>
                <IsEdit>false</IsEdit>
                <DefaultMonitorFreq>hour1</DefaultMonitorFreq>
                <SupportMonitorFreq>hour1,day1</SupportMonitorFreq>
                <IsAlert>false</IsAlert>
                <DefaultFlapping>1</DefaultFlapping>
            </Metric>
            <!-- Performance -->
            <Metric id="cpuRate" style="PerformanceMetric" name="cpu利用率" description="cpu利用率" unit="%">
                <IsDisplay displayOrder="1400">true</IsDisplay>
                <IsMonitor>true</IsMonitor>
                <IsEdit>false</IsEdit>
                <DefaultMonitorFreq>min5</DefaultMonitorFreq>
                <SupportMonitorFreq>min1,min5,min10,min30,hour1,hour4,hour8</SupportMonitorFreq>
                <IsAlert>false</IsAlert>
                <DefaultFlapping>1</DefaultFlapping>
                <Thresholds>
                    <Threshold operator="&lt;" defaultvalue="85" stateid="Normal"/>
                    <Threshold operator="&gt;=" defaultvalue="90" stateid="Minor"/>
                    <Threshold operator="&gt;=" defaultvalue="95" stateid="Major"/>
                </Thresholds>
            </Metric>
            <Metric id="memRate" style="PerformanceMetric" name="内存利用率" description="内存利用率" unit="%">
                <IsDisplay displayOrder="1410">true</IsDisplay>
                <IsMonitor>true</IsMonitor>
                <IsEdit>false</IsEdit>
                <DefaultMonitorFreq>min5</DefaultMonitorFreq>
                <SupportMonitorFreq>min1,min5,min10,min30,hour1,hour4,hour8</SupportMonitorFreq>
                <IsAlert>false</IsAlert>
                <DefaultFlapping>1</DefaultFlapping>
                <Thresholds>
                    <Threshold operator="&lt;" defaultvalue="85" stateid="Normal"/>
                    <Threshold operator="&gt;=" defaultvalue="90" stateid="Minor"/>
                    <Threshold operator="&gt;=" defaultvalue="95" stateid="Major"/>
                </Thresholds>
            </Metric>
            <Metric id="currentCalls" style="PerformanceMetric" name="当前呼叫数" description="当前呼叫数" unit="">
                <IsDisplay displayOrder="1420">true</IsDisplay>
                <IsMonitor>true</IsMonitor>
                <IsEdit>false</IsEdit>
                <DefaultMonitorFreq>min5</DefaultMonitorFreq>
                <SupportMonitorFreq>min1,min5,min10,min30,hour1,hour4,hour8</SupportMonitorFreq>
                <IsAlert>false</IsAlert>
                <DefaultFlapping>1</DefaultFlapping>
                <Thresholds>
                    <Threshold operator="&lt;" defaultvalue="5" stateid="Normal"/>
                    <Threshold operator="&gt;=" defaultvalue="10" stateid="Minor"/>
                    <Threshold operator="&gt;=" defaultvalue="20" stateid="Major"/>
                </Thresholds>
            </Metric>
            <Metric id="currentLiveCalls" style="PerformanceMetric" name="当前Live呼叫数" description="当前Live呼叫数" unit="">
                <IsDisplay displayOrder="1430">true</IsDisplay>
                <IsMonitor>true</IsMonitor>
                <IsEdit>false</IsEdit>
                <DefaultMonitorFreq>min5</DefaultMonitorFreq>
                <SupportMonitorFreq>min1,min5,min10,min30,hour1,hour4,hour8</SupportMonitorFreq>
                <IsAlert>false</IsAlert>
                <DefaultFlapping>1</DefaultFlapping>
                <Thresholds>
                    <Threshold operator="&lt;" defaultvalue="5" stateid="Normal"/>
                    <Threshold operator="&gt;=" defaultvalue="10" stateid="Minor"/>
                    <Threshold operator="&gt;=" defaultvalue="20" stateid="Major"/>
                </Thresholds>
            </Metric>
            <!-- Availability -->
            <Metric id="contentEngineStatus" style="AvailabilityMetric" name="内容引擎状态" description="内容引擎状态" unit="">
                <IsDisplay displayOrder="1800">true</IsDisplay>
                <IsMonitor>true</IsMonitor>
                <IsEdit>false</IsEdit>
                <DefaultMonitorFreq>min1</DefaultMonitorFreq>
                <SupportMonitorFreq>sec30,min1,min5,min10,min30,hour1</SupportMonitorFreq>
                <IsAlert>true</IsAlert>
                <DefaultFlapping>2</DefaultFlapping>
            </Metric>
            <Metric id="offlineTranscodingState" style="AvailabilityMetric" name="离线解码状态" description="离线解码状态" unit="">
                <IsDisplay displayOrder="1810">true</IsDisplay>
                <IsMonitor>true</IsMonitor>
                <IsEdit>false</IsEdit>
                <DefaultMonitorFreq>min1</DefaultMonitorFreq>
                <SupportMonitorFreq>sec30,min1,min5,min10,min30,hour1</SupportMonitorFreq>
                <IsAlert>true</IsAlert>
                <DefaultFlapping>2</DefaultFlapping>
            </Metric>
        </Metrics>
        <Properties>
            <Property id="name" name="name" metricid="name"/>
            <Property id="serial" name="serial" metricid="serial"/>
            <Property id="macAddress" name="macAddress" metricid="macAddress"/>
        </Properties>
        <Instantiation InstanceId="serial,macAddress" InstanceName="name"/>
    </Resource>
    <Resource id="CiscoTPContentServerDrive" type="Partition" icon="" name="磁盘" description="磁盘" parentid="CiscoTPContentServer">
        <Metrics>
            <Metric id="fileSysName" style="InformationMetric" name="盘符" description="盘符" unit="">
                <IsDisplay displayOrder="2000">false</IsDisplay>
                <IsMonitor>false</IsMonitor>
                <IsEdit>false</IsEdit>
                <DefaultMonitorFreq>hour1</DefaultMonitorFreq>
                <SupportMonitorFreq>hour1,day1</SupportMonitorFreq>
                <IsAlert>false</IsAlert>
                <DefaultFlapping>1</DefaultFlapping>
            </Metric>
            <Metric id="fileSysTotalSize" style="InformationMetric" name="容量" description="容量" unit="MB">
                <IsDisplay displayOrder="2100">true</IsDisplay>
                <IsMonitor>true</IsMonitor>
                <IsEdit>false</IsEdit>
                <DefaultMonitorFreq>hour1</DefaultMonitorFreq>
                <SupportMonitorFreq>hour1,day1</SupportMonitorFreq>
                <IsAlert>false</IsAlert>
                <DefaultFlapping>1</DefaultFlapping>
            </Metric>
            <Metric id="fileSysUsedSize" style="InformationMetric" name="已用容量" description="已用容量" unit="MB">
                <IsDisplay displayOrder="2200">true</IsDisplay>
                <IsMonitor>true</IsMonitor>
                <IsEdit>false</IsEdit>
                <DefaultMonitorFreq>hour1</DefaultMonitorFreq>
                <SupportMonitorFreq>hour1,day1</SupportMonitorFreq>
                <IsAlert>false</IsAlert>
                <DefaultFlapping>1</DefaultFlapping>
            </Metric>
            <Metric id="fileSysFreeSize" style="InformationMetric" name="可用容量" description="可用容量" unit="MB">
                <IsDisplay displayOrder="2300">true</IsDisplay>
                <IsMonitor>true</IsMonitor>
                <IsEdit>false</IsEdit>
                <DefaultMonitorFreq>day1</DefaultMonitorFreq>
                <SupportMonitorFreq>hour1,day1</SupportMonitorFreq>
                <IsAlert>false</IsAlert>
                <DefaultFlapping>1</DefaultFlapping>
            </Metric>
            <Metric id="fileSysRate" style="PerformanceMetric" name="利用率" description="利用率" unit="%">
                <IsDisplay displayOrder="2400">true</IsDisplay>
                <IsMonitor>true</IsMonitor>
                <IsEdit>false</IsEdit>
                <DefaultMonitorFreq>min5</DefaultMonitorFreq>
                <SupportMonitorFreq>min1,min5,min10,min30,hour1,hour4,hour8</SupportMonitorFreq>
                <IsAlert>false</IsAlert>
                <DefaultFlapping>1</DefaultFlapping>
                <Thresholds>
                    <Threshold operator="&lt;" defaultvalue="90" stateid="Normal"/>
                    <Threshold operator="&gt;=" defaultvalue="90" stateid="Minor"/>
                    <Threshold operator="&gt;=" defaultvalue="95" stateid="Major"/>
                </Thresholds>
            </Metric>
        </Metrics>
        <Properties>
            <Property id="fileSysName" name="fileSysName" metricid="fileSysName"/>
        </Properties>
        <Instantiation InstanceId="fileSysName" InstanceName="fileSysName"/>
    </Resource>
</Capacity>
