<?xml version="1.0" encoding="UTF-8"?>

<MetricPlugins xmlns:xsi="http://www.w3.org/2001/XMLSchema-instance" version="1.0" xsi:noNamespaceSchemaLocation="../../../schema/Collect.xsd">
    <GlobalMetricSetting isEncrypt="FALSE" version="4.1.0">
        <ChangePluginInitParameter pluginid="WmiPlugin" parameterId="username" parameterProperty="mustInput" propertyValue="FALSE"/>
        <ChangePluginInitParameter pluginid="WmiPlugin" parameterId="password" parameterProperty="mustInput" propertyValue="FALSE"/>
    </GlobalMetricSetting>
    <PluginClassAliasList>
        <PluginClassAlias id="defaultProcessor" class="com.mainsteam.stm.plugin.common.DefaultResultSetProcessor"/>
        <PluginClassAlias id="defaultConverter" class="com.mainsteam.stm.plugin.common.DefaultResultSetConverter"/>
        <PluginClassAlias id="selectProcessor" class="com.mainsteam.stm.plugin.common.SelectResultSetProcessor"/>
        <PluginClassAlias id="columnPasteProcessor" class="com.mainsteam.stm.plugin.common.ColumnPasteProcessor"/>
        <PluginClassAlias id="RegularFilter" class="com.mainsteam.stm.plugin.common.RegularFilter"/>
        <PluginClassAlias id="subInstConverter" class="com.mainsteam.stm.plugin.common.SubInstResultSetConverter"/>
        <PluginClassAlias id="availableConverter" class="com.mainsteam.stm.plugin.common.AvailableConverter"/>
        <PluginClassAlias id="tableConverter" class="com.mainsteam.stm.plugin.common.TableResultSetConverter"/>
        <PluginClassAlias id="translateProcessor" class="com.mainsteam.stm.plugin.common.TranslateResultSetProcessor"/>
        <PluginClassAlias id="ChangeRateProcessor" class="com.mainsteam.stm.plugin.common.ChangeRateProcessor"/>
        <PluginClassAlias id="processConverter" class="com.mainsteam.stm.plugin.common.ProcessResultSetConverter"/>
        <PluginClassAlias id="apacheProcessor" class="com.mainsteam.stm.plugin.common.ApacheProcessor"/>
        <PluginClassAlias id="FormatProcessor" class="com.mainsteam.stm.plugin.common.FormatProcessor"/>
        <PluginClassAlias id="memRateProcessor" class="com.mainsteam.stm.plugin.common.MemRateProcessor"/>
    </PluginClassAliasList>
    <MetricPlugin metricid="icmpDelayTime" collectType="" pluginid="IcmpPlugin">
        <PluginResultMetaInfo columns="ip,isAlive,ResponseTime"/>
        <PluginParameter type="ArrayType">
            <Parameter type="DiscoveryInfo" key="IP" value="IP"/>
        </PluginParameter>
        <PluginDataHandlers>
            <PluginDataHandler classKey="selectProcessor">
                <Parameter type="" key="SELECT" value="SELECT ResponseTime"/>
            </PluginDataHandler>
        </PluginDataHandlers>
    </MetricPlugin>
    <MetricPlugin metricid="cpuRate" collectType="WMI" pluginid="WmiPlugin">
        <PluginResultMetaInfo columns="CPU"/>
        <PluginParameter type="ArrayType">
            <Parameter type="" key="COMMAND" value="root\cimv2::select PercentProcessorTime from Win32_PerfFormattedData_PerfOS_Processor  where name = '_Total'"/>
        </PluginParameter>
        <PluginDataHandlers>
            <PluginDataHandler classKey="selectProcessor">
                <Parameter type="" key="SELECT" value="SELECT SUM(CPU) AS cpuRate"/>
            </PluginDataHandler>
            <PluginDataHandler classKey="FormatProcessor">
                <Parameter type="" key="" value="TO_HUNDRED"/>
            </PluginDataHandler>
        </PluginDataHandlers>
    </MetricPlugin>
    <MetricPlugin metricid="memRate" collectType="WMI" pluginid="WmiPlugin">
        <PluginResultMetaInfo columns="Memory,totalMemSize"/>
        <PluginParameter type="ArrayType">
            <Parameter type="" key="COMMAND" value="root\cimv2::select FreePhysicalMemory,TotalVisibleMEMorySize from Win32_OperatingSystem"/>
        </PluginParameter>
        <PluginDataHandlers>
            <PluginDataHandler classKey="selectProcessor">
                <Parameter type="" key="SELECT" value="SELECT (totalMemSize - Memory)/totalMemSize*100 AS memRate"/>
            </PluginDataHandler>
            <PluginDataHandler classKey="FormatProcessor">
                <Parameter type="" key="" value="TO_HUNDRED"/>
            </PluginDataHandler>
        </PluginDataHandlers>
    </MetricPlugin>
    <MetricPlugin metricid="version" collectType="" pluginid="SharePoint2013Plugin">
        <PluginResultMetaInfo columns=""/>
        <PluginParameter type="ArrayType">
            <Parameter type="" key="COMMAND" value="com.mainsteam.stm.plugin.sharepoint.SharePoint2013Collector.getVersion"/>
        </PluginParameter>
    </MetricPlugin>
    <MetricPlugin metricid="availability" collectType="" pluginid="SharePoint2013Plugin">
        <PluginResultMetaInfo columns=""/>
        <PluginParameter type="ArrayType">
            <Parameter type="" key="COMMAND" value="com.mainsteam.stm.plugin.sharepoint.SharePoint2013Collector.getAvailability"/>
        </PluginParameter>
    </MetricPlugin>
    <MetricPlugin metricid="configurationDatabN" collectType="" pluginid="SharePoint2013Plugin">
        <PluginResultMetaInfo columns=""/>
        <PluginParameter type="ArrayType">
            <Parameter type="" key="COMMAND" value="com.mainsteam.stm.plugin.sharepoint.SharePoint2013Collector.getConfigurationDatabaseName"/>
        </PluginParameter>
    </MetricPlugin>
    <MetricPlugin metricid="configurationDataVer" collectType="" pluginid="SharePoint2013Plugin">
        <PluginResultMetaInfo columns=""/>
        <PluginParameter type="ArrayType">
            <Parameter type="" key="COMMAND" value="com.mainsteam.stm.plugin.sharepoint.SharePoint2013Collector.getConfigurationDatabaseVersion"/>
        </PluginParameter>
    </MetricPlugin>
    <MetricPlugin metricid="configurationDataSeN" collectType="" pluginid="SharePoint2013Plugin">
        <PluginResultMetaInfo columns=""/>
        <PluginParameter type="ArrayType">
            <Parameter type="" key="COMMAND" value="com.mainsteam.stm.plugin.sharepoint.SharePoint2013Collector.getConfigurationDatabaseServerName"/>
        </PluginParameter>
    </MetricPlugin>
    <MetricPlugin metricid="hostName" collectType="WMI" pluginid="WmiPlugin">
        <PluginResultMetaInfo columns=""/>
        <PluginParameter type="ArrayType">
            <Parameter type="" key="COMMAND" value="root\cimv2::select CSName from Win32_OperatingSystem"/>
        </PluginParameter>
    </MetricPlugin>
    <MetricPlugin metricid="OperatingSystem" collectType="WMI" pluginid="WmiPlugin">
        <PluginResultMetaInfo columns=""/>
        <PluginParameter type="ArrayType">
            <Parameter type="" key="COMMAND" value="root\cimv2::select caption from Win32_OperatingSystem"/>
        </PluginParameter>
    </MetricPlugin>
    <MetricPlugin metricid="servicePort" collectType="" pluginid="SharePoint2013Plugin">
        <PluginResultMetaInfo columns=""/>
        <PluginParameter type="ArrayType">
            <Parameter type="" key="COMMAND" value="com.mainsteam.stm.plugin.sharepoint.SharePoint2013Collector.getServerPort"/>
        </PluginParameter>
    </MetricPlugin>
    <MetricPlugin metricid="BytesSentPersec" collectType="WMI" pluginid="WmiPlugin">
        <PluginResultMetaInfo columns="chk_common"/>
        <PluginParameter type="ArrayType">
            <Parameter type="" key="COMMAND" value="root\cimv2::select BytesSentPersec from Win32_PerfRawData_W3SVC_WebService"/>
        </PluginParameter>
        <PluginDataHandlers>
            <PluginDataHandler classKey="selectProcessor">
                <Parameter type="" key="SELECT" value="SELECT (chk_common/1024/1024) as phyTotalMemory"/>
            </PluginDataHandler>
        </PluginDataHandlers>
    </MetricPlugin>
    <MetricPlugin metricid="CurrentConnections" collectType="WMI" pluginid="WmiPlugin">
        <PluginResultMetaInfo columns=""/>
        <PluginParameter type="ArrayType">
            <Parameter type="" key="COMMAND" value="root\cimv2::select CurrentConnections from Win32_PerfRawData_W3SVC_WebService"/>
        </PluginParameter>
    </MetricPlugin>
    <MetricPlugin metricid="BytesReceivedPersec" collectType="WMI" pluginid="WmiPlugin">
        <PluginResultMetaInfo columns="chk_common"/>
        <PluginParameter type="ArrayType">
            <Parameter type="" key="COMMAND" value="root\cimv2::select BytesReceivedPersec from Win32_PerfRawData_W3SVC_WebService"/>
        </PluginParameter>
        <PluginDataHandlers>
            <PluginDataHandler classKey="selectProcessor">
                <Parameter type="" key="SELECT" value="SELECT (chk_common/1024/1024) as phyTotalMemory"/>
            </PluginDataHandler>
        </PluginDataHandlers>
    </MetricPlugin>
    <MetricPlugin metricid="ConnectiAttempPers" collectType="WMI" pluginid="WmiPlugin">
        <PluginResultMetaInfo columns=""/>
        <PluginParameter type="ArrayType">
            <Parameter type="" key="COMMAND" value="root\cimv2::select ConnectionAttemptsPersec from Win32_PerfRawData_W3SVC_WebService"/>
        </PluginParameter>
    </MetricPlugin>
    <MetricPlugin metricid="CacheTotalEntries" collectType="WMI" pluginid="WmiPlugin">
        <PluginResultMetaInfo columns=""/>
        <PluginParameter type="ArrayType">
            <Parameter type="" key="COMMAND" value="root\cimv2::select CacheTotalEntries from Win32_PerfFormattedData_ASPNET_ASPNETApplications"/>
        </PluginParameter>
    </MetricPlugin>
    <MetricPlugin metricid="CacheTotalHits" collectType="WMI" pluginid="WmiPlugin">
        <PluginResultMetaInfo columns=""/>
        <PluginParameter type="ArrayType">
            <Parameter type="" key="COMMAND" value="root\cimv2::select CacheTotalHits from Win32_PerfFormattedData_ASPNET_ASPNETApplications"/>
        </PluginParameter>
    </MetricPlugin>
    <MetricPlugin metricid="CacheTotalMisses" collectType="WMI" pluginid="WmiPlugin">
        <PluginResultMetaInfo columns=""/>
        <PluginParameter type="ArrayType">
            <Parameter type="" key="COMMAND" value="root\cimv2::select CacheTotalMisses from Win32_PerfFormattedData_ASPNET_ASPNETApplications"/>
        </PluginParameter>
    </MetricPlugin>
    <MetricPlugin metricid="appCpuRate" collectType="WMI" pluginid="WmiPlugin">
        <PluginResultMetaInfo columns=""/>
        <PluginParameter type="ArrayType">
            <Parameter type="" key="COMMAND" value="root\cimv2::select PercentProcessorTime from Win32_PerfFormattedData_PerfProc_Process where Name like '%w3wp%' or Name like '%inetinfo%'"/>
        </PluginParameter>
        <PluginDataHandlers>
            <PluginDataHandler classKey="FormatProcessor">
                <Parameter type="" key="" value="TO_HUNDRED"/>
            </PluginDataHandler>
        </PluginDataHandlers>
    </MetricPlugin>
    <MetricPlugin metricid="appMemRate" collectType="WMI" pluginid="WmiPlugin">
        <PluginResultMetaInfo columns="memrate,memcap"/>
        <PluginParameter type="ArrayType">
            <Parameter type="" key="COMMAND" value="root\cimv2::select WorkingSet from Win32_PerfFormattedData_PerfProc_Process where Name like '%w3wp%' or Name like '%inetinfo%'"/>
            <Parameter type="" key="COMMAND" value="root\cimv2::select TotalPhysicalMemory from Win32_ComputerSystem"/>
        </PluginParameter>
        <PluginDataHandlers>
            <PluginDataHandler classKey="selectProcessor">
                <Parameter type="" key="SELECT" value="SELECT (sum(memrate)*100/memcap) as appMemRate"/>
            </PluginDataHandler>
            <PluginDataHandler classKey="FormatProcessor">
                <Parameter type="" key="" value="TO_HUNDRED"/>
            </PluginDataHandler>
        </PluginDataHandlers>
    </MetricPlugin>
    <MetricPlugin metricid="totalMemSize" collectType="WMI" pluginid="WmiPlugin">
        <PluginResultMetaInfo columns="totalMemSize"/>
        <PluginParameter type="ArrayType">
            <Parameter type="" key="COMMAND" value="root\cimv2::SELECT TotalVisibleMEMorySize FROM Win32_OperatingSystem"/>
        </PluginParameter>
    </MetricPlugin>
</MetricPlugins>
