<?xml version="1.0" encoding="UTF-8"?>

<MetricPlugins xmlns:xsi="http://www.w3.org/2001/XMLSchema-instance" version="1.0" xsi:noNamespaceSchemaLocation="../../../schema/Collect.xsd">
    <GlobalMetricSetting isEncrypt="FALSE" version="4.1.0">
        <ChangePluginInitParameter pluginid="SshPlugin" parameterId="port" parameterProperty="mustInput" propertyValue="FALSE"/>
        <ChangePluginInitParameter pluginid="SshPlugin" parameterId="username" parameterProperty="mustInput" propertyValue="FALSE"/>
        <ChangePluginInitParameter pluginid="SshPlugin" parameterId="password" parameterProperty="mustInput" propertyValue="FALSE"/>
        <ChangePluginInitParameter pluginid="WmiPlugin" parameterId="username" parameterProperty="mustInput" propertyValue="FALSE"/>
        <ChangePluginInitParameter pluginid="WmiPlugin" parameterId="password" parameterProperty="mustInput" propertyValue="FALSE"/>
        <ChangePluginInitParameter pluginid="TelnetPlugin" parameterId="port" parameterProperty="mustInput" propertyValue="FALSE"/>
        <ChangePluginInitParameter pluginid="TelnetPlugin" parameterId="username" parameterProperty="mustInput" propertyValue="FALSE"/>
        <ChangePluginInitParameter pluginid="TelnetPlugin" parameterId="password" parameterProperty="mustInput" propertyValue="FALSE"/>
        <ChangePluginInitParameter pluginid="TelnetPlugin" parameterId="userprompt" parameterProperty="mustInput" propertyValue="FALSE"/>
        <ChangePluginInitParameter pluginid="TelnetPlugin" parameterId="passprompt" parameterProperty="mustInput" propertyValue="FALSE"/>
        <ChangePluginInitParameter pluginid="TelnetPlugin" parameterId="opprompt" parameterProperty="mustInput" propertyValue="FALSE"/>
    </GlobalMetricSetting>
    <PluginClassAliasList>
        <PluginClassAlias id="defaultProcessor" class="com.mainsteam.stm.plugin.common.DefaultResultSetProcessor"/>
        <PluginClassAlias id="defaultConverter" class="com.mainsteam.stm.plugin.common.DefaultResultSetConverter"/>
        <PluginClassAlias id="selectProcessor" class="com.mainsteam.stm.plugin.common.SelectResultSetProcessor"/>
        <PluginClassAlias id="columnPasteProcessor" class="com.mainsteam.stm.plugin.common.ColumnPasteProcessor"/>
        <PluginClassAlias id="RegularFilter" class="com.mainsteam.stm.plugin.common.RegularFilter"/>
        <PluginClassAlias id="subInstConverter" class="com.mainsteam.stm.plugin.common.SubInstResultSetConverter"/>
        <PluginClassAlias id="availableConverter" class="com.mainsteam.stm.plugin.common.AvailableConverter"/>
        <PluginClassAlias id="tableConverter" class="com.mainsteam.stm.plugin.common.TableResultSetConverter"/>
        <PluginClassAlias id="translateProcessor" class="com.mainsteam.stm.plugin.common.TranslateResultSetProcessor"/>
        <PluginClassAlias id="ChangeRateProcessor" class="com.mainsteam.stm.plugin.common.ChangeRateProcessor"/>
        <PluginClassAlias id="processConverter" class="com.mainsteam.stm.plugin.common.ProcessResultSetConverter"/>
        <PluginClassAlias id="FormatProcessor" class="com.mainsteam.stm.plugin.common.FormatProcessor"/>
    </PluginClassAliasList>
    <MetricPlugin metricid="icmpDelayTime" collectType="" pluginid="IcmpPlugin">
        <PluginResultMetaInfo columns="ip,isAlive,ResponseTime"/>
        <PluginParameter type="ArrayType">
            <Parameter type="DiscoveryInfo" key="IP" value="IP"/>
        </PluginParameter>
        <PluginDataHandlers>
            <PluginDataHandler classKey="selectProcessor">
                <Parameter type="" key="SELECT" value="SELECT ResponseTime"/>
            </PluginDataHandler>
        </PluginDataHandlers>
    </MetricPlugin>
    <MetricPlugin metricid="cpuRate" collectType="WMI" pluginid="WmiPlugin">
        <PluginResultMetaInfo columns="CPU"/>
        <PluginParameter type="ArrayType">
            <Parameter type="" key="COMMAND" value="root\cimv2::select PercentProcessorTime from Win32_PerfFormattedData_PerfOS_Processor  where name = '_Total'"/>
        </PluginParameter>
        <PluginDataHandlers>
            <PluginDataHandler classKey="selectProcessor">
                <Parameter type="" key="SELECT" value="SELECT SUM(CPU) AS cpuRate"/>
            </PluginDataHandler>
            <PluginDataHandler classKey="FormatProcessor">
                <Parameter type="" key="" value="TO_HUNDRED"/>
            </PluginDataHandler>
        </PluginDataHandlers>
    </MetricPlugin>
    <MetricPlugin metricid="cpuRate" collectType="TELNET" pluginid="TelnetPlugin">
        <PluginResultMetaInfo columns="CPU"/>
        <PluginParameter type="ArrayType">
            <Parameter type="" key="COMMAND" value="/tmp/appinfo.sh"/>
        </PluginParameter>
        <PluginDataHandlers>
            <PluginDataHandler classKey="RegularFilter">
                <Parameter type="" key="REGULAR" value="&lt;get_cpurate&gt;(.+)&lt;/get_cpurate&gt;"/>
            </PluginDataHandler>
            <PluginDataHandler classKey="FormatProcessor">
                <Parameter type="" key="" value="TO_HUNDRED"/>
            </PluginDataHandler>
        </PluginDataHandlers>
    </MetricPlugin>
    <MetricPlugin metricid="cpuRate" collectType="SSH" pluginid="SshPlugin">
        <PluginResultMetaInfo columns="CPU"/>
        <PluginParameter type="ArrayType">
            <Parameter type="" key="COMMAND" value="/tmp/appinfo.sh"/>
        </PluginParameter>
        <PluginDataHandlers>
            <PluginDataHandler classKey="RegularFilter">
                <Parameter type="" key="REGULAR" value="&lt;get_cpurate&gt;(.+)&lt;/get_cpurate&gt;"/>
            </PluginDataHandler>
            <PluginDataHandler classKey="FormatProcessor">
                <Parameter type="" key="" value="TO_HUNDRED"/>
            </PluginDataHandler>
        </PluginDataHandlers>
    </MetricPlugin>
    <MetricPlugin metricid="memRate" collectType="WMI" pluginid="WmiPlugin">
        <PluginResultMetaInfo columns="Memory,totalMemSize"/>
        <PluginParameter type="ArrayType">
            <Parameter type="" key="COMMAND" value="root\cimv2::select FreePhysicalMemory,TotalVisibleMEMorySize from Win32_OperatingSystem"/>
        </PluginParameter>
        <PluginDataHandlers>
            <PluginDataHandler classKey="selectProcessor">
                <Parameter type="" key="SELECT" value="SELECT (totalMemSize - Memory)/totalMemSize*100 AS memRate"/>
            </PluginDataHandler>
            <PluginDataHandler classKey="FormatProcessor">
                <Parameter type="" key="" value="TO_HUNDRED"/>
            </PluginDataHandler>
        </PluginDataHandlers>
    </MetricPlugin>
    <MetricPlugin metricid="memRate" collectType="TELNET" pluginid="TelnetPlugin">
        <PluginResultMetaInfo columns="Memory"/>
        <PluginParameter type="ArrayType">
            <Parameter type="" key="COMMAND" value="/tmp/appinfo.sh"/>
        </PluginParameter>
        <PluginDataHandlers>
            <PluginDataHandler classKey="RegularFilter">
                <Parameter type="" key="REGULAR" value="&lt;get_pmemrate&gt;(.*)&lt;/get_pmemrate&gt;"/>
            </PluginDataHandler>
            <PluginDataHandler classKey="FormatProcessor">
                <Parameter type="" key="" value="TO_HUNDRED"/>
            </PluginDataHandler>
        </PluginDataHandlers>
    </MetricPlugin>
    <MetricPlugin metricid="memRate" collectType="SSH" pluginid="SshPlugin">
        <PluginResultMetaInfo columns="Memory"/>
        <PluginParameter type="ArrayType">
            <Parameter type="" key="COMMAND" value="/tmp/appinfo.sh"/>
        </PluginParameter>
        <PluginDataHandlers>
            <PluginDataHandler classKey="RegularFilter">
                <Parameter type="" key="REGULAR" value="&lt;get_pmemrate&gt;(.*)&lt;/get_pmemrate&gt;"/>
            </PluginDataHandler>
            <PluginDataHandler classKey="FormatProcessor">
                <Parameter type="" key="" value="TO_HUNDRED"/>
            </PluginDataHandler>
        </PluginDataHandlers>
    </MetricPlugin>
    <MetricPlugin metricid="totalMemSize" collectType="WMI" pluginid="WmiPlugin">
        <PluginResultMetaInfo columns="wmi_chk_pmemcap"/>
        <PluginParameter type="ArrayType">
            <Parameter type="" key="COMMAND" value="root\cimv2::SELECT TotalPhysicalMemory FROM Win32_ComputerSystem"/>
        </PluginParameter>
        <PluginDataHandlers>
            <PluginDataHandler classKey="selectProcessor">
                <Parameter type="" key="SELECT" value="SELECT (wmi_chk_pmemcap/1024/1024/1024) as totalMemSize"/>
            </PluginDataHandler>
        </PluginDataHandlers>
    </MetricPlugin>
    <MetricPlugin metricid="totalMemSize" collectType="SSH" pluginid="SshPlugin">
        <PluginResultMetaInfo columns="chk_common"/>
        <PluginParameter type="ArrayType">
            <Parameter type="" key="COMMAND" value="/tmp/os.sh"/>
        </PluginParameter>
        <PluginDataHandlers>
            <PluginDataHandler classKey="RegularFilter">
                <Parameter type="" key="REGULAR" value="&lt;memsize&gt;(\w+)&lt;/memsize&gt;"/>
            </PluginDataHandler>
            <PluginDataHandler classKey="selectProcessor">
                <Parameter type="" key="SELECT" value="SELECT (chk_common/1024) as totalMemSize"/>
            </PluginDataHandler>
        </PluginDataHandlers>
    </MetricPlugin>
    <MetricPlugin metricid="totalMemSize" collectType="TELNET" pluginid="TelnetPlugin">
        <PluginResultMetaInfo columns="chk_common"/>
        <PluginParameter type="ArrayType">
            <Parameter type="" key="COMMAND" value="/tmp/os.sh"/>
        </PluginParameter>
        <PluginDataHandlers>
            <PluginDataHandler classKey="RegularFilter">
                <Parameter type="" key="REGULAR" value="&lt;memsize&gt;(\w+)&lt;/memsize&gt;"/>
            </PluginDataHandler>
            <PluginDataHandler classKey="selectProcessor">
                <Parameter type="" key="SELECT" value="SELECT (chk_common/1024) as totalMemSize"/>
            </PluginDataHandler>
        </PluginDataHandlers>
    </MetricPlugin>
    <MetricPlugin metricid="hostName" collectType="WMI" pluginid="WmiPlugin">
        <PluginResultMetaInfo columns=""/>
        <PluginParameter type="ArrayType">
            <Parameter type="" key="COMMAND" value="root\cimv2::select Name from Win32_ComputerSystem"/>
        </PluginParameter>
    </MetricPlugin>
    <MetricPlugin metricid="hostName" collectType="SSH" pluginid="SshPlugin">
        <PluginResultMetaInfo columns=""/>
        <PluginParameter type="ArrayType">
            <Parameter type="" key="COMMAND" value="/tmp/os.sh"/>
        </PluginParameter>
        <PluginDataHandlers>
            <PluginDataHandler classKey="RegularFilter">
                <Parameter type="" key="REGULAR" value="&lt;hostname&gt;(\w+)&lt;/hostname&gt;"/>
            </PluginDataHandler>
        </PluginDataHandlers>
    </MetricPlugin>
    <MetricPlugin metricid="hostName" collectType="TELNET" pluginid="TelnetPlugin">
        <PluginResultMetaInfo columns=""/>
        <PluginParameter type="ArrayType">
            <Parameter type="" key="COMMAND" value="/tmp/os.sh"/>
        </PluginParameter>
        <PluginDataHandlers>
            <PluginDataHandler classKey="RegularFilter">
                <Parameter type="" key="REGULAR" value="&lt;hostname&gt;(\w+)&lt;/hostname&gt;"/>
            </PluginDataHandler>
        </PluginDataHandlers>
    </MetricPlugin>
    <MetricPlugin metricid="appMemRate" collectType="WMI" pluginid="WmiPlugin">
        <PluginResultMetaInfo columns="wmi_chk_memrate,wmi_chk_pmemcap"/>
        <PluginParameter type="ArrayType">
            <Parameter type="" key="COMMAND" value="root\cimv2::select WorkingSet from Win32_PerfFormattedData_PerfProc_Process where Name like '%java%'"/>
            <Parameter type="" key="COMMAND" value="root\cimv2::SELECT TotalPhysicalMemory FROM Win32_ComputerSystem"/>
        </PluginParameter>
        <PluginDataHandlers>
            <PluginDataHandler classKey="selectProcessor">
                <Parameter type="" key="SELECT" value="SELECT (sum(wmi_chk_memrate)*100/wmi_chk_pmemcap) as appMemRate"/>
            </PluginDataHandler>
            <PluginDataHandler classKey="FormatProcessor">
                <Parameter type="" key="" value="TO_HUNDRED"/>
            </PluginDataHandler>
        </PluginDataHandlers>
    </MetricPlugin>
    <MetricPlugin metricid="appMemRate" collectType="SSH" pluginid="SshPlugin">
        <PluginResultMetaInfo columns=""/>
        <PluginParameter type="ArrayType">
            <Parameter type="" key="COMMAND" value="/tmp/appinfo.sh javaw"/>
        </PluginParameter>
        <PluginDataHandlers>
            <PluginDataHandler classKey="RegularFilter">
                <Parameter type="" key="REGULAR" value="&lt;get_appmemrate&gt;([\s\S]*)&lt;/get_appmemrate&gt;"/>
            </PluginDataHandler>
            <PluginDataHandler classKey="FormatProcessor">
                <Parameter type="" key="" value="TO_HUNDRED"/>
            </PluginDataHandler>
        </PluginDataHandlers>
    </MetricPlugin>
    <MetricPlugin metricid="appMemRate" collectType="TELNET" pluginid="TelnetPlugin">
        <PluginResultMetaInfo columns=""/>
        <PluginParameter type="ArrayType">
            <Parameter type="" key="COMMAND" value="/tmp/appinfo.sh javaw"/>
        </PluginParameter>
        <PluginDataHandlers>
            <PluginDataHandler classKey="RegularFilter">
                <Parameter type="" key="REGULAR" value="&lt;get_appmemrate&gt;([\s\S]*)&lt;/get_appmemrate&gt;"/>
            </PluginDataHandler>
            <PluginDataHandler classKey="FormatProcessor">
                <Parameter type="" key="" value="TO_HUNDRED"/>
            </PluginDataHandler>
        </PluginDataHandlers>
    </MetricPlugin>
    <MetricPlugin metricid="appCpuRate" collectType="WMI" pluginid="WmiPlugin">
        <PluginResultMetaInfo columns="wmi_chk_cpurate,cpuCore"/>
        <PluginParameter type="ArrayType">
            <Parameter type="" key="COMMAND" value="root\cimv2::select PercentProcessorTime from Win32_PerfFormattedData_PerfProc_Thread where Name like '%java%'"/>
            <Parameter type="" key="COMMAND" value="root\cimv2::select name from Win32_PerfFormattedData_PerfOS_Processor where name !='_Total'"/>
        </PluginParameter>
        <PluginDataHandlers>
            <PluginDataHandler classKey="selectProcessor">
                <Parameter type="" key="SELECT" value="SELECT (sum(wmi_chk_cpurate))/count(cpuCore) as appCpuRate"/>
            </PluginDataHandler>
            <PluginDataHandler classKey="FormatProcessor">
                <Parameter type="" key="" value="TO_HUNDRED"/>
            </PluginDataHandler>
        </PluginDataHandlers>
    </MetricPlugin>
    <MetricPlugin metricid="appCpuRate" collectType="SSH" pluginid="SshPlugin">
        <PluginResultMetaInfo columns=""/>
        <PluginParameter type="ArrayType">
            <Parameter type="" key="COMMAND" value="/tmp/appinfo.sh javaw"/>
        </PluginParameter>
        <PluginDataHandlers>
            <PluginDataHandler classKey="RegularFilter">
                <Parameter type="" key="REGULAR" value="&lt;get_appcpurate&gt;([\s\S]*)&lt;/get_appcpurate&gt;"/>
            </PluginDataHandler>
            <PluginDataHandler classKey="FormatProcessor">
                <Parameter type="" key="" value="TO_HUNDRED"/>
            </PluginDataHandler>
        </PluginDataHandlers>
    </MetricPlugin>
    <MetricPlugin metricid="appCpuRate" collectType="TELNET" pluginid="TelnetPlugin">
        <PluginResultMetaInfo columns=""/>
        <PluginParameter type="ArrayType">
            <Parameter type="" key="COMMAND" value="/tmp/appinfo.sh javaw"/>
        </PluginParameter>
        <PluginDataHandlers>
            <PluginDataHandler classKey="RegularFilter">
                <Parameter type="" key="REGULAR" value="&lt;get_appcpurate&gt;([\s\S]*)&lt;/get_appcpurate&gt;"/>
            </PluginDataHandler>
            <PluginDataHandler classKey="FormatProcessor">
                <Parameter type="" key="" value="TO_HUNDRED"/>
            </PluginDataHandler>
        </PluginDataHandlers>
    </MetricPlugin>
    <MetricPlugin metricid="availability" collectType="SNMP" pluginid="SnmpPlugin">
        <PluginResultMetaInfo columns="index,avail"/>
        <PluginParameter type="ArrayType">
            <Parameter type="" key="method" value="walk"/>
            <Parameter type="" key="COMMAND" value="1.3.6.1.4.1.140.625.360.1.60"/>
        </PluginParameter>
        <PluginDataHandlers>
            <PluginDataHandler classKey="translateProcessor">
                <Parameter value="RUNNING,1;0" key="avail"/>
            </PluginDataHandler>
        </PluginDataHandlers>
    </MetricPlugin>
    <MetricPlugin metricid="Version" collectType="SNMP" pluginid="SnmpPlugin">
        <PluginResultMetaInfo columns=""/>
        <PluginParameter type="ArrayType">
            <Parameter type="" key="method" value="walk"/>
            <Parameter type="" key="COMMAND" value="1.3.6.1.4.1.140.625.360.1.65"/>
        </PluginParameter>
        <PluginDataHandlers>
            <PluginDataHandler classKey="RegularFilter">
                <Parameter value="WebLogic\s*Server\s*(\S+)" key="REGULAR"/>
            </PluginDataHandler>
        </PluginDataHandlers>
    </MetricPlugin>
    <MetricPlugin metricid="ServerName" collectType="SNMP" pluginid="SnmpPlugin">
        <PluginResultMetaInfo columns=""/>
        <PluginParameter type="ArrayType">
            <Parameter type="" key="method" value="walk"/>
            <Parameter type="" key="COMMAND" value="1.3.6.1.4.1.140.625.360.1.15"/>
        </PluginParameter>
    </MetricPlugin>
    <MetricPlugin metricid="SocketsOpdTotCnt" collectType="SNMP" pluginid="SnmpPlugin">
        <PluginResultMetaInfo columns=""/>
        <PluginParameter type="ArrayType">
            <Parameter type="" key="method" value="walk"/>
            <Parameter type="" key="COMMAND" value="1.3.6.1.4.1.140.625.360.1.82"/>
        </PluginParameter>
    </MetricPlugin>
    <MetricPlugin metricid="RestartsTotalCnt" collectType="SNMP" pluginid="SnmpPlugin">
        <PluginResultMetaInfo columns=""/>
        <PluginParameter type="ArrayType">
            <Parameter type="" key="method" value="walk"/>
            <Parameter type="" key="COMMAND" value="1.3.6.1.4.1.140.625.360.1.55"/>
        </PluginParameter>
    </MetricPlugin>
    <MetricPlugin metricid="CurHeapSize" collectType="SNMP" pluginid="SnmpPlugin">
        <PluginResultMetaInfo columns=""/>
        <PluginParameter type="ArrayType">
            <Parameter type="" key="method" value="walk"/>
            <Parameter type="" key="COMMAND" value="1.3.6.1.4.1.140.625.340.1.30"/>
        </PluginParameter>
    </MetricPlugin>
    <MetricPlugin metricid="HeapFreeCurrent" collectType="SNMP" pluginid="SnmpPlugin">
        <PluginResultMetaInfo columns=""/>
        <PluginParameter type="ArrayType">
            <Parameter type="" key="method" value="walk"/>
            <Parameter type="" key="COMMAND" value="1.3.6.1.4.1.140.625.340.1.25"/>
        </PluginParameter>
    </MetricPlugin>
    <MetricPlugin metricid="ClusterName" collectType="SNMP" pluginid="SnmpPlugin">
        <PluginResultMetaInfo columns=""/>
        <PluginParameter type="ArrayType">
            <Parameter type="" key="method" value="walk"/>
            <Parameter type="" key="COMMAND" value="1.3.6.1.4.1.140.625.110.1.15"/>
        </PluginParameter>
    </MetricPlugin>
    <MetricPlugin metricid="ResendRequestsCoun" collectType="SNMP" pluginid="SnmpPlugin">
        <PluginResultMetaInfo columns=""/>
        <PluginParameter type="ArrayType">
            <Parameter type="" key="method" value="walk"/>
            <Parameter type="" key="COMMAND" value="1.3.6.1.4.1.140.625.110.1.30"/>
        </PluginParameter>
    </MetricPlugin>
    <MetricPlugin metricid="MulticastMessagesL" collectType="SNMP" pluginid="SnmpPlugin">
        <PluginResultMetaInfo columns=""/>
        <PluginParameter type="ArrayType">
            <Parameter type="" key="method" value="walk"/>
            <Parameter type="" key="COMMAND" value="1.3.6.1.4.1.140.625.110.1.45"/>
        </PluginParameter>
    </MetricPlugin>
    <MetricPlugin metricid="ClusterAliveServer" collectType="SNMP" pluginid="SnmpPlugin">
        <PluginResultMetaInfo columns=""/>
        <PluginParameter type="ArrayType">
            <Parameter type="" key="method" value="walk"/>
            <Parameter type="" key="COMMAND" value="1.3.6.1.4.1.140.625.110.1.25"/>
        </PluginParameter>
        <PluginDataHandlers>
            <PluginDataHandler classKey="FormatProcessor">
                <Parameter value="INTEGER" type="" key=""/>
            </PluginDataHandler>
        </PluginDataHandlers>
    </MetricPlugin>
    <MetricPlugin metricid="JVMName" collectType="SNMP" pluginid="SnmpPlugin">
        <PluginResultMetaInfo columns="JVMIndex,JVMName"/>
        <PluginParameter type="ArrayType">
            <Parameter type="" key="method" value="walk"/>
            <Parameter type="" key="COMMAND" value="1.3.6.1.4.1.140.625.180.1.15"/>
        </PluginParameter>
        <PluginDataConverter classKey="subInstConverter">
            <Parameter type="" key="IndexColumnTitle" value="JVMName"/>
            <Parameter type="" key="ValueColumnTitle" value="JVMName"/>
        </PluginDataConverter>
    </MetricPlugin>
    <MetricPlugin metricid="JVMSerReqTotCnt" collectType="SNMP" pluginid="SnmpPlugin">
        <PluginResultMetaInfo columns="weblogicJVMIndex,JVMName,getJVMServicedRequestTotalCount"/>
        <PluginParameter type="ArrayType">
            <Parameter type="" key="method" value="walk"/>
            <Parameter type="" key="COMMAND" value="1.3.6.1.4.1.140.625.180.1.15"/>
            <Parameter type="" key="COMMAND" value="1.3.6.1.4.1.140.625.180.1.40"/>
        </PluginParameter>
        <PluginDataConverter classKey="subInstConverter">
            <Parameter type="" key="IndexColumnTitle" value="JVMName"/>
            <Parameter type="" key="ValueColumnTitle" value="getJVMServicedRequestTotalCount"/>
            <Parameter type="ResourceProperty" key="InstPropertyKey" value="JVMName"/>
        </PluginDataConverter>
    </MetricPlugin>
    <MetricPlugin metricid="JVMExeThCurIdleCnt" collectType="SNMP" pluginid="SnmpPlugin">
        <PluginResultMetaInfo columns="weblogicJVMIndex,JVMName,getJVMExecuteThreadCurrentIdleCount"/>
        <PluginParameter type="ArrayType">
            <Parameter type="" key="method" value="walk"/>
            <Parameter type="" key="COMMAND" value="1.3.6.1.4.1.140.625.180.1.15"/>
            <Parameter type="" key="COMMAND" value="1.3.6.1.4.1.140.625.180.1.25"/>
        </PluginParameter>
        <PluginDataConverter classKey="subInstConverter">
            <Parameter type="" key="IndexColumnTitle" value="JVMName"/>
            <Parameter type="" key="ValueColumnTitle" value="getJVMExecuteThreadCurrentIdleCount"/>
            <Parameter type="ResourceProperty" key="InstPropertyKey" value="JVMName"/>
        </PluginDataConverter>
    </MetricPlugin>
    <MetricPlugin metricid="JVMPdReqCurCnt" collectType="SNMP" pluginid="SnmpPlugin">
        <PluginResultMetaInfo columns="weblogicJVMIndex,JVMName,getJVMPendingRequestCurrentCount"/>
        <PluginParameter type="ArrayType">
            <Parameter type="" key="method" value="walk"/>
            <Parameter type="" key="COMMAND" value="1.3.6.1.4.1.140.625.180.1.15"/>
            <Parameter type="" key="COMMAND" value="1.3.6.1.4.1.140.625.180.1.35"/>
        </PluginParameter>
        <PluginDataConverter classKey="subInstConverter">
            <Parameter type="" key="IndexColumnTitle" value="JVMName"/>
            <Parameter type="" key="ValueColumnTitle" value="getJVMPendingRequestCurrentCount"/>
            <Parameter type="ResourceProperty" key="InstPropertyKey" value="JVMName"/>
        </PluginDataConverter>
    </MetricPlugin>
    <MetricPlugin metricid="JPJdbcPoolName" collectType="SNMP" pluginid="SnmpPlugin">
        <PluginResultMetaInfo columns="JPJdbcPoolName"/>
        <PluginParameter type="ArrayType">
            <Parameter type="" key="method" value="walk"/>
            <Parameter type="" key="COMMAND" value="1.3.6.1.4.1.140.625.190.1.15"/>
        </PluginParameter>
        <PluginDataConverter classKey="subInstConverter">
            <Parameter type="" key="IndexColumnTitle" value="JPJdbcPoolName"/>
            <Parameter type="" key="ValueColumnTitle" value="JPJdbcPoolName"/>
        </PluginDataConverter>
    </MetricPlugin>
    <MetricPlugin metricid="JPActiveConnCount" collectType="SNMP" pluginid="SnmpPlugin">
        <PluginResultMetaInfo columns="weblogicJPIndex,JPJdbcPoolName,getJPActiveConnCount"/>
        <PluginParameter type="ArrayType">
            <Parameter type="" key="method" value="walk"/>
            <Parameter type="" key="COMMAND" value="1.3.6.1.4.1.140.625.190.1.15"/>
            <Parameter type="" key="COMMAND" value="1.3.6.1.4.1.140.625.190.1.25"/>
        </PluginParameter>
        <PluginDataConverter classKey="subInstConverter">
            <Parameter type="" key="IndexColumnTitle" value="JPJdbcPoolName"/>
            <Parameter type="" key="ValueColumnTitle" value="getJPActiveConnCount"/>
            <Parameter type="ResourceProperty" key="InstPropertyKey" value="JPJdbcPoolName"/>
        </PluginDataConverter>
    </MetricPlugin>
    <MetricPlugin metricid="JPActiveConnAverag" collectType="SNMP" pluginid="SnmpPlugin">
        <PluginResultMetaInfo columns="weblogicJPIndex,JPJdbcPoolName,getJPActiveConnAverageCount"/>
        <PluginParameter type="ArrayType">
            <Parameter type="" key="method" value="walk"/>
            <Parameter type="" key="COMMAND" value="1.3.6.1.4.1.140.625.190.1.15"/>
            <Parameter type="" key="COMMAND" value="1.3.6.1.4.1.140.625.190.1.61"/>
        </PluginParameter>
        <PluginDataConverter classKey="subInstConverter">
            <Parameter type="" key="IndexColumnTitle" value="JPJdbcPoolName"/>
            <Parameter type="" key="ValueColumnTitle" value="getJPActiveConnAverageCount"/>
            <Parameter type="ResourceProperty" key="InstPropertyKey" value="JPJdbcPoolName"/>
        </PluginDataConverter>
    </MetricPlugin>
    <MetricPlugin metricid="JPCurWaitingConnCo" collectType="SNMP" pluginid="SnmpPlugin">
        <PluginResultMetaInfo columns="weblogicJPIndex,JPJdbcPoolName,getJPCurWaitingConnCount"/>
        <PluginParameter type="ArrayType">
            <Parameter type="" key="method" value="walk"/>
            <Parameter type="" key="COMMAND" value="1.3.6.1.4.1.140.625.190.1.15"/>
            <Parameter type="" key="COMMAND" value="1.3.6.1.4.1.140.625.190.1.45"/>
        </PluginParameter>
        <PluginDataConverter classKey="subInstConverter">
            <Parameter type="" key="IndexColumnTitle" value="JPJdbcPoolName"/>
            <Parameter type="" key="ValueColumnTitle" value="getJPCurWaitingConnCount"/>
            <Parameter type="ResourceProperty" key="InstPropertyKey" value="JPJdbcPoolName"/>
        </PluginDataConverter>
    </MetricPlugin>
    <MetricPlugin metricid="JPActiveConnection" collectType="SNMP" pluginid="SnmpPlugin">
        <PluginResultMetaInfo columns="weblogicJPIndex,JPJdbcPoolName,getJPActiveConnectionsHighCount"/>
        <PluginParameter type="ArrayType">
            <Parameter type="" key="method" value="walk"/>
            <Parameter type="" key="COMMAND" value="1.3.6.1.4.1.140.625.190.1.15"/>
            <Parameter type="" key="COMMAND" value="1.3.6.1.4.1.140.625.190.1.40"/>
        </PluginParameter>
        <PluginDataConverter classKey="subInstConverter">
            <Parameter type="" key="IndexColumnTitle" value="JPJdbcPoolName"/>
            <Parameter type="" key="ValueColumnTitle" value="getJPActiveConnectionsHighCount"/>
            <Parameter type="ResourceProperty" key="InstPropertyKey" value="JPJdbcPoolName"/>
        </PluginDataConverter>
    </MetricPlugin>
    <MetricPlugin metricid="JPConnectionDelayT" collectType="SNMP" pluginid="SnmpPlugin">
        <PluginResultMetaInfo columns="weblogicJPIndex,JPJdbcPoolName,getJPConnectionDelayTime"/>
        <PluginParameter type="ArrayType">
            <Parameter type="" key="method" value="walk"/>
            <Parameter type="" key="COMMAND" value="1.3.6.1.4.1.140.625.190.1.15"/>
            <Parameter type="" key="COMMAND" value="1.3.6.1.4.1.140.625.190.1.62"/>
        </PluginParameter>
        <PluginDataConverter classKey="subInstConverter">
            <Parameter type="" key="IndexColumnTitle" value="JPJdbcPoolName"/>
            <Parameter type="" key="ValueColumnTitle" value="getJPConnectionDelayTime"/>
            <Parameter type="ResourceProperty" key="InstPropertyKey" value="JPJdbcPoolName"/>
        </PluginDataConverter>
    </MetricPlugin>
    <MetricPlugin metricid="JPConnectionsTotal" collectType="SNMP" pluginid="SnmpPlugin">
        <PluginResultMetaInfo columns="weblogicJPIndex,JPJdbcPoolName,getJPConnectionsTotalCount"/>
        <PluginParameter type="ArrayType">
            <Parameter type="" key="method" value="walk"/>
            <Parameter type="" key="COMMAND" value="1.3.6.1.4.1.140.625.190.1.15"/>
            <Parameter type="" key="COMMAND" value="1.3.6.1.4.1.140.625.190.1.55"/>
        </PluginParameter>
        <PluginDataConverter classKey="subInstConverter">
            <Parameter type="" key="IndexColumnTitle" value="JPJdbcPoolName"/>
            <Parameter type="" key="ValueColumnTitle" value="getJPConnectionsTotalCount"/>
            <Parameter type="ResourceProperty" key="InstPropertyKey" value="JPJdbcPoolName"/>
        </PluginDataConverter>
    </MetricPlugin>
    <MetricPlugin metricid="JPLeakedConnCount" collectType="SNMP" pluginid="SnmpPlugin">
        <PluginResultMetaInfo columns="weblogicJPIndex,JPJdbcPoolName,getJPLeakedConnCount"/>
        <PluginParameter type="ArrayType">
            <Parameter type="" key="method" value="walk"/>
            <Parameter type="" key="COMMAND" value="1.3.6.1.4.1.140.625.190.1.15"/>
            <Parameter type="" key="COMMAND" value="1.3.6.1.4.1.140.625.190.1.68"/>
        </PluginParameter>
        <PluginDataConverter classKey="subInstConverter">
            <Parameter type="" key="IndexColumnTitle" value="JPJdbcPoolName"/>
            <Parameter type="" key="ValueColumnTitle" value="getJPLeakedConnCount"/>
            <Parameter type="ResourceProperty" key="InstPropertyKey" value="JPJdbcPoolName"/>
        </PluginDataConverter>
    </MetricPlugin>
</MetricPlugins>
