<?xml version="1.0" encoding="UTF-8"?>

<Capacity xmlns:xsi="http://www.w3.org/2001/XMLSchema-instance" version="1.0" xsi:noNamespaceSchemaLocation="../../../schema/Resource.xsd">  
  <SupportInfo> 
    <SupportName>Hardware</SupportName>  
    <PreSupportVersion>HP DL380G8</PreSupportVersion>  
    <ActualSupportVersion>HP DL380G8</ActualSupportVersion> 
  </SupportInfo>  
  <GlobalMetricSetting isEncrypt="FALSE" version="4.1.0"> 
    <GlobalIsEdit>false</GlobalIsEdit>  
    <GlobalIsMonitor>true</GlobalIsMonitor>  
    <GlobalDefaultMonitorFreq>day1</GlobalDefaultMonitorFreq>  
    <GlobalsupportMonitorFreq>min1,min5,min10,hour1,day1</GlobalsupportMonitorFreq>  
    <GlobalIsAlert>true</GlobalIsAlert>  
    <GlobalDefaultFlapping>1</GlobalDefaultFlapping> 
  </GlobalMetricSetting>
  <Resource id="hpdl380" category="HPServer" icon="HPServer.png" name="HP DL380" description="HP DL380服务器"> 
  <Metrics>
    <Metric id="PowerStatus" style="AvailabilityMetric" name="电源状态" description="电源状态" unit=""> 
        <IsDisplay displayOrder="1000">true</IsDisplay>  
        <IsMonitor>true</IsMonitor>  
        <IsEdit>false</IsEdit>  
        <DefaultMonitorFreq>min1</DefaultMonitorFreq>  
        <SupportMonitorFreq>sec30,min1,min5,min10,min30,hour1</SupportMonitorFreq>  
        <IsAlert>true</IsAlert>  
        <DefaultFlapping>2</DefaultFlapping> 
      </Metric>
    <Metric id="AmbientTemp" style="PerformanceMetric" name="环境温度" description="环境温度" unit="degree C"> 
        <IsDisplay displayOrder="1010">true</IsDisplay>  
        <IsMonitor>true</IsMonitor>  
        <IsEdit>false</IsEdit>  
        <DefaultMonitorFreq>min5</DefaultMonitorFreq>  
        <SupportMonitorFreq>min1,min5,min10,min30,hour1,hour4,hour8</SupportMonitorFreq>  
        <IsAlert>false</IsAlert>  
        <DefaultFlapping>1</DefaultFlapping>  
        <Thresholds> 
          <Threshold operator="&gt;" defaultvalue="5" stateid="Normal"/>  
          <Threshold operator="&gt;" defaultvalue="40" stateid="Minor"/>  
          <Threshold operator="&gt;" defaultvalue="50" stateid="Major"/> 
        </Thresholds> 
      </Metric>
      <Metric id="PowerOverload" style="InformationMetric" name="电源过载状态" description="电源过载状态" unit=""> 
        <IsDisplay displayOrder="1200">true</IsDisplay>  
        <IsMonitor>true</IsMonitor>  
        <IsEdit>false</IsEdit>  
        <DefaultMonitorFreq>min5</DefaultMonitorFreq>  
        <SupportMonitorFreq>min1,min5,min10,min30,hour1,hour4,hour8</SupportMonitorFreq>  
        <IsAlert>false</IsAlert>  
        <DefaultFlapping>1</DefaultFlapping> 
      </Metric>  
      <Metric id="MainPowerFault" style="InformationMetric" name="主电源错误状态" description="主电源错误状态" unit=""> 
        <IsDisplay displayOrder="1210">true</IsDisplay>  
        <IsMonitor>true</IsMonitor>  
        <IsEdit>false</IsEdit>  
        <DefaultMonitorFreq>min5</DefaultMonitorFreq>  
        <SupportMonitorFreq>min1,min5,min10,min30,hour1,hour4,hour8</SupportMonitorFreq>  
        <IsAlert>false</IsAlert>  
        <DefaultFlapping>1</DefaultFlapping> 
      </Metric>
      <Metric id="PoweControFaul" style="InformationMetric" name="电源管理错误状态" description="电源管理错误状态" unit=""> 
        <IsDisplay displayOrder="1220">true</IsDisplay>  
        <IsMonitor>true</IsMonitor>  
        <IsEdit>false</IsEdit>  
        <DefaultMonitorFreq>min5</DefaultMonitorFreq>  
        <SupportMonitorFreq>min1,min5,min10,min30,hour1,hour4,hour8</SupportMonitorFreq>  
        <IsAlert>false</IsAlert>  
        <DefaultFlapping>1</DefaultFlapping> 
      </Metric>
      <Metric id="DriveFault" style="InformationMetric" name="驱动器错误状态" description="驱动器错误状态" unit=""> 
        <IsDisplay displayOrder="1230">true</IsDisplay>  
        <IsMonitor>true</IsMonitor>  
        <IsEdit>false</IsEdit>  
        <DefaultMonitorFreq>min5</DefaultMonitorFreq>  
        <SupportMonitorFreq>min1,min5,min10,min30,hour1,hour4,hour8</SupportMonitorFreq>  
        <IsAlert>false</IsAlert>  
        <DefaultFlapping>1</DefaultFlapping> 
      </Metric> 
      <Metric id="CoolinFaFaul" style="InformationMetric" name="风扇/制冷错误状态" description="风扇/制冷错误状态" unit=""> 
        <IsDisplay displayOrder="1240">true</IsDisplay>  
        <IsMonitor>true</IsMonitor>  
        <IsEdit>false</IsEdit>  
        <DefaultMonitorFreq>min5</DefaultMonitorFreq>  
        <SupportMonitorFreq>min1,min5,min10,min30,hour1,hour4,hour8</SupportMonitorFreq>  
        <IsAlert>false</IsAlert>  
        <DefaultFlapping>1</DefaultFlapping> 
      </Metric> 
      
      <Metric id="ProductName" style="InformationMetric" name="产品名称" description="产品名称" unit=""> 
        <IsDisplay displayOrder="1300">true</IsDisplay>  
        <IsMonitor>true</IsMonitor>  
        <IsEdit>false</IsEdit>  
        <DefaultMonitorFreq>day1</DefaultMonitorFreq>  
        <SupportMonitorFreq>hour1,day1</SupportMonitorFreq>  
        <IsAlert>false</IsAlert>  
        <DefaultFlapping>1</DefaultFlapping> 
      </Metric>
      <Metric id="ProductSerial" style="InformationMetric" name="产品序列号" description="产品序列号" unit=""> 
        <IsDisplay displayOrder="1330">true</IsDisplay>  
        <IsMonitor>true</IsMonitor>  
        <IsEdit>false</IsEdit>  
        <DefaultMonitorFreq>day1</DefaultMonitorFreq>  
        <SupportMonitorFreq>hour1,day1</SupportMonitorFreq>  
        <IsAlert>false</IsAlert>  
        <DefaultFlapping>1</DefaultFlapping> 
      </Metric> 
      <Metric id="ProductPartNumber" style="InformationMetric" name="产品零件号" description="产品零件号" unit=""> 
        <IsDisplay displayOrder="1310">true</IsDisplay>  
        <IsMonitor>true</IsMonitor>  
        <IsEdit>false</IsEdit>  
        <DefaultMonitorFreq>day1</DefaultMonitorFreq>  
        <SupportMonitorFreq>hour1,day1</SupportMonitorFreq>  
        <IsAlert>false</IsAlert>  
        <DefaultFlapping>1</DefaultFlapping> 
      </Metric> 
      <Metric id="BoardProductName" style="InformationMetric" name="主板产品名" description="主板产品名" unit=""> 
        <IsDisplay displayOrder="1370">true</IsDisplay>  
        <IsMonitor>true</IsMonitor>  
        <IsEdit>false</IsEdit>  
        <DefaultMonitorFreq>day1</DefaultMonitorFreq>  
        <SupportMonitorFreq>hour1,day1</SupportMonitorFreq>  
        <IsAlert>false</IsAlert>  
        <DefaultFlapping>1</DefaultFlapping> 
      </Metric>
       <Metric id="BoardSerialNumber" style="InformationMetric" name="主板序列号" description="主板序列号" unit=""> 
        <IsDisplay displayOrder="1380">true</IsDisplay>  
        <IsMonitor>true</IsMonitor>  
        <IsEdit>false</IsEdit>  
        <DefaultMonitorFreq>day1</DefaultMonitorFreq>  
        <SupportMonitorFreq>hour1,day1</SupportMonitorFreq>  
        <IsAlert>false</IsAlert>  
        <DefaultFlapping>1</DefaultFlapping> 
      </Metric>
      <Metric id="BoardPartNumber" style="InformationMetric" name="主板零件号" description="主板零件号" unit=""> 
        <IsDisplay displayOrder="1390">true</IsDisplay>  
        <IsMonitor>true</IsMonitor>  
        <IsEdit>false</IsEdit>  
        <DefaultMonitorFreq>day1</DefaultMonitorFreq>  
        <SupportMonitorFreq>hour1,day1</SupportMonitorFreq>  
        <IsAlert>false</IsAlert>  
        <DefaultFlapping>1</DefaultFlapping> 
      </Metric>
  </Metrics>
  <Properties> 
      <Property id="ProductName" name="ProductName" metricid="ProductName"/>    
      <Property id="BoardSerialNumber" name="BoardSerialNumber" metricid="BoardSerialNumber"/> 
    </Properties>  
    <Instantiation InstanceId="ProductName,BoardSerialNumber" InstanceName="ProductName"/>  
  </Resource>
  <Resource id="hpdl380Fan" type="Fan" icon="" name="风扇" description="风扇" parentid="hpdl380"> 
     <Metrics> 
      <Metric id="fanIndex" style="InformationMetric" name="风扇索引" description="风扇索引" unit=""> 
        <IsDisplay displayOrder="3000">false</IsDisplay>  
        <IsMonitor>false</IsMonitor>  
        <IsEdit>false</IsEdit>  
        <DefaultMonitorFreq>day1</DefaultMonitorFreq>  
        <SupportMonitorFreq>hour1,day1</SupportMonitorFreq>  
        <IsAlert>false</IsAlert>  
        <DefaultFlapping>1</DefaultFlapping> 
      </Metric>  
      <Metric id="fanStatus" style="AvailabilityMetric" name="风扇状态" description="风扇状态" unit=""> 
        <IsDisplay displayOrder="3010">true</IsDisplay>  
        <IsMonitor>true</IsMonitor>  
        <IsEdit>false</IsEdit>  
        <DefaultMonitorFreq>min1</DefaultMonitorFreq>  
        <SupportMonitorFreq>sec30,min1,min5,min10,min30,hour1</SupportMonitorFreq>  
        <IsAlert>false</IsAlert>  
        <DefaultFlapping>2</DefaultFlapping> 
      </Metric>
    </Metrics>  
    <Properties> 
      <Property id="fanIndex" name="fanIndex" metricid="fanIndex"/> 
    </Properties>  
    <Instantiation InstanceId="fanIndex" InstanceName="fanIndex"/> 
  </Resource>
  <Resource id="hpdl380Power" type="Power" icon="" name="电源" description="电源" parentid="hpdl380"> 
    <Metrics> 
      <Metric id="powerIndex" style="InformationMetric" name="电源索引" description="电源索引" unit=""> 
        <IsDisplay displayOrder="4000">false</IsDisplay>  
        <IsMonitor>false</IsMonitor>  
        <IsEdit>false</IsEdit>  
        <DefaultMonitorFreq>day1</DefaultMonitorFreq>  
        <SupportMonitorFreq>hour1,day1</SupportMonitorFreq>  
        <IsAlert>false</IsAlert>  
        <DefaultFlapping>1</DefaultFlapping> 
      </Metric>  
      <Metric id="powerStatus" style="AvailabilityMetric" name="状态" description="状态" unit=""> 
        <IsDisplay displayOrder="4010">true</IsDisplay>  
        <IsMonitor>true</IsMonitor>  
        <IsEdit>false</IsEdit>  
        <DefaultMonitorFreq>min1</DefaultMonitorFreq>  
        <SupportMonitorFreq>sec30,min1,min5,min10,min30,hour1</SupportMonitorFreq>  
        <IsAlert>false</IsAlert>  
        <DefaultFlapping>2</DefaultFlapping> 
      </Metric> 
      <Metric id="powerWattes" style="InformationMetric" name="功率" description="功率" unit="Watts"> 
        <IsDisplay displayOrder="4020">true</IsDisplay>  
        <IsMonitor>true</IsMonitor>  
        <IsEdit>false</IsEdit>  
        <DefaultMonitorFreq>day1</DefaultMonitorFreq>  
        <SupportMonitorFreq>hour1,day1</SupportMonitorFreq>  
        <IsAlert>false</IsAlert>  
        <DefaultFlapping>2</DefaultFlapping> 
      </Metric>
    </Metrics>  
    <Properties> 
      <Property id="powerIndex" name="powerIndex" metricid="powerIndex"/> 
    </Properties>  
    <Instantiation InstanceId="powerIndex" InstanceName="powerIndex"/> 
  </Resource>
  <Resource id="hpdl380Memory" type="Memory" icon="" name="内存" description="内存" parentid="hpdl380"> 
    <Metrics> 
      <Metric id="MemoryIndex" style="InformationMetric" name="内存索引" description="内存索引" unit=""> 
        <IsDisplay displayOrder="5000">false</IsDisplay>  
        <IsMonitor>false</IsMonitor>  
        <IsEdit>false</IsEdit>  
        <DefaultMonitorFreq>day1</DefaultMonitorFreq>  
        <SupportMonitorFreq>hour1,day1</SupportMonitorFreq>  
        <IsAlert>false</IsAlert>  
        <DefaultFlapping>1</DefaultFlapping> 
      </Metric>  
      <Metric id="MemoryStatus" style="AvailabilityMetric" name="内存状态" description="内存状态" unit=""> 
        <IsDisplay displayOrder="5010">true</IsDisplay>  
        <IsMonitor>true</IsMonitor>  
        <IsEdit>false</IsEdit>  
        <DefaultMonitorFreq>min1</DefaultMonitorFreq>  
        <SupportMonitorFreq>sec30,min1,min5,min10,min30,hour1</SupportMonitorFreq>  
        <IsAlert>false</IsAlert>  
        <DefaultFlapping>2</DefaultFlapping> 
      </Metric> 
    </Metrics>  
    <Properties> 
      <Property id="MemoryIndex" name="MemoryIndex" metricid="MemoryIndex"/> 
    </Properties>  
    <Instantiation InstanceId="MemoryIndex" InstanceName="MemoryIndex"/> 
  </Resource>
</Capacity>