<?xml version="1.0" encoding="UTF-8"?>

<MetricPlugins xmlns:xsi="http://www.w3.org/2001/XMLSchema-instance" version="1.0" xsi:noNamespaceSchemaLocation="../../../schema/Collect.xsd">
    <GlobalMetricSetting isEncrypt="FALSE" version="4.1.0"/>
    <PluginClassAliasList>
        <PluginClassAlias id="defaultProcessor" class="com.mainsteam.stm.plugin.common.DefaultResultSetProcessor"/>
        <PluginClassAlias id="defaultConverter" class="com.mainsteam.stm.plugin.common.DefaultResultSetConverter"/>
        <PluginClassAlias id="selectProcessor" class="com.mainsteam.stm.plugin.common.SelectResultSetProcessor"/>
        <PluginClassAlias id="columnPasteProcessor" class="com.mainsteam.stm.plugin.common.ColumnPasteProcessor"/>
        <PluginClassAlias id="RegularFilter" class="com.mainsteam.stm.plugin.common.RegularFilter"/>
        <PluginClassAlias id="subInstConverter" class="com.mainsteam.stm.plugin.common.SubInstResultSetConverter"/>
        <PluginClassAlias id="availableConverter" class="com.mainsteam.stm.plugin.common.AvailableConverter"/>
        <PluginClassAlias id="tableConverter" class="com.mainsteam.stm.plugin.common.TableResultSetConverter"/>
        <PluginClassAlias id="translateProcessor" class="com.mainsteam.stm.plugin.common.TranslateResultSetProcessor"/>
        <PluginClassAlias id="ChangeRateProcessor" class="com.mainsteam.stm.plugin.common.ChangeRateProcessor"/>
        <PluginClassAlias id="rowFilterProcessor" class="com.mainsteam.stm.plugin.common.RowFilterProcessor"/>
        <PluginClassAlias id="FormatProcessor" class="com.mainsteam.stm.plugin.common.FormatProcessor"/>
    </PluginClassAliasList>
    <MetricPlugin metricid="PowerStatus" collectType="" pluginid="IpmiPlugin">
        <PluginResultMetaInfo columns=""/>
        <PluginParameter type="ArrayType">
            <Parameter key="tool" value="ipmitool"/>
            <Parameter key="command" value="power status"/>
        </PluginParameter>
        <PluginDataHandlers>
            <PluginDataHandler classKey="RegularFilter">
                <Parameter type="" key="REGULAR" value="Chassis Power is (on)"/>
            </PluginDataHandler>
            <PluginDataHandler classKey="translateProcessor">
                <Parameter type="" key="" value="on,1;0"/>
            </PluginDataHandler>
            <PluginDataHandler classKey="availableConverter"/>
        </PluginDataHandlers>
    </MetricPlugin>
    <MetricPlugin metricid="AmbientTemp" collectType="" pluginid="IpmiPlugin">
        <PluginResultMetaInfo columns=""/>
        <PluginParameter type="ArrayType">
            <Parameter key="tool" value="ipmitool"/>
            <Parameter key="command" value="sdr elist all"/>
        </PluginParameter>
        <PluginDataHandlers>
            <PluginDataHandler classKey="RegularFilter">
                <Parameter type="" key="REGULAR" value="Ambient Temp\s*\|\s*\S*\s*\|\s*\S*\s*\|\s*7\.\d\s*\|\s*(\d*)"/>
            </PluginDataHandler>
        </PluginDataHandlers>
    </MetricPlugin>
    <MetricPlugin metricid="AmbientTempStatus" collectType="" pluginid="IpmiPlugin">
        <PluginResultMetaInfo columns=""/>
        <PluginParameter type="ArrayType">
            <Parameter key="tool" value="ipmitool"/>
            <Parameter key="command" value="sdr elist all"/>
        </PluginParameter>
        <PluginDataHandlers>
            <PluginDataHandler classKey="RegularFilter">
                <Parameter type="" key="REGULAR" value="Ambient Temp\s*\|\s*\S*\s*\|\s*(\S*)\s*\|\s*7\.\d\s*\|\s*\d*"/>
            </PluginDataHandler>
            <PluginDataHandler classKey="translateProcessor">
                <Parameter type="" key="" value="ok,正常;ns,无状态;异常"/>
            </PluginDataHandler>
        </PluginDataHandlers>
    </MetricPlugin>
    <MetricPlugin metricid="CMOSBatteryStatus" collectType="" pluginid="IpmiPlugin">
        <PluginResultMetaInfo columns=""/>
        <PluginParameter type="ArrayType">
            <Parameter key="tool" value="ipmitool"/>
            <Parameter key="command" value="sdr elist all"/>
        </PluginParameter>
        <PluginDataHandlers>
            <PluginDataHandler classKey="RegularFilter">
                <Parameter type="" key="REGULAR" value="CMOS Battery\s+\|[^\|]+\|\s+(\S+)"/>
            </PluginDataHandler>
            <PluginDataHandler classKey="translateProcessor">
                <Parameter type="" key="" value="ok,正常;ns,无状态;异常"/>
            </PluginDataHandler>
        </PluginDataHandlers>
    </MetricPlugin>
    <MetricPlugin metricid="ROMBBatteryStatus" collectType="" pluginid="IpmiPlugin">
        <PluginResultMetaInfo columns=""/>
        <PluginParameter type="ArrayType">
            <Parameter key="tool" value="ipmitool"/>
            <Parameter key="command" value="sdr elist all"/>
        </PluginParameter>
        <PluginDataHandlers>
            <PluginDataHandler classKey="RegularFilter">
                <Parameter type="" key="REGULAR" value="ROMB Battery\s+\|[^\|]+\|\s+(\S+)"/>
            </PluginDataHandler>
            <PluginDataHandler classKey="translateProcessor">
                <Parameter type="" key="" value="ok,正常;ns,无状态;异常"/>
            </PluginDataHandler>
        </PluginDataHandlers>
    </MetricPlugin>
    <MetricPlugin metricid="PCIEFatalErrStatus" collectType="" pluginid="IpmiPlugin">
        <PluginResultMetaInfo columns=""/>
        <PluginParameter type="ArrayType">
            <Parameter key="tool" value="ipmitool"/>
            <Parameter key="command" value="sdr elist all"/>
        </PluginParameter>
        <PluginDataHandlers>
            <PluginDataHandler classKey="RegularFilter">
                <Parameter type="" key="REGULAR" value="PCIE Fatal Err\s+\|[^\|]+\|\s+(\S+)"/>
            </PluginDataHandler>
            <PluginDataHandler classKey="translateProcessor">
                <Parameter type="" key="" value="ok,正常;ns,无状态;异常"/>
            </PluginDataHandler>
        </PluginDataHandlers>
    </MetricPlugin>
    <MetricPlugin metricid="MemCRCErrStatus" collectType="" pluginid="IpmiPlugin">
        <PluginResultMetaInfo columns=""/>
        <PluginParameter type="ArrayType">
            <Parameter key="tool" value="ipmitool"/>
            <Parameter key="command" value="sdr elist all"/>
        </PluginParameter>
        <PluginDataHandlers>
            <PluginDataHandler classKey="RegularFilter">
                <Parameter type="" key="REGULAR" value="Mem CRC Err\s+\|[^\|]+\|\s+(\S+)"/>
            </PluginDataHandler>
            <PluginDataHandler classKey="translateProcessor">
                <Parameter type="" key="" value="ok,正常;ns,无状态;异常"/>
            </PluginDataHandler>
        </PluginDataHandlers>
    </MetricPlugin>
    <MetricPlugin metricid="MemOvertempStatus" collectType="" pluginid="IpmiPlugin">
        <PluginResultMetaInfo columns=""/>
        <PluginParameter type="ArrayType">
            <Parameter key="tool" value="ipmitool"/>
            <Parameter key="command" value="sdr elist all"/>
        </PluginParameter>
        <PluginDataHandlers>
            <PluginDataHandler classKey="RegularFilter">
                <Parameter type="" key="REGULAR" value="Mem Overtemp\s+\|[^\|]+\|\s+(\S+)"/>
            </PluginDataHandler>
            <PluginDataHandler classKey="translateProcessor"> 
                <Parameter type="" key="" value="ok,正常;ns,无状态;异常"/>
            </PluginDataHandler>
        </PluginDataHandlers>
    </MetricPlugin>
    <MetricPlugin metricid="PowerOverloadStatus" collectType="" pluginid="IpmiPlugin">
        <PluginResultMetaInfo columns=""/>
        <PluginParameter type="ArrayType">
            <Parameter key="tool" value="ipmitool"/>
            <Parameter type="" key="command" value="chassis status"/>
        </PluginParameter>
        <PluginDataHandlers>
            <PluginDataHandler classKey="RegularFilter">
                <Parameter type="" key="REGULAR" value="Power Overload\s+:\s(\S+)"/>
            </PluginDataHandler>
            <PluginDataHandler classKey="translateProcessor">
                <Parameter type="" key="" value="false,正常;异常"/>
            </PluginDataHandler>
        </PluginDataHandlers>
    </MetricPlugin>
    <MetricPlugin metricid="MainPowerFaultStatus" collectType="" pluginid="IpmiPlugin">
        <PluginResultMetaInfo columns=""/>
        <PluginParameter type="ArrayType">
            <Parameter key="tool" value="ipmitool"/>
            <Parameter type="" key="command" value="chassis status"/>
        </PluginParameter>
        <PluginDataHandlers>
            <PluginDataHandler classKey="RegularFilter">
                <Parameter type="" key="REGULAR" value="Main Power Fault\s+:\s(\S+)"/>
            </PluginDataHandler>
            <PluginDataHandler classKey="translateProcessor">
                <Parameter type="" key="" value="false,正常;异常"/>
            </PluginDataHandler>
        </PluginDataHandlers>
    </MetricPlugin>
    <MetricPlugin metricid="PoweControFaulStatu" collectType="" pluginid="IpmiPlugin">
        <PluginResultMetaInfo columns=""/>
        <PluginParameter type="ArrayType">
            <Parameter key="tool" value="ipmitool"/>
            <Parameter type="" key="command" value="chassis status"/>
        </PluginParameter>
        <PluginDataHandlers>
            <PluginDataHandler classKey="RegularFilter">
                <Parameter type="" key="REGULAR" value="Power Control Fault\s+:\s(\S+)"/>
            </PluginDataHandler>
            <PluginDataHandler classKey="translateProcessor">
                <Parameter type="" key="" value="false,正常;异常"/>
            </PluginDataHandler>
        </PluginDataHandlers>
    </MetricPlugin>
    <MetricPlugin metricid="DriveFaultStatus" collectType="" pluginid="IpmiPlugin">
        <PluginResultMetaInfo columns=""/>
        <PluginParameter type="ArrayType">
            <Parameter key="tool" value="ipmitool"/>
            <Parameter type="" key="command" value="chassis status"/>
        </PluginParameter>
        <PluginDataHandlers>
            <PluginDataHandler classKey="RegularFilter">
                <Parameter type="" key="REGULAR" value="Drive Fault\s+:\s(\S+)"/>
            </PluginDataHandler>
            <PluginDataHandler classKey="translateProcessor">
                <Parameter type="" key="" value="false,正常;异常"/>
            </PluginDataHandler>
        </PluginDataHandlers>
    </MetricPlugin>
    <MetricPlugin metricid="CoolinFaFaulStatu" collectType="" pluginid="IpmiPlugin">
        <PluginResultMetaInfo columns=""/>
        <PluginParameter type="ArrayType">
            <Parameter key="tool" value="ipmitool"/>
            <Parameter type="" key="command" value="chassis status"/>
        </PluginParameter>
        <PluginDataHandlers>
            <PluginDataHandler classKey="RegularFilter">
                <Parameter type="" key="REGULAR" value="Cooling/Fan Fault\s+:\s(\S+)"/>
            </PluginDataHandler>
            <PluginDataHandler classKey="translateProcessor">
                <Parameter type="" key="" value="false,正常;异常"/>
            </PluginDataHandler>
        </PluginDataHandlers>
    </MetricPlugin>
    <MetricPlugin metricid="HostName" collectType="" pluginid="IpmiPlugin">
        <PluginResultMetaInfo columns=""/>
        <PluginParameter type="ArrayType">
            <Parameter key="tool" value="ipmitool"/>
            <Parameter type="" key="command" value="fru"/>
        </PluginParameter>
        <PluginDataHandlers>
            <PluginDataHandler classKey="RegularFilter">
                <Parameter type="" key="REGULAR" value="Board Product\s+:\s(Pow[^\r^\n]+)"/>
            </PluginDataHandler>
        </PluginDataHandlers>
    </MetricPlugin>
    <!--
      <MetricPlugin metricid="DIMMSlotNum" collectType="" pluginid="IpmiPlugin">
          <PluginResultMetaInfo columns="DIMMSlotUsed" />
          <PluginParameter type="ArrayType">
              <Parameter key="tool" value="ipmish" />
              <Parameter type="" key="command" value="sensor discrete" />
          </PluginParameter>
          <PluginDataHandlers>
              <PluginDataHandler classKey="RegularFilter">
                  <Parameter type="" key="REGULAR" value="Probe Name\s*:\s*DIMM SLOT\s* (.+)" />
              </PluginDataHandler>
              <PluginDataHandler classKey="selectProcessor">
                  <Parameter type="" key="SELECT" value="SELECT count(DIMMSlotUsed) as DIMMSlotUsed" />
              </PluginDataHandler>
          </PluginDataHandlers>
      </MetricPlugin>
      <MetricPlugin metricid="DIMMSlotUsed" collectType="" pluginid="IpmiPlugin">
          <PluginResultMetaInfo columns="DIMMSlotUsed" />
          <PluginParameter type="ArrayType">
              <Parameter key="tool" value="ipmish" />
              <Parameter type="" key="command" value="sensor discrete" />
          </PluginParameter>
          <PluginDataHandlers>
              <PluginDataHandler classKey="RegularFilter">
                  <Parameter type="" key="REGULAR" value="Status\s*:\s*Presence Detected\nProbe Name\s*:\s*DIMM SLOT\s* (.+)" />
              </PluginDataHandler>
              <PluginDataHandler classKey="selectProcessor">
                  <Parameter type="" key="SELECT" value="SELECT count(DIMMSlotUsed) as DIMMSlotUsed" />
              </PluginDataHandler>
          </PluginDataHandlers>
      </MetricPlugin>
      -->
    <MetricPlugin metricid="servicePort" collectType="" pluginid="IpmiPlugin">
        <PluginResultMetaInfo columns=""/>
        <PluginParameter type="ArrayType">
            <Parameter key="tool" value="ipmitool"/>
            <Parameter type="" key="command" value="Get_ServicePort"/>
        </PluginParameter>
    </MetricPlugin>
    <MetricPlugin metricid="ProductModel" collectType="" pluginid="IpmiPlugin">
        <PluginResultMetaInfo columns="model"/>
        <PluginParameter type="ArrayType">
            <Parameter key="tool" value="ipmitool"/>
            <Parameter type="" key="command" value="fru"/>
        </PluginParameter>
        <PluginDataHandlers>
            <PluginDataHandler classKey="RegularFilter">
                <Parameter type="" key="REGULAR" value="Board Product\s+:\s(Pow.+)"/>
            </PluginDataHandler>
            <PluginDataHandler classKey="selectProcessor">
                <Parameter value="select first(model) as model" key="SELECT"/>
            </PluginDataHandler>
        </PluginDataHandlers>
    </MetricPlugin>
    <MetricPlugin metricid="ServiceTag" collectType="" pluginid="IpmiPlugin">
        <PluginResultMetaInfo columns=""/>
        <PluginParameter type="ArrayType">
            <Parameter key="tool" value="ipmitool"/>
            <Parameter type="" key="command" value="fru"/>
        </PluginParameter>
        <PluginDataHandlers>
            <PluginDataHandler classKey="RegularFilter">
                <Parameter type="" key="REGULAR" value="Board Serial\s+:\s(.+)"/>
            </PluginDataHandler>
        </PluginDataHandlers>
    </MetricPlugin>
    <MetricPlugin metricid="SystemOSName" collectType="" pluginid="IpmiPlugin">
        <PluginResultMetaInfo columns=""/>
        <PluginParameter type="ArrayType">
            <Parameter key="tool" value="ipmitool"/>
            <Parameter type="" key="command" value="mc getsysinfo os_name"/>
        </PluginParameter>
    </MetricPlugin>
    <!--
      <MetricPlugin metricid="BoardLanguageCode" collectType="" pluginid="IpmiPlugin">
          <PluginResultMetaInfo columns="" />
          <PluginParameter type="ArrayType">
              <Parameter key="tool" value="ipmish" />
              <Parameter type="" key="command" value="sysinfo fru" />
          </PluginParameter>
          <PluginDataHandlers>
              <PluginDataHandler classKey="RegularFilter">
                  <Parameter type="" key="REGULAR" value="Board Language Code\s+:\s([^\r^\n]+)" />
              </PluginDataHandler>
          </PluginDataHandlers>
      </MetricPlugin>
      -->
    <MetricPlugin metricid="BoardProductName" collectType="" pluginid="IpmiPlugin">
        <PluginResultMetaInfo columns="model"/>
        <PluginParameter type="ArrayType">
            <Parameter key="tool" value="ipmitool"/>
            <Parameter type="" key="command" value="fru"/>
        </PluginParameter>
        <PluginDataHandlers>
            <PluginDataHandler classKey="RegularFilter">
                <Parameter type="" key="REGULAR" value="Board Product\s+:\s(Pow.+)"/>
            </PluginDataHandler>
            <PluginDataHandler classKey="selectProcessor">
                <Parameter value="select first(model) as model" key="SELECT"/>
            </PluginDataHandler>
        </PluginDataHandlers>
    </MetricPlugin>
    <MetricPlugin metricid="BoardSerialNumber" collectType="" pluginid="IpmiPlugin">
        <PluginResultMetaInfo columns="model"/>
        <PluginParameter type="ArrayType">
            <Parameter key="tool" value="ipmitool"/>
            <Parameter type="" key="command" value="fru"/>
        </PluginParameter>
        <PluginDataHandlers>
            <PluginDataHandler classKey="RegularFilter">
                <Parameter type="" key="REGULAR" value="Board Serial\s+:\s(.+)"/>
            </PluginDataHandler>
            <PluginDataHandler classKey="selectProcessor">
                <Parameter value="select first(model) as model" key="SELECT"/>
            </PluginDataHandler>
        </PluginDataHandlers>
    </MetricPlugin>
    <MetricPlugin metricid="BoardPartNumber" collectType="" pluginid="IpmiPlugin">
        <PluginResultMetaInfo columns="model"/>
        <PluginParameter type="ArrayType">
            <Parameter key="tool" value="ipmitool"/>
            <Parameter type="" key="command" value="fru"/>
        </PluginParameter>
        <PluginDataHandlers>
            <PluginDataHandler classKey="RegularFilter">
                <Parameter type="" key="REGULAR" value="Board Part Number\s+:\s(.+)"/>
            </PluginDataHandler>
            <PluginDataHandler classKey="selectProcessor">
                <Parameter value="select first(model) as model" key="SELECT"/>
            </PluginDataHandler>
        </PluginDataHandlers>
    </MetricPlugin>
    <!-- Fan -->
    <MetricPlugin metricid="fanIndex" collectType="" pluginid="IpmiPlugin">
        <PluginResultMetaInfo columns="fanIndex"/>
        <PluginParameter type="ArrayType">
            <Parameter key="tool" value="ipmitool"/>
            <Parameter type="" key="command" value="sdr elist all"/>
        </PluginParameter>
        <PluginDataHandlers>
            <PluginDataHandler classKey="RegularFilter">
                <Parameter type="" key="REGULAR" value="(FAN\s*S*\S*\s*\S*)\s*\S*\s*\|\s*\S*\s*\|\s*\S*\s*\|\s*\S*\s*\|\s*(\d*)\s*RPM"/>
            </PluginDataHandler>
        </PluginDataHandlers>
        <PluginDataConverter classKey="subInstConverter">
            <Parameter type="" key="IndexColumnTitle" value="fanIndex"/>
            <Parameter type="" key="ValueColumnTitle" value="fanIndex"/>
        </PluginDataConverter>
    </MetricPlugin>
    <MetricPlugin metricid="fanName" collectType="" pluginid="IpmiPlugin">
        <PluginResultMetaInfo columns="fanName,fanIndex"/>
        <PluginParameter type="ArrayType">
            <Parameter key="tool" value="ipmitool"/>
            <Parameter type="" key="command" value="sdr elist all"/>
        </PluginParameter>
        <PluginDataHandlers>
            <PluginDataHandler classKey="RegularFilter">
                <Parameter type="" key="REGULAR" value="(FAN\s*S*\S*\s*\S*)\s*\S*\s*\|\s*\S*\s*\|\s*\S*\s*\|\s*\S*\s*\|\s*(\d*)\s*RPM"/>
            </PluginDataHandler>
            <PluginDataHandler classKey="selectProcessor">
                <Parameter value="SELECT (fanName+fanIndex) as fanName, fanIndex" key="SELECT"/>
            </PluginDataHandler>
        </PluginDataHandlers>
        <PluginDataConverter classKey="subInstConverter">
            <Parameter type="" key="IndexColumnTitle" value="fanIndex"/>
            <Parameter type="" key="ValueColumnTitle" value="fanName"/>
            <Parameter type="ResourceProperty" key="InstPropertyKey" value="fanIndex"/>
        </PluginDataConverter>
    </MetricPlugin>
    <MetricPlugin metricid="fanStatus" collectType="" pluginid="IpmiPlugin">
        <PluginResultMetaInfo columns="fanIndex,fanStatus"/>
        <PluginParameter type="ArrayType">
            <Parameter key="tool" value="ipmitool"/>
            <Parameter type="" key="command" value="sdr elist all"/>
        </PluginParameter>
        <PluginDataHandlers>
            <PluginDataHandler classKey="RegularFilter">
                <Parameter type="" key="REGULAR" value="(FAN\s*S*\S*\s*\S*)\s*\S*\s*\|\s*\S*\s*\|\s*(\S*)"/>
            </PluginDataHandler>
            <PluginDataHandler classKey="translateProcessor">
                <Parameter type="" key="fanStatus" value="ok,1;0"/>
            </PluginDataHandler>
        </PluginDataHandlers>
        <PluginDataConverter classKey="subInstConverter">
            <Parameter type="" key="IndexColumnTitle" value="fanIndex"/>
            <Parameter type="" key="ValueColumnTitle" value="fanStatus"/>
            <Parameter type="ResourceProperty" key="InstPropertyKey" value="fanIndex"/>
        </PluginDataConverter>
    </MetricPlugin>
    <MetricPlugin metricid="fanRevolution" collectType="" pluginid="IpmiPlugin">
        <PluginResultMetaInfo columns="fanIndex,fanRevolution"/>
        <PluginParameter type="ArrayType">
            <Parameter key="tool" value="ipmitool"/>
            <Parameter type="" key="command" value="sdr elist all"/>
        </PluginParameter>
        <PluginDataHandlers>
            <PluginDataHandler classKey="RegularFilter">
                <Parameter type="" key="REGULAR" value="(FAN\s*S*\S*\s*\S*)\s*\S*\s*\|\s*\S*\s*\|\s*\S*\s*\|\s*\S*\s*\|\s*(\d*)\s*RPM"/>
            </PluginDataHandler>
        </PluginDataHandlers>
        <PluginDataConverter classKey="subInstConverter">
            <Parameter type="" key="IndexColumnTitle" value="fanIndex"/>
            <Parameter type="" key="ValueColumnTitle" value="fanRevolution"/>
            <Parameter type="ResourceProperty" key="InstPropertyKey" value="fanIndex"/>
        </PluginDataConverter>
    </MetricPlugin>
    <!-- Processor -->
    <MetricPlugin metricid="processorIndex" collectType="" pluginid="IpmiPlugin">
        <PluginResultMetaInfo columns="processorIndex"/>
        <PluginParameter type="ArrayType">
            <Parameter key="tool" value="ipmitool"/>
            <Parameter type="" key="command" value="sdr elist all"/>
        </PluginParameter>
        <PluginDataHandlers>
            <PluginDataHandler classKey="RegularFilter">
                <Parameter type="" key="REGULAR" value="Status\s*\|\s*\S+\s*\|\s*\S*\s*\|\s*3\.(\d+)\s*\|[\s*&amp;&amp;[^\r\n]].*"/>
            </PluginDataHandler>
        </PluginDataHandlers>
        <PluginDataConverter classKey="subInstConverter">
            <Parameter type="" key="IndexColumnTitle" value="processorIndex"/>
            <Parameter type="" key="ValueColumnTitle" value="processorIndex"/>
        </PluginDataConverter>
    </MetricPlugin>
    <MetricPlugin metricid="processorName" collectType="" pluginid="IpmiPlugin">
        <PluginResultMetaInfo columns="processorIndex"/>
        <PluginParameter type="ArrayType">
            <Parameter key="tool" value="ipmitool"/>
            <Parameter type="" key="command" value="sdr elist all"/>
        </PluginParameter>
        <PluginDataHandlers>
            <PluginDataHandler classKey="RegularFilter">
                <Parameter type="" key="REGULAR" value="Status\s*\|\s*\S+\s*\|\s*\S*\s*\|\s*3\.(\d+)\s*\|[\s*&amp;&amp;[^\r\n]].*"/>
            </PluginDataHandler>
            <PluginDataHandler classKey="selectProcessor">
                <Parameter value="select processorIndex, ('CPU'+processorIndex) as processorName" key="SELECT"/>
            </PluginDataHandler>
        </PluginDataHandlers>
        <PluginDataConverter classKey="subInstConverter">
            <Parameter type="" key="IndexColumnTitle" value="processorIndex"/>
            <Parameter type="" key="ValueColumnTitle" value="processorName"/>
            <Parameter type="ResourceProperty" key="InstPropertyKey" value="processorIndex"/>
        </PluginDataConverter>
    </MetricPlugin>
    <MetricPlugin metricid="processorStatus" collectType="" pluginid="IpmiPlugin">
        <PluginResultMetaInfo columns="processorIndex,processorStatus"/>
        <PluginParameter type="ArrayType">
            <Parameter key="tool" value="ipmitool"/>
            <Parameter type="" key="command" value="sdr elist all"/>
        </PluginParameter>
        <PluginDataHandlers>
            <PluginDataHandler classKey="RegularFilter">
                <Parameter type="" key="REGULAR" value="Status\s*\|\s*\S+\s*\|\s*\S*\s*\|\s*3\.(\d+)\s*\|[\s*&amp;&amp;[^\r\n]](.*)"/>
            </PluginDataHandler>
            <PluginDataHandler classKey="translateProcessor">
                <Parameter type="" key="processorStatus" value="Presence detected,1;0"/>
            </PluginDataHandler>
        </PluginDataHandlers>
        <PluginDataConverter classKey="subInstConverter">
            <Parameter type="" key="IndexColumnTitle" value="processorIndex"/>
            <Parameter type="" key="ValueColumnTitle" value="processorStatus"/>
            <Parameter type="ResourceProperty" key="InstPropertyKey" value="processorIndex"/>
        </PluginDataConverter>
    </MetricPlugin>
    <!-- Power -->
    <MetricPlugin metricid="powerIndex" collectType="" pluginid="IpmiPlugin">
        <PluginResultMetaInfo columns="powerIndex"/>
        <PluginParameter type="ArrayType">
            <Parameter key="tool" value="ipmitool"/>
            <Parameter type="" key="command" value="sdr elist all"/>
        </PluginParameter>
        <PluginDataHandlers>
            <PluginDataHandler classKey="RegularFilter">
                <Parameter type="" key="REGULAR" value="Status\s*\|\s*\S+\s*\|\s*\S*\s*\|\s*10\.(\d+)\s*\|[\s*&amp;&amp;[^\r\n]].*"/>
            </PluginDataHandler>
            <PluginDataHandler classKey="selectProcessor">
                <Parameter value="select ('PS'+powerIndex) as powerIndex" key="SELECT"/>
            </PluginDataHandler>
        </PluginDataHandlers>
        <PluginDataConverter classKey="subInstConverter">
            <Parameter type="" key="IndexColumnTitle" value="powerIndex"/>
            <Parameter type="" key="ValueColumnTitle" value="powerIndex"/>
        </PluginDataConverter>
    </MetricPlugin>
    <MetricPlugin metricid="powerStatus" collectType="" pluginid="IpmiPlugin">
        <PluginResultMetaInfo columns="powerIndex,powerStatus"/>
        <PluginParameter type="ArrayType">
            <Parameter key="tool" value="ipmitool"/>
            <Parameter type="" key="command" value="sdr elist all"/>
        </PluginParameter>
        <PluginDataHandlers>
            <PluginDataHandler classKey="RegularFilter">
                <Parameter type="" key="REGULAR" value="Status\s*\|\s*\S+\s*\|\s*\S*\s*\|\s*10\.(\d+)\s*\|[\s*&amp;&amp;[^\r\n]](.*)"/>
            </PluginDataHandler>
            <PluginDataHandler classKey="translateProcessor">
                <Parameter type="" key="powerStatus" value="Presence detected,1;0"/>
            </PluginDataHandler>
            <PluginDataHandler classKey="selectProcessor">
                <Parameter value="select ('PS'+powerIndex) as powerIndex, powerStatus" key="SELECT"/>
            </PluginDataHandler>
        </PluginDataHandlers>
        <PluginDataConverter classKey="subInstConverter">
            <Parameter type="" key="IndexColumnTitle" value="powerIndex"/>
            <Parameter type="" key="ValueColumnTitle" value="powerStatus"/>
            <Parameter type="ResourceProperty" key="InstPropertyKey" value="powerIndex"/>
        </PluginDataConverter>
    </MetricPlugin>
</MetricPlugins>
