<?xml version="1.0" encoding="UTF-8"?>

<Capacity xmlns:xsi="http://www.w3.org/2001/XMLSchema-instance" version="1.0" xsi:noNamespaceSchemaLocation="../../../schema/Resource.xsd">
    <SupportInfo>
        <SupportName>Hardware</SupportName>
        <PreSupportVersion>曙光 I980</PreSupportVersion>
        <ActualSupportVersion>曙光 I980-G10</ActualSupportVersion>
    </SupportInfo>
    <GlobalMetricSetting isEncrypt="FALSE" version="4.1.0">
        <GlobalIsEdit>false</GlobalIsEdit>
        <GlobalIsMonitor>true</GlobalIsMonitor>
        <GlobalDefaultMonitorFreq>day1</GlobalDefaultMonitorFreq>
        <GlobalsupportMonitorFreq>min1,min5,min10,hour1,day1</GlobalsupportMonitorFreq>
        <GlobalIsAlert>true</GlobalIsAlert>
        <GlobalDefaultFlapping>1</GlobalDefaultFlapping>
    </GlobalMetricSetting>
    <Resource id="SugonI980" category="SugonServer" icon="SugonServer.png" name="曙光I980" description="曙光I980服务器">
        <Metrics>
            <Metric id="PowerStatus" style="AvailabilityMetric" name="电源状态" description="电源状态" unit="">
                <IsDisplay displayOrder="1000">true</IsDisplay>
                <IsMonitor>true</IsMonitor>
                <IsEdit>false</IsEdit>
                <DefaultMonitorFreq>min1</DefaultMonitorFreq>
                <SupportMonitorFreq>sec30,min1,min5,min10,min30,hour1</SupportMonitorFreq>
                <IsAlert>true</IsAlert>
                <DefaultFlapping>2</DefaultFlapping>
            </Metric>
            <Metric id="AmbientTemp" style="PerformanceMetric" name="PCH温度" description="PCH温度" unit="℃">
                <IsDisplay displayOrder="1010">true</IsDisplay>
                <IsMonitor>true</IsMonitor>
                <IsEdit>false</IsEdit>
                <DefaultMonitorFreq>min5</DefaultMonitorFreq>
                <SupportMonitorFreq>min1,min5,min10,min30,hour1,hour4,hour8</SupportMonitorFreq>
                <IsAlert>false</IsAlert>
                <DefaultFlapping>1</DefaultFlapping>
                <Thresholds>
                    <Threshold operator="&gt;" defaultvalue="5" stateid="Normal"/>
                    <Threshold operator="&gt;" defaultvalue="40" stateid="Minor"/>
                    <Threshold operator="&gt;" defaultvalue="50" stateid="Major"/>
                </Thresholds>
            </Metric>
            <Metric id="BMCTemp" style="PerformanceMetric" name="BMC温度" description="BMC温度" unit="℃">
                <IsDisplay displayOrder="1020">true</IsDisplay>
                <IsMonitor>true</IsMonitor>
                <IsEdit>false</IsEdit>
                <DefaultMonitorFreq>min5</DefaultMonitorFreq>
                <SupportMonitorFreq>min1,min5,min10,min30,hour1,hour4,hour8</SupportMonitorFreq>
                <IsAlert>false</IsAlert>
                <DefaultFlapping>1</DefaultFlapping>
                <Thresholds>
                    <Threshold operator="&gt;" defaultvalue="5" stateid="Normal"/>
                    <Threshold operator="&gt;" defaultvalue="40" stateid="Minor"/>
                    <Threshold operator="&gt;" defaultvalue="50" stateid="Major"/>
                </Thresholds>
            </Metric>
            <Metric id="PowerOverloadStatus" style="InformationMetric" name="电源过载状态" description="电源过载状态" unit="">
                <IsDisplay displayOrder="1200">true</IsDisplay>
                <IsMonitor>true</IsMonitor>
                <IsEdit>false</IsEdit>
                <DefaultMonitorFreq>min5</DefaultMonitorFreq>
                <SupportMonitorFreq>min1,min5,min10,min30,hour1,hour4,hour8</SupportMonitorFreq>
                <IsAlert>false</IsAlert>
                <DefaultFlapping>1</DefaultFlapping>
            </Metric>
            <Metric id="MainPowerFaultStatus" style="InformationMetric" name="主电源错误状态" description="主电源错误状态" unit="">
                <IsDisplay displayOrder="1210">true</IsDisplay>
                <IsMonitor>true</IsMonitor>
                <IsEdit>false</IsEdit>
                <DefaultMonitorFreq>min5</DefaultMonitorFreq>
                <SupportMonitorFreq>min1,min5,min10,min30,hour1,hour4,hour8</SupportMonitorFreq>
                <IsAlert>false</IsAlert>
                <DefaultFlapping>1</DefaultFlapping>
            </Metric>
            <Metric id="PoweControFault" style="InformationMetric" name="电源管理错误状态" description="电源管理错误状态" unit="">
                <IsDisplay displayOrder="1220">true</IsDisplay>
                <IsMonitor>true</IsMonitor>
                <IsEdit>false</IsEdit>
                <DefaultMonitorFreq>min5</DefaultMonitorFreq>
                <SupportMonitorFreq>min1,min5,min10,min30,hour1,hour4,hour8</SupportMonitorFreq>
                <IsAlert>false</IsAlert>
                <DefaultFlapping>1</DefaultFlapping>
            </Metric>
            <Metric id="DriveFaultStatus" style="InformationMetric" name="驱动器错误状态" description="驱动器错误状态" unit="">
                <IsDisplay displayOrder="1230">true</IsDisplay>
                <IsMonitor>true</IsMonitor>
                <IsEdit>false</IsEdit>
                <DefaultMonitorFreq>min5</DefaultMonitorFreq>
                <SupportMonitorFreq>min1,min5,min10,min30,hour1,hour4,hour8</SupportMonitorFreq>
                <IsAlert>false</IsAlert>
                <DefaultFlapping>1</DefaultFlapping>
            </Metric>
            <Metric id="CoolingFanFault" style="InformationMetric" name="风扇/制冷错误状态" description="风扇/制冷错误状态" unit="">
                <IsDisplay displayOrder="1240">true</IsDisplay>
                <IsMonitor>true</IsMonitor>
                <IsEdit>false</IsEdit>
                <DefaultMonitorFreq>min5</DefaultMonitorFreq>
                <SupportMonitorFreq>min1,min5,min10,min30,hour1,hour4,hour8</SupportMonitorFreq>
                <IsAlert>false</IsAlert>
                <DefaultFlapping>1</DefaultFlapping>
            </Metric>
            <Metric id="ProductName" style="InformationMetric" name="产品名称" description="产品名称" unit="">
                <IsDisplay displayOrder="1300">true</IsDisplay>
                <IsMonitor>true</IsMonitor>
                <IsEdit>false</IsEdit>
                <DefaultMonitorFreq>day1</DefaultMonitorFreq>
                <SupportMonitorFreq>hour1,day1</SupportMonitorFreq>
                <IsAlert>false</IsAlert>
                <DefaultFlapping>1</DefaultFlapping>
            </Metric>
            <Metric id="ProductSerial" style="InformationMetric" name="产品序列号" description="产品序列号" unit="">
                <IsDisplay displayOrder="1330">true</IsDisplay>
                <IsMonitor>true</IsMonitor>
                <IsEdit>false</IsEdit>
                <DefaultMonitorFreq>day1</DefaultMonitorFreq>
                <SupportMonitorFreq>hour1,day1</SupportMonitorFreq>
                <IsAlert>false</IsAlert>
                <DefaultFlapping>1</DefaultFlapping>
            </Metric>
            <Metric id="BoardProductName" style="InformationMetric" name="主板产品名" description="主板产品名" unit="">
                <IsDisplay displayOrder="1370">true</IsDisplay>
                <IsMonitor>true</IsMonitor>
                <IsEdit>false</IsEdit>
                <DefaultMonitorFreq>day1</DefaultMonitorFreq>
                <SupportMonitorFreq>hour1,day1</SupportMonitorFreq>
                <IsAlert>false</IsAlert>
                <DefaultFlapping>1</DefaultFlapping>
            </Metric>
        </Metrics>
        <Properties>
            <Property id="ProductName" name="ProductName" metricid="ProductName"/>
            <Property id="ProductSerial" name="ProductSerial" metricid="ProductSerial"/>
        </Properties>
        <Instantiation InstanceId="ProductName,ProductSerial" InstanceName="ProductName"/>
    </Resource>
    <Resource id="SugonI980Fan" type="Fan" icon="" name="风扇" description="风扇" parentid="SugonI980">
        <Metrics>
            <Metric id="fanIndex" style="InformationMetric" name="风扇索引" description="风扇索引" unit="">
                <IsDisplay displayOrder="2000">false</IsDisplay>
                <IsMonitor>true</IsMonitor>
                <IsEdit>false</IsEdit>
                <DefaultMonitorFreq>day1</DefaultMonitorFreq>
                <SupportMonitorFreq>hour1,day1</SupportMonitorFreq>
                <IsAlert>false</IsAlert>
                <DefaultFlapping>1</DefaultFlapping>
            </Metric>
            <Metric id="fanStatus" style="AvailabilityMetric" name="风扇状态" description="风扇状态" unit="">
                <IsDisplay displayOrder="2020">true</IsDisplay>
                <IsMonitor>true</IsMonitor>
                <IsEdit>false</IsEdit>
                <DefaultMonitorFreq>min1</DefaultMonitorFreq>
                <SupportMonitorFreq>sec30,min1,min5,min10,min30,hour1</SupportMonitorFreq>
                <IsAlert>false</IsAlert>
                <DefaultFlapping>2</DefaultFlapping>
            </Metric>
            <Metric id="fanRevolution" style="PerformanceMetric" name="风扇转数" description="风扇转数" unit="RPM">
                <IsDisplay displayOrder="2030">true</IsDisplay>
                <IsMonitor>true</IsMonitor>
                <IsEdit>false</IsEdit>
                <DefaultMonitorFreq>min5</DefaultMonitorFreq>
                <SupportMonitorFreq>min1,min5,min10,min30,hour1,hour4,hour8</SupportMonitorFreq>
                <IsAlert>false</IsAlert>
                <DefaultFlapping>1</DefaultFlapping>
                <Thresholds>
                    <Threshold operator="&gt;" defaultvalue="3000" stateid="Normal"/>
                    <Threshold operator="&gt;" defaultvalue="8000" stateid="Minor"/>
                    <Threshold operator="&gt;" defaultvalue="13000" stateid="Major"/>
                </Thresholds>
            </Metric>
        </Metrics>
        <Properties>
            <Property id="fanIndex" name="fanIndex" metricid="fanIndex"/>
        </Properties>
        <Instantiation InstanceId="fanIndex" InstanceName="fanIndex"/>
    </Resource>
    <Resource id="SugonI980Power" type="Power" icon="" name="电源" description="电源" parentid="SugonI980">
        <Metrics>
            <Metric id="powerIndex" style="InformationMetric" name="电源索引" description="电源索引" unit="">
                <IsDisplay displayOrder="3000">false</IsDisplay>
                <IsMonitor>true</IsMonitor>
                <IsEdit>false</IsEdit>
                <DefaultMonitorFreq>day1</DefaultMonitorFreq>
                <SupportMonitorFreq>hour1,day1</SupportMonitorFreq>
                <IsAlert>false</IsAlert>
                <DefaultFlapping>1</DefaultFlapping>
            </Metric>
            <Metric id="powerStatus" style="AvailabilityMetric" name="电源状态" description="电源状态" unit="">
                <IsDisplay displayOrder="3020">true</IsDisplay>
                <IsMonitor>true</IsMonitor>
                <IsEdit>false</IsEdit>
                <DefaultMonitorFreq>min1</DefaultMonitorFreq>
                <SupportMonitorFreq>sec30,min1,min5,min10,min30,hour1</SupportMonitorFreq>
                <IsAlert>false</IsAlert>
                <DefaultFlapping>2</DefaultFlapping>
            </Metric>
        </Metrics>
        <Properties>
            <Property id="powerIndex" name="powerIndex" metricid="powerIndex"/>
        </Properties>
        <Instantiation InstanceId="powerIndex" InstanceName="powerIndex"/>
    </Resource>
    <Resource id="SugonI980DriveSlot" type="DriveSlot" icon="" name="驱动器插槽" description="驱动器插槽" parentid="SugonI980">
        <Metrics>
            <Metric id="driveSlotIndex" style="InformationMetric" name="插槽索引" description="插槽索引" unit="">
                <IsDisplay displayOrder="4000">false</IsDisplay>
                <IsMonitor>true</IsMonitor>
                <IsEdit>false</IsEdit>
                <DefaultMonitorFreq>day1</DefaultMonitorFreq>
                <SupportMonitorFreq>hour1,day1</SupportMonitorFreq>
                <IsAlert>false</IsAlert>
                <DefaultFlapping>1</DefaultFlapping>
            </Metric>
            <Metric id="driveSlotStatus" style="AvailabilityMetric" name="插槽状态" description="插槽状态" unit="">
                <IsDisplay displayOrder="4020">true</IsDisplay>
                <IsMonitor>true</IsMonitor>
                <IsEdit>false</IsEdit>
                <DefaultMonitorFreq>min1</DefaultMonitorFreq>
                <SupportMonitorFreq>sec30,min1,min5,min10,min30,hour1</SupportMonitorFreq>
                <IsAlert>false</IsAlert>
                <DefaultFlapping>2</DefaultFlapping>
            </Metric>
        </Metrics>
        <Properties>
            <Property id="driveSlotIndex" name="driveSlotIndex" metricid="driveSlotIndex"/>
        </Properties>
        <Instantiation InstanceId="driveSlotIndex" InstanceName="driveSlotIndex"/>
    </Resource>
    <Resource id="SugonI980Cable" type="Cable" icon="" name="线缆" description="线缆" parentid="SugonI980">
        <Metrics>
            <Metric id="cableIndex" style="InformationMetric" name="线缆索引" description="线缆索引" unit="">
                <IsDisplay displayOrder="4000">false</IsDisplay>
                <IsMonitor>true</IsMonitor>
                <IsEdit>false</IsEdit>
                <DefaultMonitorFreq>day1</DefaultMonitorFreq>
                <SupportMonitorFreq>hour1,day1</SupportMonitorFreq>
                <IsAlert>false</IsAlert>
                <DefaultFlapping>1</DefaultFlapping>
            </Metric>
            <Metric id="cableStatus" style="AvailabilityMetric" name="线缆状态" description="线缆状态" unit="">
                <IsDisplay displayOrder="4020">true</IsDisplay>
                <IsMonitor>true</IsMonitor>
                <IsEdit>false</IsEdit>
                <DefaultMonitorFreq>min1</DefaultMonitorFreq>
                <SupportMonitorFreq>sec30,min1,min5,min10,min30,hour1</SupportMonitorFreq>
                <IsAlert>false</IsAlert>
                <DefaultFlapping>2</DefaultFlapping>
            </Metric>
        </Metrics>
        <Properties>
            <Property id="cableIndex" name="cableIndex" metricid="cableIndex"/>
        </Properties>
        <Instantiation InstanceId="cableIndex" InstanceName="cableIndex"/>
    </Resource>
    <Resource id="SugonI980Processor" type="Processor" icon="" name="微处理器" description="微处理器" parentid="SugonI980">
        <Metrics>
            <Metric id="processorIndex" style="InformationMetric" name="处理器索引" description="处理器索引" unit="">
                <IsDisplay displayOrder="5000">false</IsDisplay>
                <IsMonitor>false</IsMonitor>
                <IsEdit>false</IsEdit>
                <DefaultMonitorFreq>day1</DefaultMonitorFreq>
                <SupportMonitorFreq>hour1,day1</SupportMonitorFreq>
                <IsAlert>false</IsAlert>
                <DefaultFlapping>1</DefaultFlapping>
            </Metric>
            <Metric id="processorStatus" style="AvailabilityMetric" name="处理器状态" description="处理器状态" unit="">
                <IsDisplay displayOrder="5020">true</IsDisplay>
                <IsMonitor>true</IsMonitor>
                <IsEdit>false</IsEdit>
                <DefaultMonitorFreq>min1</DefaultMonitorFreq>
                <SupportMonitorFreq>sec30,min1,min5,min10,min30,hour1</SupportMonitorFreq>
                <IsAlert>false</IsAlert>
                <DefaultFlapping>2</DefaultFlapping>
            </Metric>
        </Metrics>
        <Properties>
            <Property id="processorIndex" name="processorIndex" metricid="processorIndex"/>
        </Properties>
        <Instantiation InstanceId="processorIndex" InstanceName="processorIndex"/>
    </Resource>
    <Resource id="SugonI980DIMM" type="DIMM" icon="" name="内存" description="内存" parentid="SugonI980">
        <Metrics>
            <Metric id="dimmIndex" style="InformationMetric" name="内存索引" description="内存索引" unit="">
                <IsDisplay displayOrder="6000">false</IsDisplay>
                <IsMonitor>false</IsMonitor>
                <IsEdit>false</IsEdit>
                <DefaultMonitorFreq>day1</DefaultMonitorFreq>
                <SupportMonitorFreq>hour1,day1</SupportMonitorFreq>
                <IsAlert>false</IsAlert>
                <DefaultFlapping>1</DefaultFlapping>
            </Metric>
            <Metric id="dimmName" style="InformationMetric" name="内存名称" description="内存名称" unit="">
                <IsDisplay displayOrder="6010">false</IsDisplay>
                <IsMonitor>false</IsMonitor>
                <IsEdit>false</IsEdit>
                <DefaultMonitorFreq>day1</DefaultMonitorFreq>
                <SupportMonitorFreq>hour1,day1</SupportMonitorFreq>
                <IsAlert>false</IsAlert>
                <DefaultFlapping>1</DefaultFlapping>
            </Metric>
            <Metric id="memStatus" style="AvailabilityMetric" name="内存状态" description="内存状态" unit="">
                <IsDisplay displayOrder="6100">true</IsDisplay>
                <IsMonitor>true</IsMonitor>
                <IsEdit>false</IsEdit>
                <DefaultMonitorFreq>min10</DefaultMonitorFreq>
                <SupportMonitorFreq>sec30,min1,min5,min10,min30,hour1</SupportMonitorFreq>
                <IsAlert>false</IsAlert>
                <DefaultFlapping>2</DefaultFlapping>
            </Metric>
            <Metric id="dimmStatus" style="InformationMetric" name="插槽内存插入状态" description="插槽内存插入状态" unit="">
                <IsDisplay displayOrder="6110">true</IsDisplay>
                <IsMonitor>true</IsMonitor>
                <IsEdit>false</IsEdit>
                <DefaultMonitorFreq>min10</DefaultMonitorFreq>
                <SupportMonitorFreq>sec30,min1,min5,min10,min30,hour1</SupportMonitorFreq>
                <IsAlert>false</IsAlert>
                <DefaultFlapping>2</DefaultFlapping>
            </Metric>
        </Metrics>
        <Properties>
            <Property id="dimmIndex" name="dimmIndex" metricid="dimmIndex"/>
            <Property id="dimmName" name="dimmName" metricid="dimmName"/>
        </Properties>
        <Instantiation InstanceId="dimmIndex" InstanceName="dimmName"/>
    </Resource>
</Capacity>
