<?xml version="1.0" encoding="UTF-8"?>

<MetricPlugins xmlns:xsi="http://www.w3.org/2001/XMLSchema-instance" version="1.0" xsi:noNamespaceSchemaLocation="../../../schema/Collect.xsd">
    <GlobalMetricSetting isEncrypt="FALSE" version="4.1.0">
        <ChangePluginInitParameter pluginid="SshPlugin" parameterId="InstallPath" parameterProperty="isDisplay" propertyValue="TRUE"/>
        <ChangePluginInitParameter pluginid="TelnetPlugin" parameterId="InstallPath" parameterProperty="isDisplay" propertyValue="TRUE"/>
    </GlobalMetricSetting>
    <PluginClassAliasList>
        <PluginClassAlias id="uptimeProcessor" class="com.mainsteam.stm.plugin.common.UptimeProcessor"/>
        <PluginClassAlias id="defaultProcessor" class="com.mainsteam.stm.plugin.common.DefaultResultSetProcessor"/>
        <PluginClassAlias id="defaultConverter" class="com.mainsteam.stm.plugin.common.DefaultResultSetConverter"/>
        <PluginClassAlias id="selectProcessor" class="com.mainsteam.stm.plugin.common.SelectResultSetProcessor"/>
        <PluginClassAlias id="columnPasteProcessor" class="com.mainsteam.stm.plugin.common.ColumnPasteProcessor"/>
        <PluginClassAlias id="RegularFilter" class="com.mainsteam.stm.plugin.common.RegularFilter"/>
        <PluginClassAlias id="subInstConverter" class="com.mainsteam.stm.plugin.common.SubInstResultSetConverter"/>
        <PluginClassAlias id="availableConverter" class="com.mainsteam.stm.plugin.common.AvailableConverter"/>
        <PluginClassAlias id="tableConverter" class="com.mainsteam.stm.plugin.common.TableResultSetConverter"/>
        <PluginClassAlias id="translateProcessor" class="com.mainsteam.stm.plugin.common.TranslateResultSetProcessor"/>
        <PluginClassAlias id="ChangeRateProcessor" class="com.mainsteam.stm.plugin.common.ChangeRateProcessor"/>
        <PluginClassAlias id="processConverter" class="com.mainsteam.stm.plugin.common.ProcessResultSetConverter"/>
        <PluginClassAlias id="FormatProcessor" class="com.mainsteam.stm.plugin.common.FormatProcessor"/>
        <PluginClassAlias id="rowFilterProcessor" class="com.mainsteam.stm.plugin.common.RowFilterProcessor"/>
    </PluginClassAliasList>
    <!-- 进程ID SSH方式 -->
    <MetricPlugin metricid="processId" collectType="SSH" pluginid="SshPlugin">
        <PluginResultMetaInfo columns="pid"/>
        <PluginParameter type="ArrayType">
            <Parameter type="DiscoveryInfo" key="InstallPath" value="InstallPath"/>
            <Parameter type="" key="COMMAND" value="LANG=uc_EN;ps -eo pid,user,rss,vsz,pcpu,pmem,s,stime,command|grep ${InstallPath} | grep -v 'grep' | awk '{print $1}'"/>
        </PluginParameter>
        <PluginDataHandlers>
            <PluginDataHandler classKey="selectProcessor">
                <Parameter type="" key="SELECT" value="SELECT pid"/>
            </PluginDataHandler>
        </PluginDataHandlers>
    </MetricPlugin>
    <!-- 进程ID TELNET方式 -->
    <MetricPlugin metricid="processId" collectType="TELNET" pluginid="TelnetPlugin">
        <PluginResultMetaInfo columns="pid"/>
        <PluginParameter type="ArrayType">
            <Parameter type="DiscoveryInfo" key="InstallPath" value="InstallPath"/>
            <Parameter type="" key="COMMAND" value="LANG=uc_EN;ps -eo pid,user,rss,vsz,pcpu,pmem,s,stime,command|grep ${InstallPath} | grep -v 'grep' | awk '{print $1}'"/>
        </PluginParameter>
        <PluginDataHandlers>
            <PluginDataHandler classKey="selectProcessor">
                <Parameter type="" key="SELECT" value="SELECT pid"/>
            </PluginDataHandler>
        </PluginDataHandlers>
    </MetricPlugin>
    <!-- 进程名称SSH -->
    <MetricPlugin metricid="processCommand" collectType="SSH" pluginid="SshPlugin">
        <PluginResultMetaInfo columns="pCommand"/>
        <PluginParameter type="ArrayType">
            <Parameter type="DiscoveryInfo" key="InstallPath" value="InstallPath"/>
            <Parameter type="" key="COMMAND" value="LANG=uc_EN;ps -eo pid,user,rss,vsz,pcpu,pmem,s,stime,command|grep ${InstallPath} | grep -v 'grep' | awk '{print $9}'"/>
        </PluginParameter>
        <PluginDataHandlers>
            <PluginDataHandler classKey="selectProcessor">
                <Parameter type="" key="SELECT" value="SELECT pCommand"/>
            </PluginDataHandler>
        </PluginDataHandlers>
    </MetricPlugin>
    <!-- 进程名称 TELNET-->
    <MetricPlugin metricid="processCommand" collectType="TELNET" pluginid="TelnetPlugin">
        <PluginResultMetaInfo columns="pCommand"/>
        <PluginParameter type="ArrayType">
            <Parameter type="DiscoveryInfo" key="InstallPath" value="InstallPath"/>
            <Parameter type="" key="COMMAND" value="LANG=uc_EN;ps -eo pid,user,rss,vsz,pcpu,pmem,s,stime,command|grep ${InstallPath} | grep -v 'grep'|grep -v 'LANG=uc_EN' | awk '{print $9}'"/>
        </PluginParameter>
        <PluginDataHandlers>
            <PluginDataHandler classKey="selectProcessor">
                <Parameter type="" key="SELECT" value="SELECT pCommand"/>
            </PluginDataHandler>
        </PluginDataHandlers>
    </MetricPlugin>
    <!-- IP地址SSH -->
    <MetricPlugin metricid="processIP" collectType="SSH" pluginid="SshPlugin">
        <PluginResultMetaInfo columns=""/>
        <PluginParameter type="ArrayType">
            <Parameter type="" key="COMMAND" value="LANG=uc_EN;ifconfig -a | grep 'inet' | grep -E 'Bcast|broadcast'"/>
        </PluginParameter>
        <PluginDataHandlers>
            <PluginDataHandler classKey="RegularFilter">
                <Parameter type="" key="REGULAR" value="inet\s*(?:addr\s*:)*\s*(\S+)"/>
            </PluginDataHandler>
        </PluginDataHandlers>
    </MetricPlugin>
    <!-- IP地址 TELNET -->
    <MetricPlugin metricid="processIP" collectType="TELNET" pluginid="TelnetPlugin">
        <PluginResultMetaInfo columns=""/>
        <PluginParameter type="ArrayType">
            <Parameter type="" key="COMMAND" value="LANG=uc_EN;ifconfig -a | grep 'inet' | grep -E 'Bcast|broadcast'"/>
        </PluginParameter>
        <PluginDataHandlers>
            <PluginDataHandler classKey="RegularFilter">
                <Parameter type="" key="REGULAR" value="inet\s*(?:addr\s*:)*\s*(\S+)"/>
            </PluginDataHandler>
        </PluginDataHandlers>
    </MetricPlugin>
    <!-- 进程可用性 SSH-->
    <MetricPlugin metricid="processAvail" collectType="SSH" pluginid="SshPlugin">
        <PluginResultMetaInfo columns="avail"/>
        <PluginParameter type="ArrayType">
            <Parameter type="DiscoveryInfo" key="InstallPath" value="InstallPath"/>
            <Parameter type="" key="COMMAND" value="LANG=uc_EN;ps -eo pid,user,rss,vsz,pcpu,pmem,s,stime,command|sed -n '2,$p' | grep ${InstallPath} | grep -v 'grep'|awk '{print $7}'"/>
        </PluginParameter>
        <PluginDataHandlers>
            <!-- <PluginDataHandler classKey="RegularFilter">
              <Parameter type="" key="REGULAR" value="(\d+)\s(\S+)\s\d+\s\d+\s\d+\.\d+\s\d+\.\d+\s\S+\s\S+\s(\S+)"/>
            </PluginDataHandler> -->
            <PluginDataHandler classKey="selectProcessor">
                <Parameter value="SELECT first(avail) as avail" key="SELECT"/>
            </PluginDataHandler>
            <PluginDataHandler classKey="selectProcessor">
                <Parameter type="" key="SELECT" value="SELECT ((avail == null || avail=='T' || avail=='R'||avail=='Z')?'0':'1') as avail"/>
            </PluginDataHandler>
        </PluginDataHandlers>
    </MetricPlugin>
    <!-- 进程可用性 TELNET -->
    <MetricPlugin metricid="processAvail" collectType="TELNET" pluginid="TelnetPlugin">
        <PluginResultMetaInfo columns="avail"/>
        <PluginParameter type="ArrayType">
            <Parameter type="DiscoveryInfo" key="InstallPath" value="InstallPath"/>
            <Parameter type="" key="COMMAND" value="LANG=uc_EN;ps -eo pid,user,rss,vsz,pcpu,pmem,s,stime,command|sed -n '2,$p' | grep ${InstallPath} | grep -v 'grep'|awk '{print $7}'"/>
        </PluginParameter>
        <PluginDataHandlers>
            <PluginDataHandler classKey="selectProcessor">
                <Parameter value="SELECT first(avail) as avail" key="SELECT"/>
            </PluginDataHandler>
            <PluginDataHandler classKey="selectProcessor">
                <Parameter type="" key="SELECT" value="SELECT ((avail == null || avail=='T' || avail=='R'||avail=='Z')?'0':'1') as avail"/>
            </PluginDataHandler>
        </PluginDataHandlers>
    </MetricPlugin>
    <!-- 进程CPU利用率 SSH -->
    <MetricPlugin metricid="procMulCpuRate" collectType="SSH" pluginid="SshPlugin">
        <PluginResultMetaInfo columns="pcpu"/>
        <PluginParameter type="ArrayType">
            <Parameter type="DiscoveryInfo" key="InstallPath" value="InstallPath"/>
            <Parameter type="" key="COMMAND" value="LANG=uc_EN;ps -eo pid,user,rss,vsz,pcpu,pmem,s,stime,command|grep ${InstallPath} | grep -v 'grep' | awk '{print $5}'"/>
        </PluginParameter>
        <PluginDataHandlers>
            <PluginDataHandler classKey="selectProcessor">
                <Parameter type="" key="SELECT" value="SELECT sum(pcpu) as pcpu"/>
            </PluginDataHandler>
            <PluginDataHandler classKey="FormatProcessor">
                <Parameter type="" key="" value="TO_HUNDRED"/>
            </PluginDataHandler>
        </PluginDataHandlers>
    </MetricPlugin>
    <!-- 进程CPU利用率 TELNET -->
    <MetricPlugin metricid="procMulCpuRate" collectType="TELNET" pluginid="TelnetPlugin">
        <PluginResultMetaInfo columns="pcpu"/>
        <PluginParameter type="ArrayType">
            <Parameter type="DiscoveryInfo" key="InstallPath" value="InstallPath"/>
            <Parameter type="" key="COMMAND" value="LANG=uc_EN;ps -eo pid,user,rss,vsz,pcpu,pmem,s,stime,command|grep ${InstallPath} | grep -v 'grep' | awk '{print $5}'"/>
        </PluginParameter>
        <PluginDataHandlers>
            <PluginDataHandler classKey="selectProcessor">
                <Parameter type="" key="SELECT" value="SELECT sum(pcpu) as pcpu"/>
            </PluginDataHandler>
            <PluginDataHandler classKey="FormatProcessor">
                <Parameter type="" key="" value="TO_HUNDRED"/>
            </PluginDataHandler>
        </PluginDataHandlers>
    </MetricPlugin>
    <!-- 进程内存利用率SSH -->
    <MetricPlugin metricid="procMulMemRate" collectType="SSH" pluginid="SshPlugin">
        <PluginResultMetaInfo columns="pmem"/>
        <PluginParameter type="ArrayType">
            <Parameter type="DiscoveryInfo" key="InstallPath" value="InstallPath"/>
            <Parameter type="" key="COMMAND" value="LANG=uc_EN;ps -eo pid,user,rss,vsz,pcpu,pmem,s,stime,command|grep ${InstallPath}|grep -v 'grep'|awk '{print $6}'"/>
        </PluginParameter>
        <PluginDataHandlers>
            <PluginDataHandler classKey="selectProcessor">
                <Parameter type="" key="SELECT" value="SELECT sum(pmem) as pmem"/>
            </PluginDataHandler>
            <PluginDataHandler classKey="FormatProcessor">
                <Parameter type="" key="" value="TO_HUNDRED"/>
            </PluginDataHandler>
        </PluginDataHandlers>
    </MetricPlugin>
    <!--  进程内存利用率TELNET-->
    <MetricPlugin metricid="procMulMemRate" collectType="TELNET" pluginid="TelnetPlugin">
        <PluginResultMetaInfo columns="pmem"/>
        <PluginParameter type="ArrayType">
            <Parameter type="DiscoveryInfo" key="InstallPath" value="InstallPath"/>
            <Parameter type="" key="COMMAND" value="LANG=uc_EN;ps -eo pid,user,rss,vsz,pcpu,pmem,s,stime,command|grep ${InstallPath}|grep -v 'grep'|awk '{print $6}'"/>
        </PluginParameter>
        <PluginDataHandlers>
            <PluginDataHandler classKey="selectProcessor">
                <Parameter type="" key="SELECT" value="SELECT sum(pmem) as pmem"/>
            </PluginDataHandler>
            <PluginDataHandler classKey="FormatProcessor">
                <Parameter type="" key="" value="TO_HUNDRED"/>
            </PluginDataHandler>
        </PluginDataHandlers>
    </MetricPlugin>
    <!-- 进程状态SSH -->
    <!-- <MetricPlugin metricid="procMulStat" collectType="SSH" pluginid="SshPlugin">
      <PluginResultMetaInfo columns="state"/>
      <PluginParameter type="ArrayType">
        <Parameter type="DiscoveryInfo" key="InstallPath" value="InstallPath"></Parameter>
        <Parameter type="" key="COMMAND" value="LANG=uc_EN;ps -eo pid,user,rss,vsz,pcpu,pmem,s,stime,command|grep ${InstallPath}|grep -v 'grep'|awk '{print $7}'"/>
      </PluginParameter>
      <PluginDataHandlers>
        <PluginDataHandler classKey="selectProcessor">
          <Parameter type="" key="SELECT" value="SELECT state"/>
        </PluginDataHandler>
        <PluginDataHandler classKey="translateProcessor">
          <Parameter type="" key="state" value="D,不可中断;R,运行;S,睡眠;T,停止;Z,僵死"/>
        </PluginDataHandler>
      </PluginDataHandlers>
    </MetricPlugin> -->
    <!-- 进程状态  TELNET-->
    <!-- <MetricPlugin metricid="procMulStat" collectType="TELNET" pluginid="TelnetPlugin">
      <PluginResultMetaInfo columns="state"/>
      <PluginParameter type="ArrayType">
        <Parameter type="DiscoveryInfo" key="InstallPath" value="InstallPath"></Parameter>
        <Parameter type="" key="COMMAND" value="LANG=uc_EN;ps -eo pid,user,rss,vsz,pcpu,pmem,s,stime,command|grep ${InstallPath}|grep -v 'grep'|awk '{print $7}'"/>
      </PluginParameter>
      <PluginDataHandlers>
        <PluginDataHandler classKey="selectProcessor">
          <Parameter type="" key="SELECT" value="SELECT state"/>
        </PluginDataHandler>
        <PluginDataHandler classKey="translateProcessor">
          <Parameter type="" key="state" value="D,不可中断;R,运行;S,睡眠;T,停止;Z,僵死"/>
        </PluginDataHandler>
      </PluginDataHandlers>
    </MetricPlugin> -->
    <!-- 开始时间SSH -->
    <MetricPlugin metricid="procMulStime" collectType="SSH" pluginid="SshPlugin">
        <PluginResultMetaInfo columns="starttime"/>
        <PluginParameter type="ArrayType">
            <Parameter type="DiscoveryInfo" key="InstallPath" value="InstallPath"/>
            <Parameter type="" key="COMMAND" value="LANG=uc_EN;ps -eo pid,user,rss,vsz,pcpu,pmem,s,stime,command|grep ${InstallPath}|grep -v 'grep'|awk '{print $8}'"/>
        </PluginParameter>
        <PluginDataHandlers>
            <PluginDataHandler classKey="selectProcessor">
                <Parameter type="" key="SELECT" value="SELECT starttime"/>
            </PluginDataHandler>
        </PluginDataHandlers>
    </MetricPlugin>
    <!-- 开始时间 TELNET -->
    <MetricPlugin metricid="procMulStime" collectType="TELNET" pluginid="TelnetPlugin">
        <PluginResultMetaInfo columns="starttime"/>
        <PluginParameter type="ArrayType">
            <Parameter type="DiscoveryInfo" key="InstallPath" value="InstallPath"/>
            <Parameter type="" key="COMMAND" value="LANG=uc_EN;ps -eo pid,user,rss,vsz,pcpu,pmem,s,stime,command|grep ${InstallPath}|grep -v 'grep'|awk '{print $8}'"/>
        </PluginParameter>
        <PluginDataHandlers>
            <PluginDataHandler classKey="selectProcessor">
                <Parameter type="" key="SELECT" value="SELECT starttime"/>
            </PluginDataHandler>
        </PluginDataHandlers>
    </MetricPlugin>
</MetricPlugins>
