<?xml version="1.0" encoding="UTF-8"?>
<Capacity xmlns:xsi="http://www.w3.org/2001/XMLSchema-instance" version="1.0" xsi:noNamespaceSchemaLocation="../../../schema/Resource.xsd">
    <GlobalMetricSetting>
        <GlobalIsEdit>false</GlobalIsEdit>
        <GlobalIsMonitor>true</GlobalIsMonitor>
        <GlobalDefaultMonitorFreq>day1</GlobalDefaultMonitorFreq>
        <GlobalsupportMonitorFreq>min1,min5,min10,hour1,day1</GlobalsupportMonitorFreq>
        <GlobalIsAlert>true</GlobalIsAlert>
        <GlobalDefaultFlapping>1</GlobalDefaultFlapping>
    </GlobalMetricSetting>
    <Resource id="GENEProcess" category="Process" icon="" name="SSH/Telnet" description="进程">
        <Metrics>
            <Metric id="processId" style="InformationMetric" name="进程ID" description="进程ID" unit="">
                <IsDisplay displayOrder="2034">false</IsDisplay>
                <IsMonitor>true</IsMonitor>
                <IsEdit>false</IsEdit>
                <DefaultMonitorFreq>day1</DefaultMonitorFreq>
                <SupportMonitorFreq>hour1,day1</SupportMonitorFreq>
                <IsAlert>false</IsAlert>
                <DefaultFlapping>1</DefaultFlapping>
            </Metric>

            <Metric id="processCommand" style="InformationMetric" name="进程名称" description="进程名称" unit="">
                <IsDisplay displayOrder="2035">false</IsDisplay>
                <IsMonitor>false</IsMonitor>
                <IsEdit>false</IsEdit>
                <DefaultMonitorFreq>day1</DefaultMonitorFreq>
                <SupportMonitorFreq>hour1,day1</SupportMonitorFreq>
                <IsAlert>false</IsAlert>
                <DefaultFlapping>1</DefaultFlapping>
            </Metric>

            <Metric id="processIP" style="InformationMetric" name="IP地址" description="IP地址" unit="">
                <IsDisplay displayOrder="2001">true</IsDisplay>
                <IsMonitor>false</IsMonitor>
                <IsEdit>false</IsEdit>
                <DefaultMonitorFreq>day1</DefaultMonitorFreq>
                <SupportMonitorFreq>hour1,day1</SupportMonitorFreq>
                <IsAlert>false</IsAlert>
                <DefaultFlapping>1</DefaultFlapping>
            </Metric>

            <Metric id="processAvail" style="AvailabilityMetric" name="进程状态" description="进程状态" unit="">
                <IsDisplay displayOrder="2002">true</IsDisplay>
                <IsMonitor>true</IsMonitor>
                <IsEdit>false</IsEdit>
                <DefaultMonitorFreq>min1</DefaultMonitorFreq>
                <SupportMonitorFreq>sec30,min1,min5,min10,min30,hour1</SupportMonitorFreq>
                <IsAlert>true</IsAlert>
                <DefaultFlapping>2</DefaultFlapping>
            </Metric>

            <Metric id="procMulCpuRate" style="PerformanceMetric" name="进程CPU利用率" description="进程CPU利用率" unit="%">
                <IsDisplay displayOrder="2003">true</IsDisplay>
                <IsMonitor>true</IsMonitor>
                <IsEdit>false</IsEdit>
                <DefaultMonitorFreq>min5</DefaultMonitorFreq>
                <SupportMonitorFreq>min1,min5,min10,min30,hour1,hour4,hour8</SupportMonitorFreq>
                <IsAlert>false</IsAlert>
                <DefaultFlapping>1</DefaultFlapping>
                <Thresholds>
                    <Threshold operator="&lt;" defaultvalue="90" stateid="Normal"/>
                    <Threshold operator="&gt;=" defaultvalue="90" stateid="Minor"/>
                    <Threshold operator="&gt;=" defaultvalue="95" stateid="Major"/>
                </Thresholds>
            </Metric>

            <Metric id="procMulMemRate" style="PerformanceMetric" name="进程内存利用率" description="进程内存利用率" unit="%">
                <IsDisplay displayOrder="2004">true</IsDisplay>
                <IsMonitor>true</IsMonitor>
                <IsEdit>false</IsEdit>
                <DefaultMonitorFreq>min5</DefaultMonitorFreq>
                <SupportMonitorFreq>min1,min5,min10,min30,hour1,hour4,hour8</SupportMonitorFreq>
                <IsAlert>false</IsAlert>
                <DefaultFlapping>1</DefaultFlapping>
                <Thresholds>
                    <Threshold operator="&lt;" defaultvalue="90" stateid="Normal"/>
                    <Threshold operator="&gt;=" defaultvalue="90" stateid="Minor"/>
                    <Threshold operator="&gt;=" defaultvalue="95" stateid="Major"/>
                </Thresholds>
            </Metric>
            <!-- <Metric id="procMulStat" style="InformationMetric" name="进程状态" description="进程状态" unit="">
              <IsDisplay displayOrder="2039">true</IsDisplay>
              <IsMonitor>true</IsMonitor>
              <IsEdit>false</IsEdit>
              <DefaultMonitorFreq>day1</DefaultMonitorFreq>
              <SupportMonitorFreq>hour1,day1</SupportMonitorFreq>
              <IsAlert>true</IsAlert>
              <DefaultFlapping>1</DefaultFlapping>
            </Metric>  -->
            <Metric id="procMulStime" style="InformationMetric" name="进程开始时间" description="进程开始时间" unit="">
                <IsDisplay displayOrder="2005">true</IsDisplay>
                <IsMonitor>true</IsMonitor>
                <IsEdit>false</IsEdit>
                <DefaultMonitorFreq>day1</DefaultMonitorFreq>
                <SupportMonitorFreq>hour1,day1</SupportMonitorFreq>
                <IsAlert>false</IsAlert>
                <DefaultFlapping>1</DefaultFlapping>
            </Metric>
        </Metrics>
        <Properties>
            <Property id="processId" name="processId" metricid="processId"/>
            <Property id="processCommand" name="processCommand" metricid="processCommand"/>
        </Properties>
        <Instantiation InstanceId="processId,processCommand" InstanceName="processCommand"/>
    </Resource>
</Capacity>
