<?xml version="1.0" encoding="UTF-8"?>

<MetricPlugins xmlns:xsi="http://www.w3.org/2001/XMLSchema-instance" version="1.0" xsi:noNamespaceSchemaLocation="../../../schema/Collect.xsd">
    <GlobalMetricSetting isEncrypt="FALSE" version="4.1.0">
        <ChangePluginInitParameter pluginid="SshPlugin" parameterId="port" parameterProperty="mustInput" propertyValue="FALSE"/>
        <ChangePluginInitParameter pluginid="SshPlugin" parameterId="username" parameterProperty="mustInput" propertyValue="FALSE"/>
        <ChangePluginInitParameter pluginid="SshPlugin" parameterId="password" parameterProperty="mustInput" propertyValue="FALSE"/>
        <ChangePluginInitParameter pluginid="WmiPlugin" parameterId="username" parameterProperty="mustInput" propertyValue="FALSE"/>
        <ChangePluginInitParameter pluginid="WmiPlugin" parameterId="password" parameterProperty="mustInput" propertyValue="FALSE"/>
        <ChangePluginInitParameter pluginid="TelnetPlugin" parameterId="port" parameterProperty="mustInput" propertyValue="FALSE"/>
        <ChangePluginInitParameter pluginid="TelnetPlugin" parameterId="username" parameterProperty="mustInput" propertyValue="FALSE"/>
        <ChangePluginInitParameter pluginid="TelnetPlugin" parameterId="password" parameterProperty="mustInput" propertyValue="FALSE"/>
        <ChangePluginInitParameter pluginid="TelnetPlugin" parameterId="userprompt" parameterProperty="mustInput" propertyValue="FALSE"/>
        <ChangePluginInitParameter pluginid="TelnetPlugin" parameterId="passprompt" parameterProperty="mustInput" propertyValue="FALSE"/>
        <ChangePluginInitParameter pluginid="TelnetPlugin" parameterId="opprompt" parameterProperty="mustInput" propertyValue="FALSE"/>
    </GlobalMetricSetting>
    <PluginClassAliasList>
        <PluginClassAlias id="defaultProcessor" class="com.mainsteam.stm.plugin.common.DefaultResultSetProcessor"/>
        <PluginClassAlias id="defaultConverter" class="com.mainsteam.stm.plugin.common.DefaultResultSetConverter"/>
        <PluginClassAlias id="selectProcessor" class="com.mainsteam.stm.plugin.common.SelectResultSetProcessor"/>
        <PluginClassAlias id="columnPasteProcessor" class="com.mainsteam.stm.plugin.common.ColumnPasteProcessor"/>
        <PluginClassAlias id="RegularFilter" class="com.mainsteam.stm.plugin.common.RegularFilter"/>
        <PluginClassAlias id="subInstConverter" class="com.mainsteam.stm.plugin.common.SubInstResultSetConverter"/>
        <PluginClassAlias id="availableConverter" class="com.mainsteam.stm.plugin.common.AvailableConverter"/>
        <PluginClassAlias id="tableConverter" class="com.mainsteam.stm.plugin.common.TableResultSetConverter"/>
        <PluginClassAlias id="translateProcessor" class="com.mainsteam.stm.plugin.common.TranslateResultSetProcessor"/>
        <PluginClassAlias id="ChangeRateProcessor" class="com.mainsteam.stm.plugin.common.ChangeRateProcessor"/>
        <PluginClassAlias id="processConverter" class="com.mainsteam.stm.plugin.common.ProcessResultSetConverter"/>
        <PluginClassAlias id="memRateProcessor" class="com.mainsteam.stm.plugin.common.MemRateProcessor"/>
    </PluginClassAliasList>
    <MetricPlugin metricid="availability" collectType="" pluginid="CachePlugin">
        <PluginResultMetaInfo columns=""/>
        <PluginParameter type="ArrayType">
            <Parameter type="" key="COMMAND" value="show avail"/>
        </PluginParameter>
    </MetricPlugin>
    <MetricPlugin metricid="cpuRate" collectType="WMI" pluginid="WmiPlugin">
        <PluginResultMetaInfo columns="CPU"/>
        <PluginParameter type="ArrayType">
            <Parameter type="" key="COMMAND" value="root\cimv2::select PercentProcessorTime from Win32_PerfFormattedData_PerfProc_Process where name = '_Total'"/>
        </PluginParameter>
    </MetricPlugin>
    <MetricPlugin metricid="cpuRate" collectType="TELNET" pluginid="TelnetPlugin">
        <PluginResultMetaInfo columns="cpuRate"/>
        <PluginParameter type="ArrayType">
            <Parameter type="" key="Linux" value="LANG=en_US.utf8;top -b -n 3 -d 2 | grep -i &quot;cpu(s)&quot; | tail -n+3 | awk -F , '{if($4~/id/){printf (&quot;%0.2f&quot;,100-substr($4,1,length($4)-3));}}'"/>
            <Parameter type="" key="FreeBSD" value="setenv LANG en_US.UTF-8;vmstat 1 2 | awk 'BEGIN{id_flag=0;idl=0;}NR&gt;1{if($0~/id/){for(i=1;i&lt;=NF;i++){if($i~/id/)id_flag=i;}}idl=$id_flag;}END{printf &quot;%.2f&quot;, 100.00-idl}'"/>
            <Parameter type="" key="UnixWare" value="LANG=en_US.UTF-8;sar -u 1 2| awk 'BEGIN{idle=0;idloff=0;}{if($0~/idle/){for(i=1;i&lt;=NF;i++){if($i~/idle/)idloff=i;}}else if(NF&gt;1){idle=$idloff;}}END{syscpuload=100.00-idle;printf &quot;%.2f&quot;, syscpuload}'"/>
            <Parameter type="" key="SunOS" value="vmstat 1 2 | awk 'BEGIN{id_flag=0;idl=0;}NR&gt;1{if($0~/id/){for(i=1;i&lt;=NF;i++){if($i~/id/)id_flag=i;}}idl=$id_flag;}END{printf &quot;%.2f&quot;, 100.00-idl}'"/>
            <Parameter type="" key="AIX" value="vmstat 1 2 | awk 'BEGIN{id_flag=0;idl=0;}NR&gt;1{if($0~/id/){for(i=1;i&lt;=NF;i++){if($i~/id/)id_flag=i;}}idl=$id_flag;}END{printf &quot;%.2f&quot;, 100.00-idl}'"/>
            <Parameter type="" key="SCO_SV" value="sar -u 1 2| awk 'BEGIN{idle=0;idloff=0;}{if($0~/idle/){for(i=1;i&lt;=NF;i++){if($i~/idle/)idloff=i;}}else if(NF&gt;1){idle=$idloff;}}END{syscpuload=100.00-idle;printf &quot;%.2f&quot;, syscpuload}'"/>
            <Parameter type="" key="HP-UX" value="LANG=en_US.utf8;vmstat 1 2 | awk 'BEGIN{id_flag=0;idl=0;}NR&gt;1{if($0~/id/){for(i=1;i&lt;=NF;i++){if($i~/id/)id_flag=i;}}idl=$id_flag;}END{printf &quot;%.2f&quot;, 100.00-idl}'"/>
        </PluginParameter>
    </MetricPlugin>
    <MetricPlugin metricid="cpuRate" collectType="SSH" pluginid="SshPlugin">
        <PluginResultMetaInfo columns="cpuRate"/>
        <PluginParameter type="ArrayType">
            <Parameter type="" key="Linux" value="LANG=en_US.utf8;top -b -n 3 -d 2 | grep -i &quot;cpu(s)&quot; | tail -n+3 | awk -F , '{if($4~/id/){printf (&quot;%0.2f&quot;,100-substr($4,1,length($4)-3));}}'"/>
            <Parameter type="" key="FreeBSD" value="setenv LANG en_US.UTF-8;vmstat 1 2 | awk 'BEGIN{id_flag=0;idl=0;}NR&gt;1{if($0~/id/){for(i=1;i&lt;=NF;i++){if($i~/id/)id_flag=i;}}idl=$id_flag;}END{printf &quot;%.2f&quot;, 100.00-idl}'"/>
            <Parameter type="" key="UnixWare" value="LANG=en_US.UTF-8;sar -u 1 2| awk 'BEGIN{idle=0;idloff=0;}{if($0~/idle/){for(i=1;i&lt;=NF;i++){if($i~/idle/)idloff=i;}}else if(NF&gt;1){idle=$idloff;}}END{syscpuload=100.00-idle;printf &quot;%.2f&quot;, syscpuload}'"/>
            <Parameter type="" key="SunOS" value="vmstat 1 2 | awk 'BEGIN{id_flag=0;idl=0;}NR&gt;1{if($0~/id/){for(i=1;i&lt;=NF;i++){if($i~/id/)id_flag=i;}}idl=$id_flag;}END{printf &quot;%.2f&quot;, 100.00-idl}'"/>
            <Parameter type="" key="AIX" value="vmstat 1 2 | awk 'BEGIN{id_flag=0;idl=0;}NR&gt;1{if($0~/id/){for(i=1;i&lt;=NF;i++){if($i~/id/)id_flag=i;}}idl=$id_flag;}END{printf &quot;%.2f&quot;, 100.00-idl}'"/>
            <Parameter type="" key="SCO_SV" value="sar -u 1 2| awk 'BEGIN{idle=0;idloff=0;}{if($0~/idle/){for(i=1;i&lt;=NF;i++){if($i~/idle/)idloff=i;}}else if(NF&gt;1){idle=$idloff;}}END{syscpuload=100.00-idle;printf &quot;%.2f&quot;, syscpuload}'"/>
            <Parameter type="" key="HP-UX" value="LANG=en_US.utf8;vmstat 1 2 | awk 'BEGIN{id_flag=0;idl=0;}NR&gt;1{if($0~/id/){for(i=1;i&lt;=NF;i++){if($i~/id/)id_flag=i;}}idl=$id_flag;}END{printf &quot;%.2f&quot;, 100.00-idl}'"/>
        </PluginParameter>
    </MetricPlugin>
    <MetricPlugin metricid="memRate" collectType="WMI" pluginid="WmiPlugin">
        <PluginResultMetaInfo columns="Memory,TotalMemSize"/>
        <PluginParameter type="ArrayType">
            <Parameter type="" key="COMMAND" value="root\cimv2::select FreePhysicalMemory,TotalVisibleMEMorySize from Win32_OperatingSystem"/>
        </PluginParameter>
        <PluginDataHandlers>
            <PluginDataHandler classKey="selectProcessor">
                <Parameter type="" key="SELECT" value="SELECT (TotalMemSize - Memory)/TotalMemSize*100 AS memRate"/>
            </PluginDataHandler>
        </PluginDataHandlers>
    </MetricPlugin>
    <MetricPlugin metricid="memRate" collectType="TELNET" pluginid="TelnetPlugin">
        <PluginResultMetaInfo columns="memRate"/>
        <PluginParameter type="ArrayType">
            <Parameter type="" key="Linux" value="LANG=en_US.utf8;cat /proc/meminfo | egrep '(^MemTotal|^MemFree|^Buffers|^Cached)' | awk '{if(NR==1){total=$2}else{free+=$2}};END {print free}'"/>
            <Parameter type="" key="FreeBSD" value="setenv LANG en_US.UTF-8;vmstat 1 2 | awk 'BEGIN{flag_fre=0;memfree=0;}NR&gt;1{if($0~/fre/){for(i=1;i&lt;=NF;i++){if($i~/fre/)flag_fre=i;}}memfree=$flag_fre;}END{printf &quot;%.0f&quot;, memfree}'"/>
            <Parameter type="" key="UnixWare" value="LANG=en_US.UTF-8;sar -r 1 | awk 'BEGIN{memfree=0}{while(getline &gt;0){memfree=$2;}}END{printf &quot;%.0f&quot;,memfree*4}'"/>
            <Parameter type="" key="SunOS" value="vmstat 1 2 | awk 'BEGIN{flag_fre=0;memfree=0;}NR&gt;1{if($0~/fre/){for(i=1;i&lt;=NF;i++){if($i~/fre/)flag_fre=i;}}memfree=$flag_fre;}END{printf &quot;%.0f&quot;, memfree}'"/>
            <Parameter type="" key="AIX" value="svmon -G |egrep '(in use|memory)'|awk 'BEGIN{total=0;inused=0;}{if($1~/memory/){total=$2;}else{inused=$3;}}END{printf &quot;%.0f&quot;,(total-inused)*4}'"/>
            <Parameter type="" key="SCO_SV" value="sar -r 1 | awk 'BEGIN{memfree=0}{while(getline &gt;0){memfree=$2;}}END{printf &quot;%.0f&quot;,memfree*4}'"/>
            <Parameter type="" key="HP-UX" value="LANG=en_US.utf8;vmstat 1 2 | awk 'BEGIN{flag_fre=0;memfree=0;}NR&gt;1{if($0~/fre/){for(i=1;i&lt;=NF;i++){if($i~/fre/)flag_fre=i;}}memfree=$flag_fre;}END{printf &quot;%.0f&quot;, memfree*4}'"/>
        </PluginParameter>
        <PluginDataHandlers>
            <PluginDataHandler classKey="selectProcessor">
                <Parameter type="ResourceProperty" key="totalMemSize" value="totalMemSize"/>
                <Parameter type="" key="SELECT" value="SELECT (1-memRate/${totalMemSize})*100 as memRate"/>
            </PluginDataHandler>
        </PluginDataHandlers>
    </MetricPlugin>
    <MetricPlugin metricid="memRate" collectType="SSH" pluginid="SshPlugin">
        <PluginResultMetaInfo columns="memRate"/>
        <PluginParameter type="ArrayType">
            <Parameter type="" key="Linux" value="LANG=en_US.utf8;cat /proc/meminfo | egrep '(^MemTotal|^MemFree|^Buffers|^Cached)' | awk '{if(NR==1){total=$2}else{free+=$2}};END {print free}'"/>
            <Parameter type="" key="FreeBSD" value="setenv LANG en_US.UTF-8;vmstat 1 2 | awk 'BEGIN{flag_fre=0;memfree=0;}NR&gt;1{if($0~/fre/){for(i=1;i&lt;=NF;i++){if($i~/fre/)flag_fre=i;}}memfree=$flag_fre;}END{printf &quot;%.0f&quot;, memfree}'"/>
            <Parameter type="" key="UnixWare" value="LANG=en_US.UTF-8;sar -r 1 | awk 'BEGIN{memfree=0}{while(getline &gt;0){memfree=$2;}}END{printf &quot;%.0f&quot;,memfree*4}'"/>
            <Parameter type="" key="SunOS" value="vmstat 1 2 | awk 'BEGIN{flag_fre=0;memfree=0;}NR&gt;1{if($0~/fre/){for(i=1;i&lt;=NF;i++){if($i~/fre/)flag_fre=i;}}memfree=$flag_fre;}END{printf &quot;%.0f&quot;, memfree}'"/>
            <Parameter type="" key="AIX" value="svmon -G |egrep '(in use|memory)'|awk 'BEGIN{total=0;inused=0;}{if($1~/memory/){total=$2;}else{inused=$3;}}END{printf &quot;%.0f&quot;,(total-inused)*4}'"/>
            <Parameter type="" key="SCO_SV" value="sar -r 1 | awk 'BEGIN{memfree=0}{while(getline &gt;0){memfree=$2;}}END{printf &quot;%.0f&quot;,memfree*4}'"/>
            <Parameter type="" key="HP-UX" value="LANG=en_US.utf8;vmstat 1 2 | awk 'BEGIN{flag_fre=0;memfree=0;}NR&gt;1{if($0~/fre/){for(i=1;i&lt;=NF;i++){if($i~/fre/)flag_fre=i;}}memfree=$flag_fre;}END{printf &quot;%.0f&quot;, memfree*4}'"/>
        </PluginParameter>
        <PluginDataHandlers>
            <PluginDataHandler classKey="selectProcessor">
                <Parameter type="ResourceProperty" key="totalMemSize" value="totalMemSize"/>
                <Parameter type="" key="SELECT" value="SELECT (1-memRate/${totalMemSize})*100 as memRate"/>
            </PluginDataHandler>
        </PluginDataHandlers>
    </MetricPlugin>
    <MetricPlugin metricid="OperatingSystem" collectType="WMI" pluginid="WmiPlugin">
        <PluginResultMetaInfo columns=""/>
        <PluginParameter type="ArrayType">
            <Parameter type="" key="COMMAND" value="root\cimv2::SELECT Caption from Win32_OperatingSystem"/>
        </PluginParameter>
    </MetricPlugin>
    <MetricPlugin metricid="OperatingSystem" collectType="SSH" pluginid="SshPlugin">
        <PluginResultMetaInfo columns="OperatingSystem"/>
        <PluginParameter type="ArrayType">
            <Parameter type="" key="Linux"
                       value="LANG=en_US.utf8;cat /etc/redflag-release 2&gt;/dev/null ||cat /etc/redhat-release 2&gt;/dev/null ||head -n 1 /etc/SuSE-release 2&gt;/dev/null ||cat /etc/mvl-release 2&gt;/dev/null ||cat /etc/wrs-release 2&gt;/dev/null ||cat /etc/debian_version 2&gt;/dev/null || cat /etc/debian_version 2&gt;/dev/null ||cat /etc/lsb-release"/>
            <Parameter type="" key="FreeBSD" value="setenv LANG en_US.UTF-8;uname -srn | awk '{printf &quot;%s %s&quot;,$1,$3}'"/>
            <Parameter type="" key="UnixWare" value="LANG=en_US.UTF-8;uname -svn|awk '{printf &quot;%s %s&quot;,$1,$3}'"/>
            <Parameter type="" key="SunOS" value="uname -a 2&gt;/dev/null|awk '{printf &quot;%s %s&quot;, $1,$3}'"/>
            <Parameter type="" key="AIX" value="uname"/>
            <Parameter type="" key="SCO_SV" value="uname -svn|awk '{printf &quot;%s %s&quot;,$1,$3}'"/>
            <Parameter type="" key="HP-UX" value="LANG=en_US.utf8;uname -a|awk '{printf &quot;%s %s&quot;,$1,$3}'"/>
        </PluginParameter>
    </MetricPlugin>
    <MetricPlugin metricid="OperatingSystem" collectType="TELNET" pluginid="TelnetPlugin">
        <PluginResultMetaInfo columns="OperatingSystem"/>
        <PluginParameter type="ArrayType">
            <Parameter type="" key="Linux"
                       value="LANG=en_US.utf8;cat /etc/redflag-release 2&gt;/dev/null ||cat /etc/redhat-release 2&gt;/dev/null ||head -n 1 /etc/SuSE-release 2&gt;/dev/null ||cat /etc/mvl-release 2&gt;/dev/null ||cat /etc/wrs-release 2&gt;/dev/null ||cat /etc/debian_version 2&gt;/dev/null || cat /etc/debian_version 2&gt;/dev/null ||cat /etc/lsb-release"/>
            <Parameter type="" key="FreeBSD" value="setenv LANG en_US.UTF-8;uname -srn | awk '{printf &quot;%s %s&quot;,$1,$3}'"/>
            <Parameter type="" key="UnixWare" value="LANG=en_US.UTF-8;uname -svn|awk '{printf &quot;%s %s&quot;,$1,$3}'"/>
            <Parameter type="" key="SunOS" value="uname -a 2&gt;/dev/null|awk '{printf &quot;%s %s&quot;, $1,$3}'"/>
            <Parameter type="" key="AIX" value="uname"/>
            <Parameter type="" key="SCO_SV" value="uname -svn|awk '{printf &quot;%s %s&quot;,$1,$3}'"/>
            <Parameter type="" key="HP-UX" value="LANG=en_US.utf8;uname -a|awk '{printf &quot;%s %s&quot;,$1,$3}'"/>
        </PluginParameter>
    </MetricPlugin>
    <MetricPlugin metricid="hostName" collectType="WMI" pluginid="WmiPlugin">
        <PluginResultMetaInfo columns=""/>
        <PluginParameter type="ArrayType">
            <Parameter type="" key="COMMAND" value="root\cimv2::SELECT Name FROM Win32_ComputerSystem"/>
        </PluginParameter>
    </MetricPlugin>
    <MetricPlugin metricid="hostName" collectType="SSH" pluginid="SshPlugin">
        <PluginResultMetaInfo columns="hostName"/>
        <PluginParameter type="ArrayType">
            <Parameter type="" key="Linux" value="LANG=en_US.utf8;uname -n"/>
            <Parameter type="" key="FreeBSD" value="setenv LANG en_US.UTF-8;uname -n"/>
            <Parameter type="" key="UnixWare" value="LANG=en_US.UTF-8;uname -n"/>
            <Parameter type="" key="SunOS" value="uname -n"/>
            <Parameter type="" key="AIX" value="uname -n"/>
            <Parameter type="" key="SCO_SV" value="uname -n"/>
            <Parameter type="" key="HP-UX" value="LANG=en_US.utf8;uname -n"/>
        </PluginParameter>
    </MetricPlugin>
    <MetricPlugin metricid="hostName" collectType="TELNET" pluginid="TelnetPlugin">
        <PluginResultMetaInfo columns="hostName"/>
        <PluginParameter type="ArrayType">
            <Parameter type="" key="Linux" value="LANG=en_US.utf8;uname -n"/>
            <Parameter type="" key="FreeBSD" value="setenv LANG en_US.UTF-8;uname -n"/>
            <Parameter type="" key="UnixWare" value="LANG=en_US.UTF-8;uname -n"/>
            <Parameter type="" key="SunOS" value="uname -n"/>
            <Parameter type="" key="AIX" value="uname -n"/>
            <Parameter type="" key="SCO_SV" value="uname -n"/>
            <Parameter type="" key="HP-UX" value="LANG=en_US.utf8;uname -n"/>
        </PluginParameter>
    </MetricPlugin>
    <MetricPlugin metricid="totalMemSize" collectType="WMI" pluginid="WmiPlugin">
        <PluginResultMetaInfo columns="chk_TotalMemSize_wmi"/>
        <PluginParameter type="ArrayType">
            <Parameter type="" key="COMMAND" value="root\cimv2::SELECT TotalVisibleMEMorySize FROM Win32_OperatingSystem"/>
        </PluginParameter>
    </MetricPlugin>
    <MetricPlugin metricid="totalMemSize" collectType="SSH" pluginid="SshPlugin">
        <PluginResultMetaInfo columns="totalMemSize"/>
        <PluginParameter type="ArrayType">
            <Parameter type="" key="Linux" value="LANG=en_US.utf8;cat /proc/meminfo |grep -i MemTotal |awk '{printf &quot;%d&quot;,$2}'"/>
            <Parameter type="" key="FreeBSD" value="setenv LANG en_US.UTF-8;cat /var/run/dmesg.boot | grep -i &quot;real memory&quot; | awk '{printf &quot;%d&quot;,$4/1024}'"/>
            <Parameter type="" key="UnixWare" value="LANG=en_US.UTF-8;memsize|awk '{printf &quot;%d&quot;,$1/1024}'"/>
            <Parameter type="" key="SunOS" value="prtconf|awk '/^Memory [Ss]ize/{printf &quot;%d&quot;,$3*1024}'"/>
            <Parameter type="" key="AIX" value="/usr/sbin/prtconf -m 2&gt;/dev/null| awk '{printf &quot;%d&quot;,$3*1024}'"/>
            <Parameter type="" key="SCO_SV" value="memsize|awk '{printf &quot;%d&quot;,$1/1024}'"/>
            <Parameter type="" key="HP-UX" value="LANG=en_US.utf8;grep Physical /var/adm/syslog/syslog.log 2&gt;/dev/null |awk 'BEGIN{pmemsize=0;}{for(i=1;i&lt;=NF;i++){if($i~/Physical:/){pmemsize=$(i+1)}}}END{if(pmemsize==0)exit 1;printf pmemsize}'"/>
        </PluginParameter>
    </MetricPlugin>
    <MetricPlugin metricid="totalMemSize" collectType="TELNET" pluginid="TelnetPlugin">
        <PluginResultMetaInfo columns="totalMemSize"/>
        <PluginParameter type="ArrayType">
            <Parameter type="" key="Linux" value="LANG=en_US.utf8;cat /proc/meminfo |grep -i MemTotal |awk '{printf &quot;%d&quot;,$2}'"/>
            <Parameter type="" key="FreeBSD" value="setenv LANG en_US.UTF-8;cat /var/run/dmesg.boot | grep -i &quot;real memory&quot; | awk '{printf &quot;%d&quot;,$4/1024}'"/>
            <Parameter type="" key="UnixWare" value="LANG=en_US.UTF-8;memsize|awk '{printf &quot;%d&quot;,$1/1024}'"/>
            <Parameter type="" key="SunOS" value="prtconf|awk '/^Memory [Ss]ize/{printf &quot;%d&quot;,$3*1024}'"/>
            <Parameter type="" key="AIX" value="/usr/sbin/prtconf -m 2&gt;/dev/null| awk '{printf &quot;%d&quot;,$3*1024}'"/>
            <Parameter type="" key="SCO_SV" value="memsize|awk '{printf &quot;%d&quot;,$1/1024}'"/>
            <Parameter type="" key="HP-UX" value="LANG=en_US.utf8;grep Physical /var/adm/syslog/syslog.log 2&gt;/dev/null |awk 'BEGIN{pmemsize=0;}{for(i=1;i&lt;=NF;i++){if($i~/Physical:/){pmemsize=$(i+1)}}}END{if(pmemsize==0)exit 1;printf pmemsize}'"/>
        </PluginParameter>
    </MetricPlugin>
    <MetricPlugin metricid="appCpuRate" collectType="WMI" pluginid="WmiPlugin">
        <PluginResultMetaInfo columns="chk_cpurate_wmi"/>
        <PluginParameter type="ArrayType">
            <Parameter type="" key="COMMAND" value="root\cimv2::select PercentProcessorTime from Win32_PerfFormattedData_PerfProc_Process where Name like 'cache%'"/>
        </PluginParameter>
        <PluginDataHandlers>
            <PluginDataHandler classKey="selectProcessor">
                <Parameter type="" key="SELECT" value="SELECT (sum(chk_cpurate_wmi)) as appCpuRate"/>
            </PluginDataHandler>
        </PluginDataHandlers>
    </MetricPlugin>
    <MetricPlugin metricid="appCpuRate" collectType="SSH" pluginid="SshPlugin">
        <PluginResultMetaInfo columns="appCpuRate"/>
        <PluginParameter type="ArrayType">
            <Parameter type="DiscoveryInfo" key="InstanceName" value="InstallPath"/>
            <Parameter type="" key="Linux" value="LANG=en_US.utf8;top -bS -d 1 -n 1 | egrep ${InstanceName} | awk 'BEGIN{cpuUsage=0;}{if(cpuUsage&amp;lt;$9){cpuUsage=$9;}if(cpuUsage&gt;100){cpuUsage=99.8;}}END{printf(&amp;quot;%0.2f&amp;quot;,cpuUsage);}'"/>
            <Parameter type="" key="FreeBSD" value="setenv LANG en_US.UTF-8;ps -aux | egrep ${InstanceName} | egrep -v egrep | awk '{print $3}'"/>
            <Parameter type="" key="UnixWare" value="LANG=en_US.UTF-8;ps -eo 'pcpu comm args' | egrep ${InstanceName} | egrep -v egrep | awk '{print $1}'"/>
            <Parameter type="" key="SunOS" value="ps -eo 'pcpu comm args' | egrep ${InstanceName} | egrep -v egrep | awk '{print $1}'"/>
            <Parameter type="" key="AIX" value="ps auwwx |egrep ${InstanceName}|egrep -v egrep | awk '{print $3}'"/>
            <Parameter type="" key="SCO_SV" value="ps -eo 'pcpu comm args' | egrep ${InstanceName} | egrep -v egrep | awk '{print $1}'"/>
            <Parameter type="" key="HP-UX" value="LANG=en_US.utf8;UNIX95= ps -eo 'pcpu comm args' |egrep ${InstanceName}|egrep -v egrep | awk '{print $1}'"/>
        </PluginParameter>
        <PluginDataHandlers>
            <PluginDataHandler classKey="RegularFilter">
                <Parameter type="" key="REGULAR" value="(\S+)"/>
            </PluginDataHandler>
            <PluginDataHandler classKey="selectProcessor">
                <Parameter type="" key="SELECT" value="SELECT sum(appCpuRate) as appCpuRate"/>
            </PluginDataHandler>
        </PluginDataHandlers>
    </MetricPlugin>
    <MetricPlugin metricid="appCpuRate" collectType="TELNET" pluginid="TelnetPlugin">
        <PluginResultMetaInfo columns="appCpuRate"/>
        <PluginParameter type="ArrayType">
            <Parameter type="DiscoveryInfo" key="InstanceName" value="InstallPath"/>
            <Parameter type="" key="Linux" value="LANG=en_US.utf8;top -bS -d 1 -n 1 | egrep ${InstanceName} | awk 'BEGIN{cpuUsage=0;}{if(cpuUsage&amp;lt;$9){cpuUsage=$9;}if(cpuUsage&gt;100){cpuUsage=99.8;}}END{printf(&amp;quot;%0.2f&amp;quot;,cpuUsage);}'"/>
            <Parameter type="" key="FreeBSD" value="setenv LANG en_US.UTF-8;ps -aux | egrep ${InstanceName} | egrep -v egrep | awk '{print $3}'"/>
            <Parameter type="" key="UnixWare" value="LANG=en_US.UTF-8;ps -eo 'pcpu comm args' | egrep ${InstanceName} | egrep -v egrep | awk '{print $1}'"/>
            <Parameter type="" key="SunOS" value="ps -eo 'pcpu comm args' | egrep ${InstanceName} | egrep -v egrep | awk '{print $1}'"/>
            <Parameter type="" key="AIX" value="ps auwwx |egrep ${InstanceName}|egrep -v egrep | awk '{print $3}'"/>
            <Parameter type="" key="SCO_SV" value="ps -eo 'pcpu comm args' | egrep ${InstanceName} | egrep -v egrep | awk '{print $1}'"/>
            <Parameter type="" key="HP-UX" value="LANG=en_US.utf8;UNIX95= ps -eo 'pcpu comm args' |egrep ${InstanceName}|egrep -v egrep | awk '{print $1}'"/>
        </PluginParameter>
        <PluginDataHandlers>
            <PluginDataHandler classKey="RegularFilter">
                <Parameter type="" key="REGULAR" value="(\S+)"/>
            </PluginDataHandler>
            <PluginDataHandler classKey="selectProcessor">
                <Parameter type="" key="SELECT" value="SELECT sum(appCpuRate) as appCpuRate"/>
            </PluginDataHandler>
        </PluginDataHandlers>
    </MetricPlugin>
    <MetricPlugin metricid="appMemRate" collectType="WMI" pluginid="WmiPlugin">
        <PluginResultMetaInfo columns="Memory,TotalMemSize"/>
        <PluginParameter type="ArrayType">
            <Parameter type="" key="COMMAND" value="root\cimv2::select WorkingSet from Win32_PerfFormattedData_PerfProc_Process where Name like 'cache%'"/>
            <Parameter type="" key="COMMAND" value="root\cimv2::SELECT TotalVisibleMEMorySize FROM Win32_OperatingSystem"/>
        </PluginParameter>
        <PluginDataHandlers>
            <PluginDataHandler classKey="selectProcessor">
                <Parameter type="" key="SELECT" value="SELECT (100*sum(Memory)/TotalMemSize/1024) as appMemRate"/>
            </PluginDataHandler>
        </PluginDataHandlers>
    </MetricPlugin>
    <MetricPlugin metricid="appMemRate" collectType="SSH" pluginid="SshPlugin">
        <PluginResultMetaInfo columns="appMemRate"/>
        <PluginParameter type="ArrayType">
            <Parameter type="DiscoveryInfo" key="InstanceName" value="InstallPath"/>
            <Parameter type="" key="GetUname" value="yes"/>
            <Parameter type="" key="Linux"
                       value="LANG=en_US.utf8;top -bS -d 1 -n 1 | grep ${InstanceName} | awk 'BEGIN{res=0;shr=0;real=0;tmp_res=0;tmp_shr=0;}{tmp_res=substr($6,1,length($6)-1);tmp_shr=substr($7,1,length($7)-1);if($6~/m|M/){res=res+tmp_res*1024;}else if($6~/g|G/){res=res+tmp_res*1024*1024;}else{res=res+tmp_res;};if($7~/m|M/){shr=shr+tmp_shr*1024}else if($7~/g|G/){shr=shr+tmp_shr*1024*1024}else{shr=shr+tmp_shr;};}END{real=res-shr;printf(&quot;%d&quot;,real);}'"/>
            <Parameter type="" key="FreeBSD" value="setenv LANG en_US.UTF-8;ps -aux | egrep ${InstanceName} | egrep -v egrep | awk '{print $4}'"/>
            <Parameter type="" key="UnixWare" value="LANG=en_US.UTF-8;ps -eo 'vsz comm args' | egrep ${InstanceName} | egrep -v egrep | awk '{print $1}'"/>
            <Parameter type="" key="SunOS" value="ps -eo 'pmem comm args' | egrep ${InstanceName} | egrep -v egrep | awk '{print $1}'"/>
            <Parameter type="" key="AIX" value="ps auwwx |egrep ${InstanceName}|egrep -v egrep | awk '{print $4}'"/>
            <Parameter type="" key="SCO_SV" value="ps -eo 'vsz comm args' | egrep ${InstanceName} | egrep -v egrep | awk '{print $1}'"/>
            <Parameter type="" key="HP-UX"
                       value="LANG=en_US.utf8;rm -f /tmp/topShellResult.log;top -s2 -d1 -P -n65535 -f /tmp/topShellResult.log;cat /tmp/topShellResult.log | egrep '${InstanceName}' | awk 'BEGIN{res_data=0;res_temp=0;}{res_temp=substr($9,1,length($9)-1);if($9~/K/){res_data=res_data+res_temp;}else if($9~/M/){res_data=res_data+res_temp*1024;}}END{printf (&quot;%d&quot;,res_data);}'"/>
        </PluginParameter>
        <PluginDataHandlers>
            <PluginDataHandler classKey="memRateProcessor">
                <Parameter type="ResourceProperty" key="totalMemSize" value="totalMemSize"/>
            </PluginDataHandler>
        </PluginDataHandlers>
    </MetricPlugin>
    <MetricPlugin metricid="appMemRate" collectType="TELNET" pluginid="TelnetPlugin">
        <PluginResultMetaInfo columns="appMemRate"/>
        <PluginParameter type="ArrayType">
            <Parameter type="DiscoveryInfo" key="InstanceName" value="InstallPath"/>
            <Parameter type="" key="GetUname" value="yes"/>
            <Parameter type="" key="Linux"
                       value="LANG=en_US.utf8;top -bS -d 1 -n 1 | grep ${InstanceName} | awk 'BEGIN{res=0;shr=0;real=0;tmp_res=0;tmp_shr=0;}{tmp_res=substr($6,1,length($6)-1);tmp_shr=substr($7,1,length($7)-1);if($6~/m|M/){res=res+tmp_res*1024;}else if($6~/g|G/){res=res+tmp_res*1024*1024;}else{res=res+tmp_res;};if($7~/m|M/){shr=shr+tmp_shr*1024}else if($7~/g|G/){shr=shr+tmp_shr*1024*1024}else{shr=shr+tmp_shr;};}END{real=res-shr;printf(&quot;%d&quot;,real);}'"/>
            <Parameter type="" key="FreeBSD" value="setenv LANG en_US.UTF-8;ps -aux | egrep ${InstanceName} | egrep -v egrep | awk '{print $4}'"/>
            <Parameter type="" key="UnixWare" value="LANG=en_US.UTF-8;ps -eo 'vsz comm args' | egrep ${InstanceName} | egrep -v egrep | awk '{print $1}'"/>
            <Parameter type="" key="SunOS" value="ps -eo 'pmem comm args' | egrep ${InstanceName} | egrep -v egrep | awk '{print $1}'"/>
            <Parameter type="" key="AIX" value="ps auwwx |egrep ${InstanceName}|egrep -v egrep | awk '{print $4}'"/>
            <Parameter type="" key="SCO_SV" value="ps -eo 'vsz comm args' | egrep ${InstanceName} | egrep -v egrep | awk '{print $1}'"/>
            <Parameter type="" key="HP-UX"
                       value="LANG=en_US.utf8;rm -f /tmp/topShellResult.log;top -s2 -d1 -P -n65535 -f /tmp/topShellResult.log;cat /tmp/topShellResult.log | egrep '${InstanceName}' | awk 'BEGIN{res_data=0;res_temp=0;}{res_temp=substr($9,1,length($9)-1);if($9~/K/){res_data=res_data+res_temp;}else if($9~/M/){res_data=res_data+res_temp*1024;}}END{printf (&quot;%d&quot;,res_data);}'"/>
        </PluginParameter>
        <PluginDataHandlers>
            <PluginDataHandler classKey="memRateProcessor">
                <Parameter type="ResourceProperty" key="totalMemSize" value="totalMemSize"/>
            </PluginDataHandler>
        </PluginDataHandlers>
    </MetricPlugin>
    <MetricPlugin metricid="cacheId" collectType="" pluginid="CachePlugin">
        <PluginResultMetaInfo columns=""/>
        <PluginParameter type="ArrayType">
            <Parameter value="cacheDBName" key="cacheDBName" type="DiscoveryInfo"/>
            <Parameter type="" key="COMMAND" value="select ID,CPFName from  Config.Databases where ID like 'CACHE||Databases||${cacheDBName}'"/>
        </PluginParameter>
    </MetricPlugin>
    <MetricPlugin metricid="dbCpfName" collectType="" pluginid="CachePlugin">
        <PluginResultMetaInfo columns=""/>
        <PluginParameter type="ArrayType">
            <Parameter value="cacheDBName" key="cacheDBName" type="DiscoveryInfo"/>
            <Parameter type="" key="COMMAND" value="select CPFName from Config.Databases where ID like 'CACHE||Databases||${cacheDBName}'"/>
        </PluginParameter>
    </MetricPlugin>
    <MetricPlugin metricid="dbName" collectType="" pluginid="CachePlugin">
        <PluginResultMetaInfo columns=""/>
        <PluginParameter type="ArrayType">
            <Parameter value="cacheDBName" key="cacheDBName" type="DiscoveryInfo"/>
            <Parameter type="" key="COMMAND" value="select name from Config.Databases where ID like 'CACHE||Databases||${cacheDBName}'"/>
        </PluginParameter>
    </MetricPlugin>
    <MetricPlugin metricid="dbSectionHeader" collectType="" pluginid="CachePlugin">
        <PluginResultMetaInfo columns=""/>
        <PluginParameter type="ArrayType">
            <Parameter value="cacheDBName" key="cacheDBName" type="DiscoveryInfo"/>
            <Parameter type="" key="COMMAND" value="select SectionHeader from Config.Databases where ID like 'CACHE||Databases||${cacheDBName}'"/>
        </PluginParameter>
    </MetricPlugin>
    <MetricPlugin metricid="dbCMMode" collectType="" pluginid="CachePlugin">
        <PluginResultMetaInfo columns=""/>
        <PluginParameter type="ArrayType">
            <Parameter value="cacheDBName" key="cacheDBName" type="DiscoveryInfo"/>
            <Parameter type="" key="COMMAND" value="select ClusterMountMode from Config.Databases where ID like 'CACHE||Databases||${cacheDBName}'"/>
        </PluginParameter>
        <PluginDataHandlers>
            <PluginDataHandler classKey="translateProcessor">
                <Parameter type="" key="" value="0,否;是"/>
            </PluginDataHandler>
        </PluginDataHandlers>
    </MetricPlugin>
    <MetricPlugin metricid="CachedbDirectory" collectType="" pluginid="CachePlugin">
        <PluginResultMetaInfo columns=""/>
        <PluginParameter type="ArrayType">
            <Parameter value="cacheDBName" key="cacheDBName" type="DiscoveryInfo"/>
            <Parameter type="" key="COMMAND" value="select Directory from Config.Databases where ID like 'CACHE||Databases||${cacheDBName}'"/>
        </PluginParameter>
    </MetricPlugin>
    <MetricPlugin metricid="dbBlockSize" collectType="" pluginid="CachePlugin">
        <PluginResultMetaInfo columns=""/>
        <PluginParameter type="ArrayType">
            <Parameter type="" key="COMMAND" value="com.mainsteam.stm.plugin.cache.CacheCollector.getDBBlockSize"/>
        </PluginParameter>
    </MetricPlugin>
    <MetricPlugin metricid="dbBlockFormat" collectType="" pluginid="CachePlugin">
        <PluginResultMetaInfo columns=""/>
        <PluginParameter type="ArrayType">
            <Parameter type="" key="COMMAND" value="com.mainsteam.stm.plugin.cache.CacheCollector.getDBBlockFormat"/>
        </PluginParameter>
    </MetricPlugin>
    <MetricPlugin metricid="dbBlocks" collectType="" pluginid="CachePlugin">
        <PluginResultMetaInfo columns=""/>
        <PluginParameter type="ArrayType">
            <Parameter type="" key="COMMAND" value="com.mainsteam.stm.plugin.cache.CacheCollector.getDBBlocks"/>
        </PluginParameter>
    </MetricPlugin>
    <MetricPlugin metricid="dbBlocksPerMap" collectType="" pluginid="CachePlugin">
        <PluginResultMetaInfo columns=""/>
        <PluginParameter type="ArrayType">
            <Parameter type="" key="COMMAND" value="com.mainsteam.stm.plugin.cache.CacheCollector.getDBBlocksPerMap"/>
        </PluginParameter>
    </MetricPlugin>
    <MetricPlugin metricid="dbClusterMounted" collectType="" pluginid="CachePlugin">
        <PluginResultMetaInfo columns=""/>
        <PluginParameter type="ArrayType">
            <Parameter type="" key="COMMAND" value="com.mainsteam.stm.plugin.cache.CacheCollector.getDBClusterMounted"/>
        </PluginParameter>
        <PluginDataHandlers>
            <PluginDataHandler classKey="translateProcessor">
                <Parameter type="" key="" value="false,否;true,是;否"/>
            </PluginDataHandler>
        </PluginDataHandlers>
    </MetricPlugin>
    <MetricPlugin metricid="dbDirectoryBlock" collectType="" pluginid="CachePlugin">
        <PluginResultMetaInfo columns=""/>
        <PluginParameter type="ArrayType">
            <Parameter type="" key="COMMAND" value="com.mainsteam.stm.plugin.cache.CacheCollector.getDBDirectoryBlock"/>
        </PluginParameter>
    </MetricPlugin>
    <MetricPlugin metricid="dbEncryptedDB" collectType="" pluginid="CachePlugin">
        <PluginResultMetaInfo columns=""/>
        <PluginParameter type="ArrayType">
            <Parameter type="" key="COMMAND" value="com.mainsteam.stm.plugin.cache.CacheCollector.getDBEncryptedDB"/>
        </PluginParameter>
        <PluginDataHandlers>
            <PluginDataHandler classKey="translateProcessor">
                <Parameter type="" key="" value="false,否;true,是;否"/>
            </PluginDataHandler>
        </PluginDataHandlers>
    </MetricPlugin>
    <MetricPlugin metricid="dbEncryptionKeyID" collectType="" pluginid="CachePlugin">
        <PluginResultMetaInfo columns=""/>
        <PluginParameter type="ArrayType">
            <Parameter type="" key="COMMAND" value="com.mainsteam.stm.plugin.cache.CacheCollector.getDBEncryptionKeyID"/>
        </PluginParameter>
        <PluginDataHandlers>
            <PluginDataHandler classKey="translateProcessor">
                <Parameter type="" key="" value="null,无"/>
            </PluginDataHandler>
        </PluginDataHandlers>
    </MetricPlugin>
    <MetricPlugin metricid="dbExpansionSize" collectType="" pluginid="CachePlugin">
        <PluginResultMetaInfo columns=""/>
        <PluginParameter type="ArrayType">
            <Parameter type="" key="COMMAND" value="com.mainsteam.stm.plugin.cache.CacheCollector.getDBExpansionSize"/>
        </PluginParameter>
    </MetricPlugin>
    <MetricPlugin metricid="dbCacheFull" collectType="" pluginid="CachePlugin">
        <PluginResultMetaInfo columns=""/>
        <PluginParameter type="ArrayType">
            <Parameter type="" key="COMMAND" value="com.mainsteam.stm.plugin.cache.CacheCollector.getDBFull"/>
        </PluginParameter>
        <PluginDataHandlers>
            <PluginDataHandler classKey="translateProcessor">
                <Parameter type="" key="" value="false,否;true,是;否"/>
            </PluginDataHandler>
        </PluginDataHandlers>
    </MetricPlugin>
    <MetricPlugin metricid="dbMaxSize" collectType="" pluginid="CachePlugin">
        <PluginResultMetaInfo columns=""/>
        <PluginParameter type="ArrayType">
            <Parameter type="" key="COMMAND" value="com.mainsteam.stm.plugin.cache.CacheCollector.getDBMaxSize"/>
        </PluginParameter>
        <PluginDataHandlers>
            <PluginDataHandler classKey="translateProcessor">
                <Parameter type="" key="" value="0,无限制"/>
            </PluginDataHandler>
        </PluginDataHandlers>
    </MetricPlugin>
    <MetricPlugin metricid="dbMirrored" collectType="" pluginid="CachePlugin">
        <PluginResultMetaInfo columns=""/>
        <PluginParameter type="ArrayType">
            <Parameter type="" key="COMMAND" value="com.mainsteam.stm.plugin.cache.CacheCollector.getDBMirrored"/>
        </PluginParameter>
        <PluginDataHandlers>
            <PluginDataHandler classKey="translateProcessor">
                <Parameter type="" key="" value="false,否;true,是;否"/>
            </PluginDataHandler>
        </PluginDataHandlers>
    </MetricPlugin>
    <MetricPlugin metricid="dbMirrorDBName" collectType="" pluginid="CachePlugin">
        <PluginResultMetaInfo columns=""/>
        <PluginParameter type="ArrayType">
            <Parameter type="" key="COMMAND" value="com.mainsteam.stm.plugin.cache.CacheCollector.getDBMirrorDBName"/>
        </PluginParameter>
    </MetricPlugin>
    <MetricPlugin metricid="dbMirrorNoWrite" collectType="" pluginid="CachePlugin">
        <PluginResultMetaInfo columns=""/>
        <PluginParameter type="ArrayType">
            <Parameter type="" key="COMMAND" value="com.mainsteam.stm.plugin.cache.CacheCollector.getDBMirrorNoWrite"/>
        </PluginParameter>
        <PluginDataHandlers>
            <PluginDataHandler classKey="translateProcessor">
                <Parameter type="" key="" value="false,否;true,是;否"/>
            </PluginDataHandler>
        </PluginDataHandlers>
    </MetricPlugin>
    <MetricPlugin metricid="dbMirrorActieReq" collectType="" pluginid="CachePlugin">
        <PluginResultMetaInfo columns=""/>
        <PluginParameter type="ArrayType">
            <Parameter type="" key="COMMAND" value="com.mainsteam.stm.plugin.cache.CacheCollector.getDBMirrorActivationRequired"/>
        </PluginParameter>
        <PluginDataHandlers>
            <PluginDataHandler classKey="translateProcessor">
                <Parameter type="" key="" value="false,否;true,是;否"/>
            </PluginDataHandler>
        </PluginDataHandlers>
    </MetricPlugin>
    <MetricPlugin metricid="dbMirrorFailoverDB" collectType="" pluginid="CachePlugin">
        <PluginResultMetaInfo columns=""/>
        <PluginParameter type="ArrayType">
            <Parameter type="" key="COMMAND" value="com.mainsteam.stm.plugin.cache.CacheCollector.getDBMirrorFailoverDB"/>
        </PluginParameter>
        <PluginDataHandlers>
            <PluginDataHandler classKey="translateProcessor">
                <Parameter type="" key="" value="false,否;true,是;否"/>
            </PluginDataHandler>
        </PluginDataHandlers>
    </MetricPlugin>
    <MetricPlugin metricid="dbInActiveMirror" collectType="" pluginid="CachePlugin">
        <PluginResultMetaInfo columns=""/>
        <PluginParameter type="ArrayType">
            <Parameter type="" key="COMMAND" value="com.mainsteam.stm.plugin.cache.CacheCollector.getDBInActiveMirror"/>
        </PluginParameter>
        <PluginDataHandlers>
            <PluginDataHandler classKey="translateProcessor">
                <Parameter type="" key="" value="false,否;true,是;否"/>
            </PluginDataHandler>
        </PluginDataHandlers>
    </MetricPlugin>
    <MetricPlugin metricid="dbMounted" collectType="" pluginid="CachePlugin">
        <PluginResultMetaInfo columns=""/>
        <PluginParameter type="ArrayType">
            <Parameter type="" key="COMMAND" value="com.mainsteam.stm.plugin.cache.CacheCollector.getDBMounted"/>
        </PluginParameter>
        <PluginDataHandlers>
            <PluginDataHandler classKey="translateProcessor">
                <Parameter type="" key="" value="false,否;true,是;否"/>
            </PluginDataHandler>
        </PluginDataHandlers>
    </MetricPlugin>
    <MetricPlugin metricid="dbNewGgBlock" collectType="" pluginid="CachePlugin">
        <PluginResultMetaInfo columns=""/>
        <PluginParameter type="ArrayType">
            <Parameter type="" key="COMMAND" value="com.mainsteam.stm.plugin.cache.CacheCollector.getDBNewGlobalGrowthBlock"/>
        </PluginParameter>
    </MetricPlugin>
    <MetricPlugin metricid="cacheDbSize" collectType="" pluginid="CachePlugin">
        <PluginResultMetaInfo columns=""/>
        <PluginParameter type="ArrayType">
            <Parameter type="" key="COMMAND" value="com.mainsteam.stm.plugin.cache.CacheCollector.getDBSize"/>
        </PluginParameter>
    </MetricPlugin>
    <MetricPlugin metricid="cacheDbVolumes" collectType="" pluginid="CachePlugin">
        <PluginResultMetaInfo columns=""/>
        <PluginParameter type="ArrayType">
            <Parameter type="" key="COMMAND" value="com.mainsteam.stm.plugin.cache.CacheCollector.getDBVolumes"/>
        </PluginParameter>
    </MetricPlugin>
    <MetricPlugin metricid="cacheDbResourceName" collectType="" pluginid="CachePlugin">
        <PluginResultMetaInfo columns=""/>
        <PluginParameter type="ArrayType">
            <Parameter type="" key="COMMAND" value="com.mainsteam.stm.plugin.cache.CacheCollector.getDBResourceName"/>
        </PluginParameter>
    </MetricPlugin>
    <MetricPlugin metricid="cacheDbReadOnly" collectType="" pluginid="CachePlugin">
        <PluginResultMetaInfo columns=""/>
        <PluginParameter type="ArrayType">
            <Parameter type="" key="COMMAND" value="com.mainsteam.stm.plugin.cache.CacheCollector.getDBReadOnly"/>
        </PluginParameter>
        <PluginDataHandlers>
            <PluginDataHandler classKey="translateProcessor">
                <Parameter type="" key="" value="false,否;true,是;否"/>
            </PluginDataHandler>
        </PluginDataHandlers>
    </MetricPlugin>
    <MetricPlugin metricid="cacheMaxConn" collectType="" pluginid="CachePlugin">
        <PluginResultMetaInfo columns=""/>
        <PluginParameter type="ArrayType">
            <Parameter type="" key="COMMAND" value="com.mainsteam.stm.plugin.cache.CacheCollector.getMaxConn"/>
        </PluginParameter>
    </MetricPlugin>
    <MetricPlugin metricid="cacheActConn" collectType="" pluginid="CachePlugin">
        <PluginResultMetaInfo columns=""/>
        <PluginParameter type="ArrayType">
            <Parameter type="" key="COMMAND" value="com.mainsteam.stm.plugin.cache.CacheCollector.getActConn"/>
        </PluginParameter>
    </MetricPlugin>
    <MetricPlugin metricid="cacheByteSent" collectType="" pluginid="CachePlugin">
        <PluginResultMetaInfo columns=""/>
        <PluginParameter type="ArrayType">
            <Parameter type="" key="COMMAND" value="com.mainsteam.stm.plugin.cache.CacheCollector.getByteSent"/>
        </PluginParameter>
    </MetricPlugin>
    <MetricPlugin metricid="cacheResponseTime" collectType="" pluginid="CachePlugin">
        <PluginResultMetaInfo columns=""/>
        <PluginParameter type="ArrayType">
            <Parameter type="" key="COMMAND" value="com.mainsteam.stm.plugin.cache.CacheCollector.getResponseTime"/>
        </PluginParameter>
    </MetricPlugin>
    <MetricPlugin metricid="cacheECPDatSvMaCon" collectType="" pluginid="CachePlugin">
        <PluginResultMetaInfo columns=""/>
        <PluginParameter type="ArrayType">
            <Parameter type="" key="COMMAND" value="com.mainsteam.stm.plugin.cache.CacheCollector.getECPDataSvrMaxConn"/>
        </PluginParameter>
    </MetricPlugin>
    <MetricPlugin metricid="cacheECPDatSvAcCon" collectType="" pluginid="CachePlugin">
        <PluginResultMetaInfo columns=""/>
        <PluginParameter type="ArrayType">
            <Parameter type="" key="COMMAND" value="com.mainsteam.stm.plugin.cache.CacheCollector.getECPDataSvrActConn"/>
        </PluginParameter>
    </MetricPlugin>
    <MetricPlugin metricid="cacheReqRcvd" collectType="" pluginid="CachePlugin">
        <PluginResultMetaInfo columns=""/>
        <PluginParameter type="ArrayType">
            <Parameter type="" key="COMMAND" value="com.mainsteam.stm.plugin.cache.CacheCollector.getReqRcvd"/>
        </PluginParameter>
    </MetricPlugin>
    <MetricPlugin metricid="cacheReqBuff" collectType="" pluginid="CachePlugin">
        <PluginResultMetaInfo columns=""/>
        <PluginParameter type="ArrayType">
            <Parameter type="" key="COMMAND" value="com.mainsteam.stm.plugin.cache.CacheCollector.getReqBuff"/>
        </PluginParameter>
    </MetricPlugin>
    <MetricPlugin metricid="cacheECPDatSvBytSen" collectType="" pluginid="CachePlugin">
        <PluginResultMetaInfo columns=""/>
        <PluginParameter type="ArrayType">
            <Parameter type="" key="COMMAND" value="com.mainsteam.stm.plugin.cache.CacheCollector.getECPDataSvrByteSent"/>
        </PluginParameter>
    </MetricPlugin>
    <MetricPlugin metricid="cacheECPDatSvBytRcv" collectType="" pluginid="CachePlugin">
        <PluginResultMetaInfo columns=""/>
        <PluginParameter type="ArrayType">
            <Parameter type="" key="COMMAND" value="com.mainsteam.stm.plugin.cache.CacheCollector.getECPDataSvrByteRcvd"/>
        </PluginParameter>
    </MetricPlugin>
    <MetricPlugin metricid="sysUpTime" collectType="" pluginid="CachePlugin">
        <PluginResultMetaInfo columns=""/>
        <PluginParameter type="ArrayType">
            <Parameter type="" key="COMMAND" value="com.mainsteam.stm.plugin.cache.CacheCollector.getSystemUpTime"/>
        </PluginParameter>
    </MetricPlugin>
    <MetricPlugin metricid="cacheUserId" collectType="" pluginid="CachePlugin">
        <PluginResultMetaInfo columns="userId"/>
        <PluginParameter type="ArrayType">
            <Parameter type="" key="COMMAND" value="select id from  Security.Users"/>
        </PluginParameter>
        <PluginDataConverter classKey="subInstConverter">
            <Parameter value="userId" key="IndexColumnTitle"/>
            <Parameter value="userId" key="ValueColumnTitle"/>
        </PluginDataConverter>
    </MetricPlugin>
    <MetricPlugin metricid="cacheUserAttributes" collectType="" pluginid="CachePlugin">
        <PluginResultMetaInfo columns=""/>
        <PluginParameter type="ArrayType">
            <Parameter type="" key="COMMAND" value="select Attributes from  Security.Users where ID='${childid}'"/>
            <Parameter type="ResourceProperty" key="childid" value="cacheUserId"/>
        </PluginParameter>
    </MetricPlugin>
    <MetricPlugin metricid="cacheUserComment" collectType="" pluginid="CachePlugin">
        <PluginResultMetaInfo columns=""/>
        <PluginParameter type="ArrayType">
            <Parameter type="" key="COMMAND" value="select Comment from  Security.Users where ID='${childid}'"/>
            <Parameter type="ResourceProperty" key="childid" value="cacheUserId"/>
        </PluginParameter>
    </MetricPlugin>
    <MetricPlugin metricid="cacheUserEnabled" collectType="" pluginid="CachePlugin">
        <PluginResultMetaInfo columns="column1"/>
        <PluginParameter type="ArrayType">
            <Parameter type="" key="COMMAND" value="select Enabled from  Security.Users where ID='${childid}'"/>
            <Parameter type="ResourceProperty" key="childid" value="cacheUserId"/>
        </PluginParameter>
        <PluginDataHandlers>
            <PluginDataHandler classKey="translateProcessor">
                <Parameter type="" key="column1" value="0,未启用;1,启用;启用"/>
            </PluginDataHandler>
        </PluginDataHandlers>
    </MetricPlugin>
    <MetricPlugin metricid="cacheInvalLogAttemp" collectType="" pluginid="CachePlugin">
        <PluginResultMetaInfo columns=""/>
        <PluginParameter type="ArrayType">
            <Parameter type="" key="COMMAND" value="select InvalidLoginAttempts from  Security.Users where ID='${childid}'"/>
            <Parameter type="ResourceProperty" key="childid" value="cacheUserId"/>
        </PluginParameter>
    </MetricPlugin>
    <MetricPlugin metricid="cacheInvLoginTime" collectType="" pluginid="CachePlugin">
        <PluginResultMetaInfo columns=""/>
        <PluginParameter type="ArrayType">
            <Parameter type="" key="COMMAND" value="select InvalidLoginDateTime from   Security.Users where ID='${childid}'"/>
            <Parameter type="ResourceProperty" key="childid" value="cacheUserId"/>
        </PluginParameter>
    </MetricPlugin>
    <MetricPlugin metricid="cacheInvaliLogiDevic" collectType="" pluginid="CachePlugin">
        <PluginResultMetaInfo columns=""/>
        <PluginParameter type="ArrayType">
            <Parameter type="" key="COMMAND" value="select InvalidLoginDevice from  Security.Users where ID='${childid}'"/>
            <Parameter type="ResourceProperty" key="childid" value="cacheUserId"/>
        </PluginParameter>
    </MetricPlugin>
    <MetricPlugin metricid="cacheInvalLogServi" collectType="" pluginid="CachePlugin">
        <PluginResultMetaInfo columns=""/>
        <PluginParameter type="ArrayType">
            <Parameter type="" key="COMMAND" value="select InvalidLoginService from  Security.Users where ID='${childid}'"/>
            <Parameter type="ResourceProperty" key="childid" value="cacheUserId"/>
        </PluginParameter>
    </MetricPlugin>
    <MetricPlugin metricid="cacheInvaliLogiStatu" collectType="" pluginid="CachePlugin">
        <PluginResultMetaInfo columns=""/>
        <PluginParameter type="ArrayType">
            <Parameter type="" key="COMMAND" value="select InvalidLoginStatus from  Security.Users where ID='${childid}'"/>
            <Parameter type="ResourceProperty" key="childid" value="cacheUserId"/>
        </PluginParameter>
    </MetricPlugin>
    <MetricPlugin metricid="cacheLoginDateTime" collectType="" pluginid="CachePlugin">
        <PluginResultMetaInfo columns=""/>
        <PluginParameter type="ArrayType">
            <Parameter type="" key="COMMAND" value="select LoginDateTime from Security.Users where ID='${childid}'"/>
            <Parameter type="ResourceProperty" key="childid" value="cacheUserId"/>
        </PluginParameter>
    </MetricPlugin>
    <MetricPlugin metricid="cacheLoginDevice" collectType="" pluginid="CachePlugin">
        <PluginResultMetaInfo columns=""/>
        <PluginParameter type="ArrayType">
            <Parameter type="" key="COMMAND" value="select LoginDevice from  Security.Users where ID='${childid}'"/>
            <Parameter type="ResourceProperty" key="childid" value="cacheUserId"/>
        </PluginParameter>
    </MetricPlugin>
    <MetricPlugin metricid="cacheLoginService" collectType="" pluginid="CachePlugin">
        <PluginResultMetaInfo columns=""/>
        <PluginParameter type="ArrayType">
            <Parameter type="" key="COMMAND" value="select LoginService  from  Security.Users where ID='${childid}'"/>
            <Parameter type="ResourceProperty" key="childid" value="cacheUserId"/>
        </PluginParameter>
    </MetricPlugin>
    <MetricPlugin metricid="cacheName" collectType="" pluginid="CachePlugin">
        <PluginResultMetaInfo columns=""/>
        <PluginParameter type="ArrayType">
            <Parameter type="" key="COMMAND" value="select Name from  Security.Users where ID='${childid}'"/>
            <Parameter type="ResourceProperty" key="childid" value="cacheUserId"/>
        </PluginParameter>
    </MetricPlugin>
    <MetricPlugin metricid="cachePhoneNumber" collectType="" pluginid="CachePlugin">
        <PluginResultMetaInfo columns=""/>
        <PluginParameter type="ArrayType">
            <Parameter type="" key="COMMAND" value="select PhoneNumber  from  Security.Users where ID='${childid}'"/>
            <Parameter type="ResourceProperty" key="childid" value="cacheUserId"/>
        </PluginParameter>
    </MetricPlugin>
    <MetricPlugin metricid="cachePhoneProvider" collectType="" pluginid="CachePlugin">
        <PluginResultMetaInfo columns=""/>
        <PluginParameter type="ArrayType">
            <Parameter type="" key="COMMAND" value="select PhoneProvider  from  Security.Users where ID='${childid}'"/>
            <Parameter type="ResourceProperty" key="childid" value="cacheUserId"/>
        </PluginParameter>
    </MetricPlugin>
    <MetricPlugin metricid="cacheRoles" collectType="" pluginid="CachePlugin">
        <PluginResultMetaInfo columns=""/>
        <PluginParameter type="ArrayType">
            <Parameter type="" key="COMMAND" value="select Roles  from  Security.Users where ID='${childid}'"/>
            <Parameter type="ResourceProperty" key="childid" value="cacheUserId"/>
        </PluginParameter>
    </MetricPlugin>
    <MetricPlugin metricid="cacheRoleId" collectType="" pluginid="CachePlugin">
        <PluginResultMetaInfo columns="roleId"/>
        <PluginParameter type="ArrayType">
            <Parameter type="" key="COMMAND" value="select ID from Security.Roles"/>
        </PluginParameter>
        <PluginDataConverter classKey="subInstConverter">
            <Parameter value="roleId" key="IndexColumnTitle"/>
            <Parameter value="roleId" key="ValueColumnTitle"/>
        </PluginDataConverter>
    </MetricPlugin>
    <MetricPlugin metricid="cacheRoleName" collectType="" pluginid="CachePlugin">
        <PluginResultMetaInfo columns=""/>
        <PluginParameter type="ArrayType">
            <Parameter type="" key="COMMAND" value="select Name from  Security.Roles where ID='${childid}'"/>
            <Parameter type="ResourceProperty" key="childid" value="cacheRoleId"/>
        </PluginParameter>
    </MetricPlugin>
    <MetricPlugin metricid="cacheRoleDescription" collectType="" pluginid="CachePlugin">
        <PluginResultMetaInfo columns=""/>
        <PluginParameter type="ArrayType">
            <Parameter type="" key="COMMAND" value="select Description from  Security.Roles where ID='${childid}'"/>
            <Parameter type="ResourceProperty" key="childid" value="cacheRoleId"/>
        </PluginParameter>
    </MetricPlugin>
    <MetricPlugin metricid="cacheGrantedRoles" collectType="" pluginid="CachePlugin">
        <PluginResultMetaInfo columns=""/>
        <PluginParameter type="ArrayType">
            <Parameter type="" key="COMMAND" value="select GrantedRoles from  Security.Roles where ID='${childid}'"/>
            <Parameter type="ResourceProperty" key="childid" value="cacheRoleId"/>
        </PluginParameter>
    </MetricPlugin>
    <MetricPlugin metricid="nsName" collectType="" pluginid="CachePlugin">
        <PluginResultMetaInfo columns=""/>
        <PluginParameter type="ArrayType">
            <Parameter value="CacheNamespace" key="CacheNamespace" type="DiscoveryInfo"/>
            <Parameter type="" key="COMMAND" value="select name from Config.Namespaces where ID like 'CACHE||Namespaces||${CacheNamespace}'"/>
        </PluginParameter>
    </MetricPlugin>
    <MetricPlugin metricid="nsCpfName" collectType="" pluginid="CachePlugin">
        <PluginResultMetaInfo columns=""/>
        <PluginParameter type="ArrayType">
            <Parameter value="CacheNamespace" key="CacheNamespace" type="DiscoveryInfo"/>
            <Parameter type="" key="COMMAND" value="select CPFName from Config.Namespaces where ID like 'CACHE||Namespaces||${CacheNamespace}'"/>
        </PluginParameter>
    </MetricPlugin>
    <MetricPlugin metricid="nsSectionHeader" collectType="" pluginid="CachePlugin">
        <PluginResultMetaInfo columns=""/>
        <PluginParameter type="ArrayType">
            <Parameter value="CacheNamespace" key="CacheNamespace" type="DiscoveryInfo"/>
            <Parameter type="" key="COMMAND" value="select SectionHeader from Config.Namespaces where ID like 'CACHE||Namespaces||${CacheNamespace}'"/>
        </PluginParameter>
    </MetricPlugin>
    <MetricPlugin metricid="nsLibrary" collectType="" pluginid="CachePlugin">
        <PluginResultMetaInfo columns=""/>
        <PluginParameter type="ArrayType">
            <Parameter value="CacheNamespace" key="CacheNamespace" type="DiscoveryInfo"/>
            <Parameter type="" key="COMMAND" value="select Library from Config.Namespaces where ID like 'CACHE||Namespaces||${CacheNamespace}'"/>
        </PluginParameter>
    </MetricPlugin>
    <MetricPlugin metricid="nsRoutines" collectType="" pluginid="CachePlugin">
        <PluginResultMetaInfo columns=""/>
        <PluginParameter type="ArrayType">
            <Parameter value="CacheNamespace" key="CacheNamespace" type="DiscoveryInfo"/>
            <Parameter type="" key="COMMAND" value="select Routines from Config.Namespaces where ID like 'CACHE||Namespaces||${CacheNamespace}'"/>
        </PluginParameter>
    </MetricPlugin>
    <MetricPlugin metricid="nsSysGlobals" collectType="" pluginid="CachePlugin">
        <PluginResultMetaInfo columns=""/>
        <PluginParameter type="ArrayType">
            <Parameter value="CacheNamespace" key="CacheNamespace" type="DiscoveryInfo"/>
            <Parameter type="" key="COMMAND" value="select SysGlobals from Config.Namespaces where ID like 'CACHE||Namespaces||${CacheNamespace}'"/>
        </PluginParameter>
    </MetricPlugin>
    <MetricPlugin metricid="nsSysRoutines" collectType="" pluginid="CachePlugin">
        <PluginResultMetaInfo columns=""/>
        <PluginParameter type="ArrayType">
            <Parameter value="CacheNamespace" key="CacheNamespace" type="DiscoveryInfo"/>
            <Parameter type="" key="COMMAND" value="select SysRoutines from Config.Namespaces where ID like 'CACHE||Namespaces||${CacheNamespace}'"/>
        </PluginParameter>
    </MetricPlugin>
</MetricPlugins>
