<?xml version="1.0" encoding="UTF-8"?>
<MetricPlugins xmlns:xsi="http://www.w3.org/2001/XMLSchema-instance" version="1.0" xsi:noNamespaceSchemaLocation="../../../schema/Collect.xsd">  
  <GlobalMetricSetting isEncrypt="FALSE" version="4.1.0"/>  
  <PluginClassAliasList> 
    <PluginClassAlias id="defaultProcessor" class="com.mainsteam.stm.plugin.common.DefaultResultSetProcessor"/>
    <PluginClassAlias id="defaultConverter" class="com.mainsteam.stm.plugin.common.DefaultResultSetConverter"/>
    <PluginClassAlias id="selectProcessor" class="com.mainsteam.stm.plugin.common.SelectResultSetProcessor"/>
    <PluginClassAlias id="columnPasteProcessor" class="com.mainsteam.stm.plugin.common.ColumnPasteProcessor"/>
    <PluginClassAlias id="RegularFilter" class="com.mainsteam.stm.plugin.common.RegularFilter"/>
    <PluginClassAlias id="subInstConverter" class="com.mainsteam.stm.plugin.common.SubInstResultSetConverter"/>
    <PluginClassAlias id="availableConverter" class="com.mainsteam.stm.plugin.common.AvailableConverter"/>
    <PluginClassAlias id="tableConverter" class="com.mainsteam.stm.plugin.common.TableResultSetConverter"/>
    <PluginClassAlias id="translateProcessor" class="com.mainsteam.stm.plugin.common.TranslateResultSetProcessor"/>
    <PluginClassAlias id="ChangeRateProcessor" class="com.mainsteam.stm.plugin.common.ChangeRateProcessor"/>
    <PluginClassAlias id="rowFilterProcessor" class="com.mainsteam.stm.plugin.common.RowFilterProcessor"/>
    <PluginClassAlias id="FormatProcessor" class="com.mainsteam.stm.plugin.common.FormatProcessor"/>
  </PluginClassAliasList>
  <MetricPlugin metricid="SystemPower" collectType="" pluginid="IpmiPlugin"> 
    <PluginResultMetaInfo columns=""/>  
    <PluginParameter type="ArrayType"> 
      <Parameter key="tool" value="ipmitool"/>  
      <Parameter key="command" value="chassis status"/> 
    </PluginParameter>  
    <PluginDataHandlers> 
      <PluginDataHandler classKey="RegularFilter"> 
        <Parameter type="" key="REGULAR" value="System\s+Power\s+(on)"/> 
      </PluginDataHandler>  
      <PluginDataHandler classKey="translateProcessor"> 
        <Parameter type="" key="" value="on,1;0"/> 
      </PluginDataHandler>  
      <PluginDataHandler classKey="availableConverter"/> 
    </PluginDataHandlers> 
  </MetricPlugin>  
  <MetricPlugin metricid="BoardMfgDate" collectType="" pluginid="IpmiPlugin"> 
    <PluginResultMetaInfo columns="model"/>  
    <PluginParameter type="ArrayType"> 
      <Parameter key="tool" value="ipmitool"/>  
      <Parameter type="" key="command" value="fru print"/> 
    </PluginParameter>  
    <PluginDataHandlers> 
      <PluginDataHandler classKey="RegularFilter"> 
        <Parameter type="" key="REGULAR" value="Board\s+Mfg\s+Date\s+\:\s+(.+)"/> 
      </PluginDataHandler> 
      <PluginDataHandler classKey="selectProcessor"> 
        <Parameter value="select first(model) as model" key="SELECT"/> 
      </PluginDataHandler> 
    </PluginDataHandlers> 
  </MetricPlugin>
  <MetricPlugin metricid="BoardMfg" collectType="" pluginid="IpmiPlugin"> 
    <PluginResultMetaInfo columns="model"/>  
    <PluginParameter type="ArrayType"> 
      <Parameter key="tool" value="ipmitool"/>  
      <Parameter type="" key="command" value="fru print"/> 
    </PluginParameter>  
    <PluginDataHandlers> 
      <PluginDataHandler classKey="RegularFilter"> 
        <Parameter type="" key="REGULAR" value="Board\s+Mfg\s+:\s+(.+)"/> 
      </PluginDataHandler>  
      <PluginDataHandler classKey="selectProcessor"> 
        <Parameter value="select first(model) as model" key="SELECT"/> 
      </PluginDataHandler> 
    </PluginDataHandlers> 
  </MetricPlugin>
  <MetricPlugin metricid="BoardProduct" collectType="" pluginid="IpmiPlugin"> 
    <PluginResultMetaInfo columns="model"/>  
    <PluginParameter type="ArrayType"> 
      <Parameter key="tool" value="ipmitool"/>  
      <Parameter type="" key="command" value="fru print"/> 
    </PluginParameter>  
    <PluginDataHandlers> 
      <PluginDataHandler classKey="RegularFilter"> 
        <Parameter type="" key="REGULAR" value="Board\s+Product\s+:\s+(.+)"/> 
      </PluginDataHandler>
      <PluginDataHandler classKey="selectProcessor"> 
        <Parameter value="select first(model) as model" key="SELECT"/> 
      </PluginDataHandler> 
    </PluginDataHandlers> 
  </MetricPlugin>
  <MetricPlugin metricid="ProductManu" collectType="" pluginid="IpmiPlugin"> 
    <PluginResultMetaInfo columns="model"/>  
    <PluginParameter type="ArrayType"> 
      <Parameter key="tool" value="ipmitool"/>  
      <Parameter type="" key="command" value="fru print"/> 
    </PluginParameter>  
    <PluginDataHandlers> 
      <PluginDataHandler classKey="RegularFilter"> 
        <Parameter type="" key="REGULAR" value="Product\s+Manufacturer\s+:\s+(.+)"/> 
      </PluginDataHandler>
      <PluginDataHandler classKey="selectProcessor"> 
        <Parameter value="select first(model) as model" key="SELECT"/> 
      </PluginDataHandler>  
    </PluginDataHandlers> 
  </MetricPlugin>
  <MetricPlugin metricid="ProductName" collectType="" pluginid="IpmiPlugin"> 
    <PluginResultMetaInfo columns="model"/>  
    <PluginParameter type="ArrayType"> 
      <Parameter key="tool" value="ipmitool"/>  
      <Parameter type="" key="command" value="fru print"/> 
    </PluginParameter>  
    <PluginDataHandlers> 
      <PluginDataHandler classKey="RegularFilter"> 
        <Parameter type="" key="REGULAR" value="Product\s+Name\s+:\s+(.+)"/> 
      </PluginDataHandler> 
      <PluginDataHandler classKey="selectProcessor"> 
        <Parameter value="select first(model) as model" key="SELECT"/> 
      </PluginDataHandler> 
    </PluginDataHandlers> 
  </MetricPlugin>
  <MetricPlugin metricid="ProductVersion" collectType="" pluginid="IpmiPlugin"> 
    <PluginResultMetaInfo columns="model"/>  
    <PluginParameter type="ArrayType"> 
      <Parameter key="tool" value="ipmitool"/>  
      <Parameter type="" key="command" value="fru print"/> 
    </PluginParameter>  
    <PluginDataHandlers> 
      <PluginDataHandler classKey="RegularFilter"> 
        <Parameter type="" key="REGULAR" value="Product\s+Version\s+:\s+(.+)"/> 
      </PluginDataHandler>
      <PluginDataHandler classKey="selectProcessor"> 
        <Parameter value="select first(model) as model" key="SELECT"/> 
      </PluginDataHandler>  
    </PluginDataHandlers> 
  </MetricPlugin> 
   <MetricPlugin metricid="ProductSerial" collectType="" pluginid="IpmiPlugin"> 
    <PluginResultMetaInfo columns="model"/>  
    <PluginParameter type="ArrayType"> 
      <Parameter key="tool" value="ipmitool"/>  
      <Parameter type="" key="command" value="fru print"/> 
    </PluginParameter>  
    <PluginDataHandlers> 
      <PluginDataHandler classKey="RegularFilter"> 
        <Parameter type="" key="REGULAR" value="Product\s+Serial\s+:\s+(.+)"/> 
      </PluginDataHandler>  
    </PluginDataHandlers> 
  </MetricPlugin> 
  <MetricPlugin metricid="ChassisPower" collectType="" pluginid="IpmiPlugin"> 
    <PluginResultMetaInfo columns=""/>  
    <PluginParameter type="ArrayType"> 
      <Parameter key="tool" value="ipmitool"/>  
      <Parameter key="command" value="chassis power status"/> 
    </PluginParameter>  
    <PluginDataHandlers> 
      <PluginDataHandler classKey="RegularFilter"> 
        <Parameter type="" key="REGULAR" value="Chassis\s+Power\s+is\s+(on)"/> 
      </PluginDataHandler>  
      <PluginDataHandler classKey="translateProcessor"> 
        <Parameter type="" key="" value="on,打开;关闭"/> 
      </PluginDataHandler>  
    </PluginDataHandlers> 
  </MetricPlugin>
  <MetricPlugin metricid="PowerOverload" collectType="" pluginid="IpmiPlugin"> 
    <PluginResultMetaInfo columns=""/>  
    <PluginParameter type="ArrayType"> 
      <Parameter key="tool" value="ipmitool"/>  
      <Parameter key="command" value="chassis status"/> 
    </PluginParameter>  
    <PluginDataHandlers> 
      <PluginDataHandler classKey="RegularFilter"> 
        <Parameter type="" key="REGULAR" value="Power\s+Overload\s+\S+\s+(\S+)"/> 
      </PluginDataHandler>  
      <PluginDataHandler classKey="translateProcessor"> 
        <Parameter type="" key="" value="false,正常;过载"/> 
      </PluginDataHandler>
      <PluginDataHandler classKey="availableConverter"/>   
    </PluginDataHandlers> 
  </MetricPlugin>
  <MetricPlugin metricid="PowerInterlock" collectType="" pluginid="IpmiPlugin"> 
    <PluginResultMetaInfo columns=""/>  
    <PluginParameter type="ArrayType"> 
      <Parameter key="tool" value="ipmitool"/>  
      <Parameter key="command" value="chassis status"/> 
    </PluginParameter>  
    <PluginDataHandlers> 
      <PluginDataHandler classKey="RegularFilter"> 
        <Parameter type="" key="REGULAR" value="Power\s+Interlock\s+\S+\s+(\S+)"/> 
      </PluginDataHandler>  
      <PluginDataHandler classKey="translateProcessor"> 
        <Parameter type="" key="" value="inactive,未激活;激活"/> 
      </PluginDataHandler> 
      <PluginDataHandler classKey="availableConverter"/>  
    </PluginDataHandlers> 
  </MetricPlugin>
  <MetricPlugin metricid="PowerControlFault" collectType="" pluginid="IpmiPlugin"> 
    <PluginResultMetaInfo columns=""/>  
    <PluginParameter type="ArrayType"> 
      <Parameter key="tool" value="ipmitool"/>  
      <Parameter key="command" value="chassis status"/> 
    </PluginParameter>  
    <PluginDataHandlers> 
      <PluginDataHandler classKey="RegularFilter"> 
        <Parameter type="" key="REGULAR" value="Power\s+Control\s+Fault\s+\S+\s+(\S+)"/> 
      </PluginDataHandler>  
      <PluginDataHandler classKey="translateProcessor"> 
        <Parameter type="" key="" value="false,正常;有错误"/> 
      </PluginDataHandler>  
      <PluginDataHandler classKey="availableConverter"/> 
    </PluginDataHandlers> 
  </MetricPlugin>
  <MetricPlugin metricid="PowerRestore" collectType="" pluginid="IpmiPlugin"> 
    <PluginResultMetaInfo columns=""/>  
    <PluginParameter type="ArrayType"> 
      <Parameter key="tool" value="ipmitool"/>  
      <Parameter key="command" value="chassis status"/> 
    </PluginParameter>  
    <PluginDataHandlers> 
      <PluginDataHandler classKey="RegularFilter"> 
        <Parameter type="" key="REGULAR" value="Power\s+Restore\s+Policy\s+\S+\s+(\S+)"/> 
      </PluginDataHandler>  
    </PluginDataHandlers> 
  </MetricPlugin>
  <MetricPlugin metricid="LastPowerEvent" collectType="" pluginid="IpmiPlugin"> 
    <PluginResultMetaInfo columns=""/>  
    <PluginParameter type="ArrayType"> 
      <Parameter key="tool" value="ipmitool"/>  
      <Parameter key="command" value="chassis status"/> 
    </PluginParameter>  
    <PluginDataHandlers> 
      <PluginDataHandler classKey="RegularFilter"> 
        <Parameter type="" key="REGULAR" value="Last\s+Power\s+Event\s+\S+(.+)"/> 
      </PluginDataHandler>  
    </PluginDataHandlers> 
  </MetricPlugin>
  <MetricPlugin metricid="ChassisIntrusion" collectType="" pluginid="IpmiPlugin"> 
    <PluginResultMetaInfo columns=""/>  
    <PluginParameter type="ArrayType"> 
      <Parameter key="tool" value="ipmitool"/>  
      <Parameter key="command" value="chassis status"/> 
    </PluginParameter>  
    <PluginDataHandlers> 
      <PluginDataHandler classKey="RegularFilter"> 
        <Parameter type="" key="REGULAR" value="Chassis\s+Intrusion\s+\S+\s+(.+)"/> 
      </PluginDataHandler>  
      <PluginDataHandler classKey="translateProcessor"> 
        <Parameter type="" key="" value="inactive,未激活;激活"/> 
      </PluginDataHandler>  
      <PluginDataHandler classKey="availableConverter"/> 
    </PluginDataHandlers> 
  </MetricPlugin>
  <MetricPlugin metricid="FrontPanelLockout" collectType="" pluginid="IpmiPlugin"> 
    <PluginResultMetaInfo columns=""/>  
    <PluginParameter type="ArrayType"> 
      <Parameter key="tool" value="ipmitool"/>  
      <Parameter key="command" value="chassis status"/> 
    </PluginParameter>  
    <PluginDataHandlers> 
      <PluginDataHandler classKey="RegularFilter"> 
        <Parameter type="" key="REGULAR" value="Front-Panel\s+Lockout\s+\S+\s+(.+)"/> 
      </PluginDataHandler>  
      <PluginDataHandler classKey="translateProcessor"> 
        <Parameter type="" key="" value="inactive,未激活;激活"/> 
      </PluginDataHandler>  
      <PluginDataHandler classKey="availableConverter"/> 
    </PluginDataHandlers> 
  </MetricPlugin>
  <MetricPlugin metricid="DriveFault" collectType="" pluginid="IpmiPlugin"> 
    <PluginResultMetaInfo columns=""/>  
    <PluginParameter type="ArrayType"> 
      <Parameter key="tool" value="ipmitool"/>  
      <Parameter key="command" value="chassis status"/> 
    </PluginParameter>  
    <PluginDataHandlers> 
      <PluginDataHandler classKey="RegularFilter"> 
        <Parameter type="" key="REGULAR" value="Drive\s+Fault\s+\S+\s+(.+)"/> 
      </PluginDataHandler>  
      <PluginDataHandler classKey="translateProcessor"> 
        <Parameter type="" key="" value="false,正常;有错误"/> 
      </PluginDataHandler>  
      <PluginDataHandler classKey="availableConverter"/> 
    </PluginDataHandlers> 
  </MetricPlugin>
  <MetricPlugin metricid="FanFault" collectType="" pluginid="IpmiPlugin"> 
    <PluginResultMetaInfo columns=""/>  
    <PluginParameter type="ArrayType"> 
      <Parameter key="tool" value="ipmitool"/>  
      <Parameter key="command" value="chassis status"/> 
    </PluginParameter>  
    <PluginDataHandlers> 
      <PluginDataHandler classKey="RegularFilter"> 
        <Parameter type="" key="REGULAR" value="Cooling/Fan\s+Fault\s+\S+\s+(.+)"/> 
      </PluginDataHandler>  
      <PluginDataHandler classKey="translateProcessor"> 
        <Parameter type="" key="" value="false,正常;有错误"/> 
      </PluginDataHandler>  
      <PluginDataHandler classKey="availableConverter"/> 
    </PluginDataHandlers> 
  </MetricPlugin>
  <MetricPlugin metricid="AmbientTemp" collectType="" pluginid="IpmiPlugin"> 
    <PluginResultMetaInfo columns=""/>  
    <PluginParameter type="ArrayType"> 
      <Parameter key="tool" value="ipmitool"/>  
      <Parameter key="command" value="sdr type Temperature"/> 
    </PluginParameter>  
    <PluginDataHandlers> 
      <PluginDataHandler classKey="RegularFilter"> 
        <Parameter type="" key="REGULAR" value="Ambient\s+\|\s+\S+\s+\|\s+\S+\s+\|\s+\S+\s+\|\s+(.+)"/> 
      </PluginDataHandler> 
    </PluginDataHandlers> 
  </MetricPlugin>
  <!-- CPUpower -->
  <MetricPlugin metricid="CPUpowerIndex" collectType="" pluginid="IpmiPlugin"> 
    <PluginResultMetaInfo columns="CPUpowerIndex"/>  
    <PluginParameter type="ArrayType"> 
      <Parameter key="tool" value="ipmitool"/>  
      <Parameter type="" key="command" value="sdr type Other"/> 
    </PluginParameter>  
    <PluginDataHandlers> 
      <PluginDataHandler classKey="RegularFilter"> 
        <Parameter type="" key="REGULAR" value="(CPU\d+)"/> 
      </PluginDataHandler> 
    </PluginDataHandlers>  
    <PluginDataConverter classKey="subInstConverter"> 
      <Parameter type="" key="IndexColumnTitle" value="CPUpowerIndex"/>  
      <Parameter type="" key="ValueColumnTitle" value="CPUpowerIndex"/> 
    </PluginDataConverter>
  </MetricPlugin>
  <MetricPlugin metricid="CPUpowerStatus" collectType="" pluginid="IpmiPlugin"> 
    <PluginResultMetaInfo columns="CPUpowerStatus"/>  
    <PluginParameter type="ArrayType"> 
      <Parameter key="tool" value="ipmitool"/>  
      <Parameter type="" key="command" value="sdr type Other"/> 
    </PluginParameter>  
    <PluginDataHandlers> 
      <PluginDataHandler classKey="RegularFilter"> 
        <Parameter type="ResourceProperty" key="CPUpowerIndex" value="CPUpowerIndex"/>  
        <Parameter type="" key="REGULAR" value="${CPUpowerIndex}\s+\S+\s+\|\s+\S+\s+\|\s+(\S+)"/> 
      </PluginDataHandler>  
      <PluginDataHandler classKey="translateProcessor"> 
        <Parameter type="" key="CPUpowerStatus" value="ok,1;0"/> 
      </PluginDataHandler>
    </PluginDataHandlers> 
  </MetricPlugin>
  <MetricPlugin metricid="CPUpowerWatts" collectType="" pluginid="IpmiPlugin"> 
    <PluginResultMetaInfo columns="CPUpowerWatts"/>  
    <PluginParameter type="ArrayType"> 
      <Parameter key="tool" value="ipmitool"/>  
      <Parameter type="" key="command" value="sdr type Other"/> 
    </PluginParameter>  
    <PluginDataHandlers> 
      <PluginDataHandler classKey="RegularFilter"> 
        <Parameter type="ResourceProperty" key="CPUpowerIndex" value="CPUpowerIndex"/>  
        <Parameter type="" key="REGULAR" value="${CPUpowerIndex}\s+\S+\s+\|\s+\S+\s+\|\s+\S+\s+\|\s+\S+\s+\|\s+(.+)"/> 
      </PluginDataHandler>  
    </PluginDataHandlers> 
  </MetricPlugin> 
  <!-- SystemPower -->
  <MetricPlugin metricid="SystemPowerIndex" collectType="" pluginid="IpmiPlugin"> 
    <PluginResultMetaInfo columns="SystemPowerIndex"/>  
    <PluginParameter type="ArrayType"> 
      <Parameter key="tool" value="ipmitool"/>  
      <Parameter type="" key="command" value="sdr type Other"/> 
    </PluginParameter>  
    <PluginDataHandlers> 
      <PluginDataHandler classKey="RegularFilter"> 
        <Parameter type="" key="REGULAR" value="(System\s+)"/> 
      </PluginDataHandler> 
    </PluginDataHandlers>  
    <PluginDataConverter classKey="subInstConverter"> 
      <Parameter type="" key="IndexColumnTitle" value="SystemPowerIndex"/>  
      <Parameter type="" key="ValueColumnTitle" value="SystemPowerIndex"/> 
    </PluginDataConverter>
  </MetricPlugin>
  <MetricPlugin metricid="SystemPowerStatus" collectType="" pluginid="IpmiPlugin"> 
    <PluginResultMetaInfo columns="SystemPowerStatus"/>  
    <PluginParameter type="ArrayType"> 
      <Parameter key="tool" value="ipmitool"/>  
      <Parameter type="" key="command" value="sdr type Other"/> 
    </PluginParameter>  
    <PluginDataHandlers> 
      <PluginDataHandler classKey="RegularFilter"> 
        <Parameter type="ResourceProperty" key="SystemPowerIndex" value="SystemPowerIndex"/>  
        <Parameter type="" key="REGULAR" value="${SystempowerIndex}\S+\s+\|\s+\S+\s+\|\s+(\S+)"/> 
      </PluginDataHandler>  
      <PluginDataHandler classKey="translateProcessor"> 
        <Parameter type="" key="SystemPowerStatus" value="ok,1;0"/> 
      </PluginDataHandler>
    </PluginDataHandlers> 
  </MetricPlugin>
  <MetricPlugin metricid="SystemPowerWatts" collectType="" pluginid="IpmiPlugin"> 
    <PluginResultMetaInfo columns="SystemPowerWatts"/>  
    <PluginParameter type="ArrayType"> 
      <Parameter key="tool" value="ipmitool"/>  
      <Parameter type="" key="command" value="sdr type Other"/> 
    </PluginParameter>  
    <PluginDataHandlers> 
      <PluginDataHandler classKey="RegularFilter"> 
        <Parameter type="ResourceProperty" key="SystemPowerIndex" value="SystemPowerIndex"/>  
        <Parameter type="" key="REGULAR" value="${SystemPowerIndex}\S+\s+\|\s+\S+\s+\|\s+\S+\s+\|\s+\S+\s+\|\s+(\S+) Watts"/> 
      </PluginDataHandler>  
    </PluginDataHandlers> 
  </MetricPlugin>
  <!-- HDDPower -->
  <MetricPlugin metricid="HDDPowerIndex" collectType="" pluginid="IpmiPlugin"> 
    <PluginResultMetaInfo columns="HDDPowerIndex"/>  
    <PluginParameter type="ArrayType"> 
      <Parameter key="tool" value="ipmitool"/>  
      <Parameter type="" key="command" value="sdr type Other"/> 
    </PluginParameter>  
    <PluginDataHandlers> 
      <PluginDataHandler classKey="RegularFilter"> 
        <Parameter type="" key="REGULAR" value="(HDD\s+)"/> 
      </PluginDataHandler> 
    </PluginDataHandlers>  
    <PluginDataConverter classKey="subInstConverter"> 
      <Parameter type="" key="IndexColumnTitle" value="HDDPowerIndex"/>  
      <Parameter type="" key="ValueColumnTitle" value="HDDPowerIndex"/> 
    </PluginDataConverter>
  </MetricPlugin>
  <MetricPlugin metricid="HDDPowerStatus" collectType="" pluginid="IpmiPlugin"> 
    <PluginResultMetaInfo columns="HDDPowerStatus"/>  
    <PluginParameter type="ArrayType"> 
      <Parameter key="tool" value="ipmitool"/>  
      <Parameter type="" key="command" value="sdr type Other"/> 
    </PluginParameter>  
    <PluginDataHandlers> 
      <PluginDataHandler classKey="RegularFilter"> 
        <Parameter type="ResourceProperty" key="HDDPowerIndex" value="HDDPowerIndex"/>  
        <Parameter type="" key="REGULAR" value="${HDDPowerIndex}\S+\s+\|\s+\S+\s+\|\s+(\S+)"/> 
      </PluginDataHandler>  
      <PluginDataHandler classKey="translateProcessor"> 
        <Parameter type="" key="HDDPowerStatus" value="ok,1;0"/> 
      </PluginDataHandler>
    </PluginDataHandlers> 
  </MetricPlugin>
  <MetricPlugin metricid="HDDPowerWatts" collectType="" pluginid="IpmiPlugin"> 
    <PluginResultMetaInfo columns="HDDPowerWatts"/>  
    <PluginParameter type="ArrayType"> 
      <Parameter key="tool" value="ipmitool"/>  
      <Parameter type="" key="command" value="sdr type Other"/> 
    </PluginParameter>  
    <PluginDataHandlers> 
      <PluginDataHandler classKey="RegularFilter"> 
        <Parameter type="ResourceProperty" key="HDDPowerIndex" value="HDDPowerIndex"/>  
        <Parameter type="" key="REGULAR" value="${HDDPowerIndex}\S+\s+\|\s+\S+\s+\|\s+\S+\s+\|\s+\S+\s+\|\s+(\S+) Watts"/> 
      </PluginDataHandler>  
    </PluginDataHandlers> 
  </MetricPlugin>
  <!-- PSUPower -->
  <MetricPlugin metricid="PSUPowerIndex" collectType="" pluginid="IpmiPlugin"> 
    <PluginResultMetaInfo columns="PSUPowerIndex"/>  
    <PluginParameter type="ArrayType"> 
      <Parameter key="tool" value="ipmitool"/>  
      <Parameter type="" key="command" value="sdr type Other"/> 
    </PluginParameter>  
    <PluginDataHandlers> 
      <PluginDataHandler classKey="RegularFilter"> 
        <Parameter type="" key="REGULAR" value="(PSU\d+\s+)"/> 
      </PluginDataHandler> 
    </PluginDataHandlers>  
    <PluginDataConverter classKey="subInstConverter"> 
      <Parameter type="" key="IndexColumnTitle" value="PSUPowerIndex"/>  
      <Parameter type="" key="ValueColumnTitle" value="PSUPowerIndex"/> 
    </PluginDataConverter>
  </MetricPlugin>
  <MetricPlugin metricid="PSUPowerStatus" collectType="" pluginid="IpmiPlugin"> 
    <PluginResultMetaInfo columns="PSUPowerStatus"/>  
    <PluginParameter type="ArrayType"> 
      <Parameter key="tool" value="ipmitool"/>  
      <Parameter type="" key="command" value="sdr type Other"/> 
    </PluginParameter>  
    <PluginDataHandlers> 
      <PluginDataHandler classKey="RegularFilter"> 
        <Parameter type="ResourceProperty" key="PSUPowerIndex" value="PSUPowerIndex"/>  
        <Parameter type="" key="REGULAR" value="${PSUPowerIndex}\S+\s+\|\s+\S+\s+\|\s+(\S+)"/> 
      </PluginDataHandler>  
      <PluginDataHandler classKey="translateProcessor"> 
        <Parameter type="" key="PSUPowerStatus" value="ok,1;0"/> 
      </PluginDataHandler>
    </PluginDataHandlers> 
  </MetricPlugin>
  <MetricPlugin metricid="PSUPowerWatts" collectType="" pluginid="IpmiPlugin"> 
    <PluginResultMetaInfo columns="PSUPowerWatts"/>  
    <PluginParameter type="ArrayType"> 
      <Parameter key="tool" value="ipmitool"/>  
      <Parameter type="" key="command" value="sdr type Other"/> 
    </PluginParameter>  
    <PluginDataHandlers> 
      <PluginDataHandler classKey="RegularFilter"> 
        <Parameter type="ResourceProperty" key="PSUPowerIndex" value="PSUPowerIndex"/>  
        <Parameter type="" key="REGULAR" value="${PSUPowerIndex}\S+\s+\|\s+\S+\s+\|\s+\S+\s+\|\s+\S+\s+\|\s+(.+)"/> 
      </PluginDataHandler>  
    </PluginDataHandlers> 
  </MetricPlugin>
  <!-- TotalPower -->
  <MetricPlugin metricid="TotalPowerIndex" collectType="" pluginid="IpmiPlugin"> 
    <PluginResultMetaInfo columns="TotalPowerIndex"/>  
    <PluginParameter type="ArrayType"> 
      <Parameter key="tool" value="ipmitool"/>  
      <Parameter type="" key="command" value="sdr type Other"/> 
    </PluginParameter>  
    <PluginDataHandlers> 
      <PluginDataHandler classKey="RegularFilter"> 
        <Parameter type="" key="REGULAR" value="(Total\s+)"/> 
      </PluginDataHandler> 
    </PluginDataHandlers>  
    <PluginDataConverter classKey="subInstConverter"> 
      <Parameter type="" key="IndexColumnTitle" value="TotalPowerIndex"/>  
      <Parameter type="" key="ValueColumnTitle" value="TotalPowerIndex"/> 
    </PluginDataConverter>
  </MetricPlugin>
  <MetricPlugin metricid="TotalPowerWatts" collectType="" pluginid="IpmiPlugin"> 
    <PluginResultMetaInfo columns="TotalPowerWatts"/>  
    <PluginParameter type="ArrayType"> 
      <Parameter key="tool" value="ipmitool"/>  
      <Parameter type="" key="command" value="sdr type Other"/> 
    </PluginParameter>  
    <PluginDataHandlers> 
      <PluginDataHandler classKey="RegularFilter"> 
        <Parameter type="ResourceProperty" key="TotalPowerIndex" value="TotalPowerIndex"/>  
        <Parameter type="" key="REGULAR" value="${TotalPowerIndex}\S+\s+\|\s+\S+\s+\|\s+\S+\s+\|\s+\S+\s+\|\s+(\S+)\s+Watts"/> 
      </PluginDataHandler>  
    </PluginDataHandlers> 
  </MetricPlugin>
  <MetricPlugin metricid="TotalPowerOutWatts" collectType="" pluginid="IpmiPlugin"> 
    <PluginResultMetaInfo columns="TotalPowerOutWatts"/>  
    <PluginParameter type="ArrayType"> 
      <Parameter key="tool" value="ipmitool"/>  
      <Parameter type="" key="command" value="sdr type Other"/> 
    </PluginParameter>  
    <PluginDataHandlers> 
      <PluginDataHandler classKey="RegularFilter"> 
        <Parameter type="ResourceProperty" key="TotalPowerIndex" value="TotalPowerIndex"/>  
        <Parameter type="" key="REGULAR" value="${TotalPowerIndex}\S+\s+\S+\s+\|\s+\S+\s+\|\s+\S+\s+\|\s+\S+\s+\|\s+(\S+)\s+Watts"/> 
      </PluginDataHandler>  
    </PluginDataHandlers> 
  </MetricPlugin>
  <!-- SysBoard -->
  <MetricPlugin metricid="SysBoardIndex" collectType="" pluginid="IpmiPlugin"> 
    <PluginResultMetaInfo columns="SysBoardIndex"/>  
    <PluginParameter type="ArrayType"> 
      <Parameter key="tool" value="ipmitool"/>  
      <Parameter type="" key="command" value="sdr type Temperature"/> 
    </PluginParameter>  
    <PluginDataHandlers> 
      <PluginDataHandler classKey="RegularFilter"> 
        <Parameter type="" key="REGULAR" value="(Systemboard\s+\d+)"/> 
      </PluginDataHandler> 
    </PluginDataHandlers>  
    <PluginDataConverter classKey="subInstConverter"> 
      <Parameter type="" key="IndexColumnTitle" value="SysBoardIndex"/>  
      <Parameter type="" key="ValueColumnTitle" value="SysBoardIndex"/> 
    </PluginDataConverter> 
  </MetricPlugin>
  <MetricPlugin metricid="SysBoardStatus" collectType="" pluginid="IpmiPlugin"> 
    <PluginResultMetaInfo columns="SysBoardStatus"/>  
    <PluginParameter type="ArrayType"> 
      <Parameter key="tool" value="ipmitool"/>  
      <Parameter type="" key="command" value="sdr type Temperature"/> 
    </PluginParameter>  
    <PluginDataHandlers> 
      <PluginDataHandler classKey="RegularFilter"> 
        <Parameter type="ResourceProperty" key="SysBoardIndex" value="SysBoardIndex"/>  
        <Parameter type="" key="REGULAR" value="${SysBoardIndex}\s+\|\s+\S+\s+\|\s+(\S+)"/> 
      </PluginDataHandler>  
      <PluginDataHandler classKey="translateProcessor"> 
        <Parameter type="" key="SysBoardStatus" value="ok,1;0"/> 
      </PluginDataHandler> 
    </PluginDataHandlers> 
  </MetricPlugin>
  <MetricPlugin metricid="SysBoardTemp" collectType="" pluginid="IpmiPlugin"> 
    <PluginResultMetaInfo columns="SysBoardTemp"/>  
    <PluginParameter type="ArrayType"> 
      <Parameter key="tool" value="ipmitool"/>  
      <Parameter type="" key="command" value="sdr type Temperature"/> 
    </PluginParameter>  
    <PluginDataHandlers> 
      <PluginDataHandler classKey="RegularFilter"> 
        <Parameter type="ResourceProperty" key="SysBoardIndex" value="SysBoardIndex"/>  
        <Parameter type="" key="REGULAR" value="${SysBoardIndex}\s+\|\s+\S+\s+\|\s+\S+\s+\|\s+\S+\s+\|\s+(.+)"/> 
      </PluginDataHandler>  
    </PluginDataHandlers> 
  </MetricPlugin>
  <!-- MEM -->
  <MetricPlugin metricid="MemIndex" collectType="" pluginid="IpmiPlugin"> 
    <PluginResultMetaInfo columns="MemIndex"/>  
    <PluginParameter type="ArrayType"> 
      <Parameter key="tool" value="ipmitool"/>  
      <Parameter type="" key="command" value="sdr type Temperature"/> 
    </PluginParameter>  
    <PluginDataHandlers> 
      <PluginDataHandler classKey="RegularFilter"> 
        <Parameter type="" key="REGULAR" value="(MEM\s+\S+)"/> 
      </PluginDataHandler> 
    </PluginDataHandlers>  
    <PluginDataConverter classKey="subInstConverter"> 
      <Parameter type="" key="IndexColumnTitle" value="MemIndex"/>  
      <Parameter type="" key="ValueColumnTitle" value="MemIndex"/> 
    </PluginDataConverter> 
  </MetricPlugin>
  <MetricPlugin metricid="MemStatus" collectType="" pluginid="IpmiPlugin"> 
    <PluginResultMetaInfo columns="MemStatus"/>  
    <PluginParameter type="ArrayType"> 
      <Parameter key="tool" value="ipmitool"/>  
      <Parameter type="" key="command" value="sdr type Temperature"/> 
    </PluginParameter>  
    <PluginDataHandlers> 
      <PluginDataHandler classKey="RegularFilter"> 
        <Parameter type="ResourceProperty" key="MemIndex" value="MemIndex"/>  
        <Parameter type="" key="REGULAR" value="${MemIndex}\s+\|\s+\S+\s+\|\s+(\S+)"/> 
      </PluginDataHandler>  
      <PluginDataHandler classKey="translateProcessor"> 
        <Parameter type="" key="MemStatus" value="ok,1;0"/> 
      </PluginDataHandler> 
    </PluginDataHandlers> 
  </MetricPlugin>
  <MetricPlugin metricid="MemTemp" collectType="" pluginid="IpmiPlugin"> 
    <PluginResultMetaInfo columns="MemTemp"/>  
    <PluginParameter type="ArrayType"> 
      <Parameter key="tool" value="ipmitool"/>  
      <Parameter type="" key="command" value="sdr type Temperature"/> 
    </PluginParameter>  
    <PluginDataHandlers> 
      <PluginDataHandler classKey="RegularFilter"> 
        <Parameter type="ResourceProperty" key="MemIndex" value="MemIndex"/>  
        <Parameter type="" key="REGULAR" value="${MemIndex}\s+\|\s+\S+\s+\|\s+\S+\s+\|\s+\S+\s+\|\s+(.+)"/> 
      </PluginDataHandler>  
    </PluginDataHandlers> 
  </MetricPlugin>
</MetricPlugins>
