<?xml version="1.0" encoding="UTF-8"?>
<Capacity xmlns:xsi="http://www.w3.org/2001/XMLSchema-instance" version="1.0" xsi:noNamespaceSchemaLocation="../../../schema/Resource.xsd">  
  <SupportInfo> 
    <SupportName>Hardware</SupportName>  
    <PreSupportVersion>富士通 RX300S7</PreSupportVersion>  
    <ActualSupportVersion>富士通 RX300S7</ActualSupportVersion> 
  </SupportInfo>  
  <GlobalMetricSetting isEncrypt="FALSE" version="4.1.0"> 
    <GlobalIsEdit>false</GlobalIsEdit>  
    <GlobalIsMonitor>true</GlobalIsMonitor>  
    <GlobalDefaultMonitorFreq>day1</GlobalDefaultMonitorFreq>  
    <GlobalsupportMonitorFreq>min1,min5,min10,hour1,day1</GlobalsupportMonitorFreq>  
    <GlobalIsAlert>true</GlobalIsAlert>  
    <GlobalDefaultFlapping>1</GlobalDefaultFlapping> 
  </GlobalMetricSetting>
<Resource id="FujitsuRX300S7" category="FujitsuServer" icon="FujitsuServer.png" name="FujitsuRX300S7" description="FujitsuRX300S7服务器">
  <Metrics>
   <Metric id="SystemPower" style="AvailabilityMetric" name="系统电源状态" description="系统电源状态" unit=""> 
        <IsDisplay displayOrder="1000">true</IsDisplay>  
        <IsMonitor>true</IsMonitor>  
        <IsEdit>false</IsEdit>  
        <DefaultMonitorFreq>min1</DefaultMonitorFreq>  
        <SupportMonitorFreq>sec30,min1,min5,min10,min30,hour1</SupportMonitorFreq>  
        <IsAlert>true</IsAlert>  
        <DefaultFlapping>2</DefaultFlapping> 
      </Metric>
   <Metric id="BoardMfgDate" style="InformationMetric" name="主板生产日期" description="主板生产日期" unit=""> 
        <IsDisplay displayOrder="1010">true</IsDisplay>  
        <IsMonitor>true</IsMonitor>  
        <IsEdit>false</IsEdit>  
        <DefaultMonitorFreq>day1</DefaultMonitorFreq>  
        <SupportMonitorFreq>hour1,day1</SupportMonitorFreq>  
        <IsAlert>false</IsAlert>  
        <DefaultFlapping>1</DefaultFlapping> 
      </Metric>
   <Metric id="BoardMfg" style="InformationMetric" name="主板制造商" description="主板制造商" unit=""> 
        <IsDisplay displayOrder="1020">true</IsDisplay>  
        <IsMonitor>true</IsMonitor>  
        <IsEdit>false</IsEdit>  
        <DefaultMonitorFreq>day1</DefaultMonitorFreq>  
        <SupportMonitorFreq>hour1,day1</SupportMonitorFreq>  
        <IsAlert>false</IsAlert>  
        <DefaultFlapping>1</DefaultFlapping> 
      </Metric>
   <Metric id="BoardProduct" style="InformationMetric" name="主板型号" description="主板型号" unit=""> 
        <IsDisplay displayOrder="1030">true</IsDisplay>  
        <IsMonitor>true</IsMonitor>  
        <IsEdit>false</IsEdit>  
        <DefaultMonitorFreq>day1</DefaultMonitorFreq>  
        <SupportMonitorFreq>hour1,day1</SupportMonitorFreq>  
        <IsAlert>false</IsAlert>  
        <DefaultFlapping>1</DefaultFlapping> 
      </Metric>
   <Metric id="ProductManu" style="InformationMetric" name="主板厂商" description="主板厂商" unit=""> 
        <IsDisplay displayOrder="1040">true</IsDisplay>  
        <IsMonitor>true</IsMonitor>  
        <IsEdit>false</IsEdit>  
        <DefaultMonitorFreq>day1</DefaultMonitorFreq>  
        <SupportMonitorFreq>hour1,day1</SupportMonitorFreq>  
        <IsAlert>false</IsAlert>  
        <DefaultFlapping>1</DefaultFlapping> 
      </Metric>
   <Metric id="ProductName" style="InformationMetric" name="产品名称" description="产品名称" unit=""> 
        <IsDisplay displayOrder="1050">true</IsDisplay>  
        <IsMonitor>true</IsMonitor>  
        <IsEdit>false</IsEdit>  
        <DefaultMonitorFreq>day1</DefaultMonitorFreq>  
        <SupportMonitorFreq>hour1,day1</SupportMonitorFreq>  
        <IsAlert>false</IsAlert>  
        <DefaultFlapping>1</DefaultFlapping> 
      </Metric>
    <Metric id="ProductVersion" style="InformationMetric" name="产品版本" description="产品版本" unit=""> 
        <IsDisplay displayOrder="1060">true</IsDisplay>  
        <IsMonitor>true</IsMonitor>  
        <IsEdit>false</IsEdit>  
        <DefaultMonitorFreq>day1</DefaultMonitorFreq>  
        <SupportMonitorFreq>hour1,day1</SupportMonitorFreq>  
        <IsAlert>false</IsAlert>  
        <DefaultFlapping>1</DefaultFlapping> 
      </Metric>
    <Metric id="ProductSerial" style="InformationMetric" name="产品序列号" description="产品序列号" unit=""> 
        <IsDisplay displayOrder="1070">true</IsDisplay>  
        <IsMonitor>true</IsMonitor>  
        <IsEdit>false</IsEdit>  
        <DefaultMonitorFreq>day1</DefaultMonitorFreq>  
        <SupportMonitorFreq>hour1,day1</SupportMonitorFreq>  
        <IsAlert>false</IsAlert>  
        <DefaultFlapping>1</DefaultFlapping> 
      </Metric>
    <Metric id="ChassisPower" style="InformationMetric" name="主板电源状态" description="主板电源状态" unit=""> 
        <IsDisplay displayOrder="1080">true</IsDisplay>  
        <IsMonitor>true</IsMonitor>  
        <IsEdit>false</IsEdit>  
        <DefaultMonitorFreq>day1</DefaultMonitorFreq>  
        <SupportMonitorFreq>hour1,day1</SupportMonitorFreq>  
        <IsAlert>false</IsAlert>  
        <DefaultFlapping>1</DefaultFlapping> 
      </Metric>
    <Metric id="PowerOverload" style="InformationMetric" name="电源过载" description="电源过载" unit=""> 
        <IsDisplay displayOrder="1090">true</IsDisplay>  
        <IsMonitor>true</IsMonitor>  
        <IsEdit>false</IsEdit>  
        <DefaultMonitorFreq>day1</DefaultMonitorFreq>  
        <SupportMonitorFreq>hour1,day1</SupportMonitorFreq>  
        <IsAlert>false</IsAlert>  
        <DefaultFlapping>1</DefaultFlapping> 
      </Metric>
    <Metric id="PowerInterlock" style="InformationMetric" name="电源锁启用状态" description="电源锁启用状态" unit=""> 
        <IsDisplay displayOrder="1200">true</IsDisplay>  
        <IsMonitor>true</IsMonitor>  
        <IsEdit>false</IsEdit>  
        <DefaultMonitorFreq>day1</DefaultMonitorFreq>  
        <SupportMonitorFreq>hour1,day1</SupportMonitorFreq>  
        <IsAlert>false</IsAlert>  
        <DefaultFlapping>1</DefaultFlapping> 
      </Metric>
    <Metric id="PowerControlFault" style="InformationMetric" name="控制电源错误  " description="控制电源错误  " unit=""> 
        <IsDisplay displayOrder="1210">true</IsDisplay>  
        <IsMonitor>true</IsMonitor>  
        <IsEdit>false</IsEdit>  
        <DefaultMonitorFreq>day1</DefaultMonitorFreq>  
        <SupportMonitorFreq>hour1,day1</SupportMonitorFreq>  
        <IsAlert>false</IsAlert>  
        <DefaultFlapping>1</DefaultFlapping> 
      </Metric>
    <Metric id="PowerRestore" style="InformationMetric" name="电源恢复策略  " description="电源恢复策略  " unit=""> 
        <IsDisplay displayOrder="1220">true</IsDisplay>  
        <IsMonitor>true</IsMonitor>  
        <IsEdit>false</IsEdit>  
        <DefaultMonitorFreq>day1</DefaultMonitorFreq>  
        <SupportMonitorFreq>hour1,day1</SupportMonitorFreq>  
        <IsAlert>false</IsAlert>  
        <DefaultFlapping>1</DefaultFlapping> 
      </Metric>
    <Metric id="LastPowerEvent" style="InformationMetric" name="上一次电源事件  " description="上一次电源事件  " unit=""> 
        <IsDisplay displayOrder="1230">true</IsDisplay>  
        <IsMonitor>true</IsMonitor>  
        <IsEdit>false</IsEdit>  
        <DefaultMonitorFreq>day1</DefaultMonitorFreq>  
        <SupportMonitorFreq>hour1,day1</SupportMonitorFreq>  
        <IsAlert>false</IsAlert>  
        <DefaultFlapping>1</DefaultFlapping> 
      </Metric>
    <Metric id="ChassisIntrusion" style="InformationMetric" name="机箱入侵检测  " description="机箱入侵检测  " unit=""> 
        <IsDisplay displayOrder="1240">true</IsDisplay>  
        <IsMonitor>true</IsMonitor>  
        <IsEdit>false</IsEdit>  
        <DefaultMonitorFreq>day1</DefaultMonitorFreq>  
        <SupportMonitorFreq>hour1,day1</SupportMonitorFreq>  
        <IsAlert>false</IsAlert>  
        <DefaultFlapping>1</DefaultFlapping> 
      </Metric>
    <Metric id="FrontPanelLockout" style="InformationMetric" name="前面板锁定  " description="前面板锁定  " unit=""> 
        <IsDisplay displayOrder="1250">true</IsDisplay>  
        <IsMonitor>true</IsMonitor>  
        <IsEdit>false</IsEdit>  
        <DefaultMonitorFreq>day1</DefaultMonitorFreq>  
        <SupportMonitorFreq>hour1,day1</SupportMonitorFreq>  
        <IsAlert>false</IsAlert>  
        <DefaultFlapping>1</DefaultFlapping> 
      </Metric>
    <Metric id="DriveFault" style="InformationMetric" name="驱动错误  " description="驱动错误  " unit=""> 
        <IsDisplay displayOrder="1260">true</IsDisplay>  
        <IsMonitor>true</IsMonitor>  
        <IsEdit>false</IsEdit>  
        <DefaultMonitorFreq>day1</DefaultMonitorFreq>  
        <SupportMonitorFreq>hour1,day1</SupportMonitorFreq>  
        <IsAlert>false</IsAlert>  
        <DefaultFlapping>1</DefaultFlapping> 
      </Metric>
    <Metric id="FanFault" style="InformationMetric" name="风扇错误   " description="风扇错误   " unit=""> 
        <IsDisplay displayOrder="1270">true</IsDisplay>  
        <IsMonitor>true</IsMonitor>  
        <IsEdit>false</IsEdit>  
        <DefaultMonitorFreq>day1</DefaultMonitorFreq>  
        <SupportMonitorFreq>hour1,day1</SupportMonitorFreq>  
        <IsAlert>false</IsAlert>  
        <DefaultFlapping>1</DefaultFlapping> 
      </Metric>
    <Metric id="AmbientTemp" style="PerformanceMetric" name="环境温度" description="环境温度" unit="degree C"> 
        <IsDisplay displayOrder="1280">true</IsDisplay>  
        <IsMonitor>true</IsMonitor><!-- 是否监视 -->
        <IsEdit>false</IsEdit><!-- 是否编辑 -->
        <DefaultMonitorFreq>min5</DefaultMonitorFreq> <!-- 默认监视频率 --> 
        <SupportMonitorFreq>min1,min5,min10,min30,hour1,hour4,hour8</SupportMonitorFreq><!-- 支持监视频率 -->  
        <IsAlert>false</IsAlert> <!-- 是否警告 --> 
        <DefaultFlapping>1</DefaultFlapping> <!-- 默认振动 --> 
        <Thresholds> <!-- 阀门值 -->
          <Threshold operator="&gt;" defaultvalue="5" stateid="Normal"/>  
          <Threshold operator="&gt;" defaultvalue="40" stateid="Minor"/>  
          <Threshold operator="&gt;" defaultvalue="50" stateid="Major"/> 
        </Thresholds> 
      </Metric>
  </Metrics>
  <Properties> 
      <Property id="ProductName" name="ProductName" metricid="ProductName"/>    
      <Property id="ProductSerial" name="ProductSerial" metricid="ProductSerial"/> 
    </Properties>
 	<Instantiation InstanceId="ProductName,ProductSerial" InstanceName="ProductName"/> 
</Resource>
<Resource id="FujitsuRX300S7CPUPower" type="Power" icon="" name="cpu电源" description="cpu电源" parentid="FujitsuRX300S7">
   <Metrics> 
      <Metric id="CPUpowerIndex" style="InformationMetric" name="CPU电源索引" description="CPU电源索引" unit=""> 
        <IsDisplay displayOrder="2000">false</IsDisplay>  
        <IsMonitor>false</IsMonitor>  
        <IsEdit>false</IsEdit>  
        <DefaultMonitorFreq>day1</DefaultMonitorFreq>  
        <SupportMonitorFreq>hour1,day1</SupportMonitorFreq>  
        <IsAlert>false</IsAlert>  
        <DefaultFlapping>1</DefaultFlapping> 
      </Metric>
     <Metric id="CPUpowerStatus" style="AvailabilityMetric" name="电源状态" description="电源状态" unit=""> 
        <IsDisplay displayOrder="2010">true</IsDisplay>  
        <IsMonitor>true</IsMonitor>  
        <IsEdit>false</IsEdit>  
        <DefaultMonitorFreq>min1</DefaultMonitorFreq>  
        <SupportMonitorFreq>sec30,min1,min5,min10,min30,hour1</SupportMonitorFreq>  
        <IsAlert>true</IsAlert>  
        <DefaultFlapping>2</DefaultFlapping> 
      </Metric>
    <Metric id="CPUpowerWatts" style="InformationMetric" name="电源功率" description="电源功率" unit="watts"> 
        <IsDisplay displayOrder="2020">true</IsDisplay>  
        <IsMonitor>true</IsMonitor>  
        <IsEdit>false</IsEdit>  
        <DefaultMonitorFreq>day1</DefaultMonitorFreq>  
        <SupportMonitorFreq>hour1,day1</SupportMonitorFreq>  
        <IsAlert>false</IsAlert>  
        <DefaultFlapping>1</DefaultFlapping> 
      </Metric>
   </Metrics>
   <Properties> 
      <Property id="CPUpowerIndex" name="CPUpowerIndex" metricid="CPUpowerIndex"/> 
    </Properties>  
    <Instantiation InstanceId="CPUpowerIndex" InstanceName="CPUpowerIndex"/>
</Resource>
<Resource id="FujitsuRX300S7SystemPower" type="Power" icon="" name="System电源" description="System电源" parentid="FujitsuRX300S7">
<Metrics> 
      <Metric id="SystemPowerIndex" style="InformationMetric" name="System电源索引" description="System电源索引" unit=""> 
        <IsDisplay displayOrder="3000">false</IsDisplay>  
        <IsMonitor>false</IsMonitor>  
        <IsEdit>false</IsEdit>  
        <DefaultMonitorFreq>day1</DefaultMonitorFreq>  
        <SupportMonitorFreq>hour1,day1</SupportMonitorFreq>  
        <IsAlert>false</IsAlert>  
        <DefaultFlapping>1</DefaultFlapping> 
      </Metric>
     <Metric id="SystemPowerStatus" style="AvailabilityMetric" name="System电源状态" description="System电源状态" unit=""> 
        <IsDisplay displayOrder="3010">true</IsDisplay>  
        <IsMonitor>true</IsMonitor>  
        <IsEdit>false</IsEdit>  
        <DefaultMonitorFreq>min1</DefaultMonitorFreq>  
        <SupportMonitorFreq>sec30,min1,min5,min10,min30,hour1</SupportMonitorFreq>  
        <IsAlert>true</IsAlert>  
        <DefaultFlapping>2</DefaultFlapping> 
      </Metric>
    <Metric id="SystemPowerWatts" style="InformationMetric" name="System电源功率" description="System电源功率" unit="watts"> 
        <IsDisplay displayOrder="3020">true</IsDisplay>  
        <IsMonitor>true</IsMonitor>  
        <IsEdit>false</IsEdit>  
        <DefaultMonitorFreq>day1</DefaultMonitorFreq>  
        <SupportMonitorFreq>hour1,day1</SupportMonitorFreq>  
        <IsAlert>false</IsAlert>  
        <DefaultFlapping>1</DefaultFlapping> 
      </Metric>
   </Metrics>
   <Properties> 
      <Property id="SystemPowerIndex" name="SystemPowerIndex" metricid="SystemPowerIndex"/> 
    </Properties>  
    <Instantiation InstanceId="SystemPowerIndex" InstanceName="SystemPowerIndex"/>
</Resource>
<Resource id="FujitsuRX300S7HDDPower" type="Power" icon="" name="HDD电源" description="HDD电源" parentid="FujitsuRX300S7">
  <Metrics>
  <Metric id="HDDPowerIndex" style="InformationMetric" name="HDD电源索引" description="HDD电源索引" unit=""> 
        <IsDisplay displayOrder="4000">false</IsDisplay>  
        <IsMonitor>false</IsMonitor>  
        <IsEdit>false</IsEdit>  
        <DefaultMonitorFreq>day1</DefaultMonitorFreq>  
        <SupportMonitorFreq>hour1,day1</SupportMonitorFreq>  
        <IsAlert>false</IsAlert>  
        <DefaultFlapping>1</DefaultFlapping> 
      </Metric>
   <Metric id="HDDPowerStatus" style="AvailabilityMetric" name="HDD电源状态" description="HDD电源状态" unit=""> 
        <IsDisplay displayOrder="4010">true</IsDisplay>  
        <IsMonitor>true</IsMonitor>  
        <IsEdit>false</IsEdit>  
        <DefaultMonitorFreq>min1</DefaultMonitorFreq>  
        <SupportMonitorFreq>sec30,min1,min5,min10,min30,hour1</SupportMonitorFreq>  
        <IsAlert>true</IsAlert>  
        <DefaultFlapping>2</DefaultFlapping> 
      </Metric>
   <Metric id="HDDPowerWatts" style="InformationMetric" name="HDD电源功率" description="HDD电源功率" unit="watts"> 
        <IsDisplay displayOrder="4020">true</IsDisplay>  
        <IsMonitor>true</IsMonitor>  
        <IsEdit>false</IsEdit>  
        <DefaultMonitorFreq>day1</DefaultMonitorFreq>  
        <SupportMonitorFreq>hour1,day1</SupportMonitorFreq>  
        <IsAlert>false</IsAlert>  
        <DefaultFlapping>1</DefaultFlapping> 
      </Metric>
  </Metrics>
  <Properties> 
      <Property id="HDDPowerIndex" name="HDDPowerIndex" metricid="HDDPowerIndex"/> 
    </Properties>  
    <Instantiation InstanceId="HDDPowerIndex" InstanceName="HDDPowerIndex"/>
</Resource>
<Resource id="FujitsuRX300S7PSUPower" type="Power" icon="" name="PSU电源" description="PSU电源" parentid="FujitsuRX300S7">
  <Metrics>
     <Metric id="PSUPowerIndex" style="InformationMetric" name="PSU电源索引" description="PSU电源索引" unit=""> 
        <IsDisplay displayOrder="5000">false</IsDisplay>  
        <IsMonitor>false</IsMonitor>  
        <IsEdit>false</IsEdit>  
        <DefaultMonitorFreq>day1</DefaultMonitorFreq>  
        <SupportMonitorFreq>hour1,day1</SupportMonitorFreq>  
        <IsAlert>false</IsAlert>  
        <DefaultFlapping>1</DefaultFlapping> 
      </Metric>
     <Metric id="PSUPowerStatus" style="AvailabilityMetric" name="PSU电源状态" description="PSU电源状态" unit=""> 
        <IsDisplay displayOrder="5010">true</IsDisplay>  
        <IsMonitor>true</IsMonitor>  
        <IsEdit>false</IsEdit>  
        <DefaultMonitorFreq>min1</DefaultMonitorFreq>  
        <SupportMonitorFreq>sec30,min1,min5,min10,min30,hour1</SupportMonitorFreq>  
        <IsAlert>true</IsAlert>  
        <DefaultFlapping>2</DefaultFlapping> 
      </Metric>
    <Metric id="PSUPowerWatts" style="InformationMetric" name="PSU电源功率" description="PSU电源功率" unit="watts"> 
        <IsDisplay displayOrder="5020">true</IsDisplay>  
        <IsMonitor>true</IsMonitor>  
        <IsEdit>false</IsEdit>  
        <DefaultMonitorFreq>day1</DefaultMonitorFreq>  
        <SupportMonitorFreq>hour1,day1</SupportMonitorFreq>  
        <IsAlert>false</IsAlert>  
        <DefaultFlapping>1</DefaultFlapping> 
      </Metric>
  </Metrics>
  <Properties> 
      <Property id="PSUPowerIndex" name="PSUPowerIndex" metricid="PSUPowerIndex"/> 
    </Properties>  
    <Instantiation InstanceId="PSUPowerIndex" InstanceName="PSUPowerIndex"/>
</Resource>
<Resource id="FujitsuRX300S7TotalPower" type="Power" icon="" name="Total电源" description="Total电源" parentid="FujitsuRX300S7">
  <Metrics>
      <Metric id="TotalPowerIndex" style="InformationMetric" name="Total电源索引" description="Total电源索引" unit=""> 
        <IsDisplay displayOrder="6000">false</IsDisplay>  
        <IsMonitor>false</IsMonitor>  
        <IsEdit>false</IsEdit>  
        <DefaultMonitorFreq>day1</DefaultMonitorFreq>  
        <SupportMonitorFreq>hour1,day1</SupportMonitorFreq>  
        <IsAlert>false</IsAlert>  
        <DefaultFlapping>1</DefaultFlapping> 
      </Metric>
     <Metric id="TotalPowerWatts" style="InformationMetric" name="Total电源功率" description="Total电源功率" unit="watts"> 
        <IsDisplay displayOrder="6010">true</IsDisplay>  
        <IsMonitor>true</IsMonitor>  
        <IsEdit>false</IsEdit>  
        <DefaultMonitorFreq>day1</DefaultMonitorFreq>  
        <SupportMonitorFreq>hour1,day1</SupportMonitorFreq>  
        <IsAlert>false</IsAlert>  
        <DefaultFlapping>1</DefaultFlapping> 
      </Metric>
     <Metric id="TotalPowerOutWatts" style="InformationMetric" name="TotalOut电源功率" description="TotalOut电源功率" unit="watts"> 
        <IsDisplay displayOrder="6020">true</IsDisplay>  
        <IsMonitor>true</IsMonitor>  
        <IsEdit>false</IsEdit>  
        <DefaultMonitorFreq>day1</DefaultMonitorFreq>  
        <SupportMonitorFreq>hour1,day1</SupportMonitorFreq>  
        <IsAlert>false</IsAlert>  
        <DefaultFlapping>1</DefaultFlapping> 
      </Metric>
  </Metrics>
  <Properties> 
      <Property id="TotalPowerIndex" name="TotalPowerIndex" metricid="TotalPowerIndex"/> 
    </Properties>  
    <Instantiation InstanceId="TotalPowerIndex" InstanceName="TotalPowerIndex"/>
</Resource>
<Resource id="FujitsuRX300S7SysBoard" type="Systemboard" icon="" name="系统主板" description="系统主板" parentid="FujitsuRX300S7">
    <Metrics> 
      <Metric id="SysBoardIndex" style="InformationMetric" name="主板索引" description="系统板索引" unit=""> 
        <IsDisplay displayOrder="7000">false</IsDisplay>  
        <IsMonitor>false</IsMonitor>  
        <IsEdit>false</IsEdit>  
        <DefaultMonitorFreq>day1</DefaultMonitorFreq>  
        <SupportMonitorFreq>hour1,day1</SupportMonitorFreq>  
        <IsAlert>false</IsAlert>  
        <DefaultFlapping>1</DefaultFlapping> 
      </Metric>
     <Metric id="SysBoardStatus" style="AvailabilityMetric" name="主板状态" description="系统板状态" unit=""> 
        <IsDisplay displayOrder="7010">true</IsDisplay>  
        <IsMonitor>true</IsMonitor>  
        <IsEdit>false</IsEdit>  
        <DefaultMonitorFreq>min1</DefaultMonitorFreq>  
        <SupportMonitorFreq>sec30,min1,min5,min10,min30,hour1</SupportMonitorFreq>  
        <IsAlert>true</IsAlert>  
        <DefaultFlapping>2</DefaultFlapping> 
      </Metric>
    <Metric id="SysBoardTemp" style="PerformanceMetric" name="主板温度" description="系统板温度" unit="degree C"> 
        <IsDisplay displayOrder="7020">true</IsDisplay>  
        <IsMonitor>true</IsMonitor>  
        <IsEdit>false</IsEdit>  
        <DefaultMonitorFreq>min1</DefaultMonitorFreq>  
        <SupportMonitorFreq>sec30,min1,min5,min10,min30,hour1</SupportMonitorFreq>  
        <IsAlert>false</IsAlert>  
        <DefaultFlapping>2</DefaultFlapping> 
        <Thresholds> <!-- 阀门值 -->
          <Threshold operator="&gt;" defaultvalue="5" stateid="Normal"/>  
          <Threshold operator="&gt;" defaultvalue="40" stateid="Minor"/>  
          <Threshold operator="&gt;" defaultvalue="50" stateid="Major"/> 
        </Thresholds>
      </Metric>
   </Metrics>
    <Properties> 
      <Property id="SysBoardIndex" name="SysBoardIndex" metricid="SysBoardIndex"/> 
    </Properties>  
    <Instantiation InstanceId="SysBoardIndex" InstanceName="SysBoardIndex"/>
</Resource>
<Resource id="FujitsuRX300S7Mem" type="Mem" icon="" name="内存" description="内存" parentid="FujitsuRX300S7"> 
   <Metrics> 
      <Metric id="MemIndex" style="InformationMetric" name="内存索引" description="内存索引" unit=""> 
        <IsDisplay displayOrder="8000">false</IsDisplay>  
        <IsMonitor>false</IsMonitor>  
        <IsEdit>false</IsEdit>  
        <DefaultMonitorFreq>day1</DefaultMonitorFreq>  
        <SupportMonitorFreq>hour1,day1</SupportMonitorFreq>  
        <IsAlert>false</IsAlert>  
        <DefaultFlapping>1</DefaultFlapping> 
      </Metric>
      <Metric id="MemStatus" style="AvailabilityMetric" name="内存状态" description="内存状态" unit=""> 
        <IsDisplay displayOrder="8010">true</IsDisplay>  
        <IsMonitor>true</IsMonitor>  
        <IsEdit>false</IsEdit>  
        <DefaultMonitorFreq>min1</DefaultMonitorFreq>  
        <SupportMonitorFreq>sec30,min1,min5,min10,min30,hour1</SupportMonitorFreq>  
        <IsAlert>true</IsAlert>  
        <DefaultFlapping>2</DefaultFlapping> 
      </Metric>
      <Metric id="MemTemp" style="PerformanceMetric" name="内存温度" description="内存温度" unit="degree C"> 
        <IsDisplay displayOrder="8020">true</IsDisplay>  
        <IsMonitor>true</IsMonitor>  
        <IsEdit>false</IsEdit>  
        <DefaultMonitorFreq>min1</DefaultMonitorFreq>  
        <SupportMonitorFreq>sec30,min1,min5,min10,min30,hour1</SupportMonitorFreq>  
        <IsAlert>false</IsAlert>  
        <DefaultFlapping>2</DefaultFlapping> 
        <Thresholds> <!-- 阀门值 -->
          <Threshold operator="&gt;" defaultvalue="5" stateid="Normal"/>  
          <Threshold operator="&gt;" defaultvalue="40" stateid="Minor"/>  
          <Threshold operator="&gt;" defaultvalue="50" stateid="Major"/> 
        </Thresholds>
      </Metric>
   </Metrics>
   <Properties> 
      <Property id="MemIndex" name="MemIndex" metricid="MemIndex"/> 
    </Properties>  
    <Instantiation InstanceId="MemIndex" InstanceName="MemIndex"/>
</Resource>
</Capacity>