<?xml version="1.0" encoding="UTF-8"?>

<MetricPlugins xmlns:xsi="http://www.w3.org/2001/XMLSchema-instance" version="1.0" xsi:noNamespaceSchemaLocation="../../../schema/Collect.xsd">
    <GlobalMetricSetting isEncrypt="FALSE" version="4.1.0">
        <ChangePluginInitParameter pluginid="SshPlugin" parameterId="InstallPath" parameterProperty="isDisplay" propertyValue="TRUE"/>
        <ChangePluginInitParameter pluginid="TelnetPlugin" parameterId="InstallPath" parameterProperty="isDisplay" propertyValue="TRUE"/>
        <ChangePluginInitParameter pluginid="SshPlugin" parameterId="port" parameterProperty="mustInput" propertyValue="FALSE"/>
        <ChangePluginInitParameter pluginid="SshPlugin" parameterId="username" parameterProperty="mustInput" propertyValue="FALSE"/>
        <ChangePluginInitParameter pluginid="SshPlugin" parameterId="password" parameterProperty="mustInput" propertyValue="FALSE"/>
        <ChangePluginInitParameter pluginid="WmiPlugin" parameterId="username" parameterProperty="mustInput" propertyValue="FALSE"/>
        <ChangePluginInitParameter pluginid="WmiPlugin" parameterId="password" parameterProperty="mustInput" propertyValue="FALSE"/>
        <ChangePluginInitParameter pluginid="TelnetPlugin" parameterId="port" parameterProperty="mustInput" propertyValue="FALSE"/>
        <ChangePluginInitParameter pluginid="TelnetPlugin" parameterId="username" parameterProperty="mustInput" propertyValue="FALSE"/>
        <ChangePluginInitParameter pluginid="TelnetPlugin" parameterId="password" parameterProperty="mustInput" propertyValue="FALSE"/>
        <ChangePluginInitParameter pluginid="TelnetPlugin" parameterId="userprompt" parameterProperty="mustInput" propertyValue="FALSE"/>
        <ChangePluginInitParameter pluginid="TelnetPlugin" parameterId="passprompt" parameterProperty="mustInput" propertyValue="FALSE"/>
        <ChangePluginInitParameter pluginid="TelnetPlugin" parameterId="opprompt" parameterProperty="mustInput" propertyValue="FALSE"/>
    </GlobalMetricSetting>
    <PluginClassAliasList>
        <PluginClassAlias id="defaultProcessor" class="com.mainsteam.stm.plugin.common.DefaultResultSetProcessor"/>
        <PluginClassAlias id="defaultConverter" class="com.mainsteam.stm.plugin.common.DefaultResultSetConverter"/>
        <PluginClassAlias id="selectProcessor" class="com.mainsteam.stm.plugin.common.SelectResultSetProcessor"/>
        <PluginClassAlias id="columnPasteProcessor" class="com.mainsteam.stm.plugin.common.ColumnPasteProcessor"/>
        <PluginClassAlias id="RegularFilter" class="com.mainsteam.stm.plugin.common.RegularFilter"/>
        <PluginClassAlias id="subInstConverter" class="com.mainsteam.stm.plugin.common.SubInstResultSetConverter"/>
        <PluginClassAlias id="availableConverter" class="com.mainsteam.stm.plugin.common.AvailableConverter"/>
        <PluginClassAlias id="tableConverter" class="com.mainsteam.stm.plugin.common.TableResultSetConverter"/>
        <PluginClassAlias id="translateProcessor" class="com.mainsteam.stm.plugin.common.TranslateResultSetProcessor"/>
        <PluginClassAlias id="ChangeRateProcessor" class="com.mainsteam.stm.plugin.common.ChangeRateProcessor"/>
        <PluginClassAlias id="processConverter" class="com.mainsteam.stm.plugin.common.ProcessResultSetConverter"/>
        <PluginClassAlias id="FormatProcessor" class="com.mainsteam.stm.plugin.common.FormatProcessor"/>
        <PluginClassAlias id="memRateProcessor" class="com.mainsteam.stm.plugin.common.MemRateProcessor"/>
    </PluginClassAliasList>
    <MetricPlugin metricid="icmpDelayTime" collectType="" pluginid="IcmpPlugin">
        <PluginResultMetaInfo columns="ip,isAlive,ResponseTime"/>
        <PluginParameter type="ArrayType">
            <Parameter type="DiscoveryInfo" key="IP" value="IP"/>
        </PluginParameter>
        <PluginDataHandlers>
            <PluginDataHandler classKey="selectProcessor">
                <Parameter type="" key="SELECT" value="SELECT ResponseTime"/>
            </PluginDataHandler>
        </PluginDataHandlers>
    </MetricPlugin>
    <MetricPlugin metricid="cpuRate" collectType="WMI" pluginid="WmiPlugin">
        <PluginResultMetaInfo columns="CPU"/>
        <PluginParameter type="ArrayType">
            <Parameter type="" key="COMMAND" value="root\cimv2::select PercentProcessorTime from Win32_PerfFormattedData_PerfOS_Processor  where name = '_Total'"/>
        </PluginParameter>
        <PluginDataHandlers>
            <PluginDataHandler classKey="selectProcessor">
                <Parameter type="" key="SELECT" value="SELECT SUM(CPU) AS cpuRate"/>
            </PluginDataHandler>
            <PluginDataHandler classKey="FormatProcessor">
                <Parameter type="" key="" value="TO_HUNDRED"/>
            </PluginDataHandler>
        </PluginDataHandlers>
    </MetricPlugin>
    <MetricPlugin metricid="cpuRate" collectType="TELNET" pluginid="TelnetPlugin">
        <PluginResultMetaInfo columns="cpuRate"/>
        <PluginParameter type="ArrayType">
            <Parameter type="" key="Linux" value="LANG=en_US.utf8;top -b -n 3 -d 2 | grep -i &quot;cpu(s)&quot; | tail -n+3 | awk -F , '{if($4~/id/){printf (&quot;%0.2f&quot;,100-substr($4,1,length($4)-3));}}'"/>
            <Parameter type="" key="FreeBSD" value="setenv LANG en_US.UTF-8;vmstat 1 2 | awk 'BEGIN{id_flag=0;idl=0;}NR&gt;1{if($0~/id/){for(i=1;i&lt;=NF;i++){if($i~/id/)id_flag=i;}}idl=$id_flag;}END{printf &quot;%.2f&quot;, 100.00-idl}'"/>
            <Parameter type="" key="UnixWare" value="LANG=en_US.UTF-8;sar -u 1 2| awk 'BEGIN{idle=0;idloff=0;}{if($0~/idle/){for(i=1;i&lt;=NF;i++){if($i~/idle/)idloff=i;}}else if(NF&gt;1){idle=$idloff;}}END{syscpuload=100.00-idle;printf &quot;%.2f&quot;, syscpuload}'"/>
            <Parameter type="" key="SunOS" value="vmstat 1 2 | awk 'BEGIN{id_flag=0;idl=0;}NR&gt;1{if($0~/id/){for(i=1;i&lt;=NF;i++){if($i~/id/)id_flag=i;}}idl=$id_flag;}END{printf &quot;%.2f&quot;, 100.00-idl}'"/>
            <Parameter type="" key="AIX" value="vmstat 1 2 | awk 'BEGIN{id_flag=0;idl=0;}NR&gt;1{if($0~/id/){for(i=1;i&lt;=NF;i++){if($i~/id/)id_flag=i;}}idl=$id_flag;}END{printf &quot;%.2f&quot;, 100.00-idl}'"/>
            <Parameter type="" key="SCO_SV" value="sar -u 1 2| awk 'BEGIN{idle=0;idloff=0;}{if($0~/idle/){for(i=1;i&lt;=NF;i++){if($i~/idle/)idloff=i;}}else if(NF&gt;1){idle=$idloff;}}END{syscpuload=100.00-idle;printf &quot;%.2f&quot;, syscpuload}'"/>
            <Parameter type="" key="HP-UX" value="LANG=en_US.utf8;vmstat 1 2 | awk 'BEGIN{id_flag=0;idl=0;}NR&gt;1{if($0~/id/){for(i=1;i&lt;=NF;i++){if($i~/id/)id_flag=i;}}idl=$id_flag;}END{printf &quot;%.2f&quot;, 100.00-idl}'"/>
        </PluginParameter>
    </MetricPlugin>
    <MetricPlugin metricid="cpuRate" collectType="SSH" pluginid="SshPlugin">
        <PluginResultMetaInfo columns="cpuRate"/>
        <PluginParameter type="ArrayType">
            <Parameter type="" key="Linux" value="LANG=en_US.utf8;top -b -n 3 -d 2 | grep -i &quot;cpu(s)&quot; | tail -n+3 | awk -F , '{if($4~/id/){printf (&quot;%0.2f&quot;,100-substr($4,1,length($4)-3));}}'"/>
            <Parameter type="" key="FreeBSD" value="setenv LANG en_US.UTF-8;vmstat 1 2 | awk 'BEGIN{id_flag=0;idl=0;}NR&gt;1{if($0~/id/){for(i=1;i&lt;=NF;i++){if($i~/id/)id_flag=i;}}idl=$id_flag;}END{printf &quot;%.2f&quot;, 100.00-idl}'"/>
            <Parameter type="" key="UnixWare" value="LANG=en_US.UTF-8;sar -u 1 2| awk 'BEGIN{idle=0;idloff=0;}{if($0~/idle/){for(i=1;i&lt;=NF;i++){if($i~/idle/)idloff=i;}}else if(NF&gt;1){idle=$idloff;}}END{syscpuload=100.00-idle;printf &quot;%.2f&quot;, syscpuload}'"/>
            <Parameter type="" key="SunOS" value="vmstat 1 2 | awk 'BEGIN{id_flag=0;idl=0;}NR&gt;1{if($0~/id/){for(i=1;i&lt;=NF;i++){if($i~/id/)id_flag=i;}}idl=$id_flag;}END{printf &quot;%.2f&quot;, 100.00-idl}'"/>
            <Parameter type="" key="AIX" value="vmstat 1 2 | awk 'BEGIN{id_flag=0;idl=0;}NR&gt;1{if($0~/id/){for(i=1;i&lt;=NF;i++){if($i~/id/)id_flag=i;}}idl=$id_flag;}END{printf &quot;%.2f&quot;, 100.00-idl}'"/>
            <Parameter type="" key="SCO_SV" value="sar -u 1 2| awk 'BEGIN{idle=0;idloff=0;}{if($0~/idle/){for(i=1;i&lt;=NF;i++){if($i~/idle/)idloff=i;}}else if(NF&gt;1){idle=$idloff;}}END{syscpuload=100.00-idle;printf &quot;%.2f&quot;, syscpuload}'"/>
            <Parameter type="" key="HP-UX" value="LANG=en_US.utf8;vmstat 1 2 | awk 'BEGIN{id_flag=0;idl=0;}NR&gt;1{if($0~/id/){for(i=1;i&lt;=NF;i++){if($i~/id/)id_flag=i;}}idl=$id_flag;}END{printf &quot;%.2f&quot;, 100.00-idl}'"/>
        </PluginParameter>
    </MetricPlugin>
    <MetricPlugin metricid="memRate" collectType="WMI" pluginid="WmiPlugin">
        <PluginResultMetaInfo columns="Memory,totalMemSize"/>
        <PluginParameter type="ArrayType">
            <Parameter type="" key="COMMAND" value="root\cimv2::select FreePhysicalMemory,TotalVisibleMEMorySize from Win32_OperatingSystem"/>
        </PluginParameter>
        <PluginDataHandlers>
            <PluginDataHandler classKey="selectProcessor">
                <Parameter type="" key="SELECT" value="SELECT (totalMemSize - Memory)/totalMemSize*100 AS memRate"/>
            </PluginDataHandler>
            <PluginDataHandler classKey="FormatProcessor">
                <Parameter type="" key="" value="TO_HUNDRED"/>
            </PluginDataHandler>
        </PluginDataHandlers>
    </MetricPlugin>
    <MetricPlugin metricid="memRate" collectType="TELNET" pluginid="TelnetPlugin">
        <PluginResultMetaInfo columns="memRate"/>
        <PluginParameter type="ArrayType">
            <Parameter type="" key="Linux" value="LANG=en_US.utf8;cat /proc/meminfo | egrep '(^MemTotal|^MemFree|^Buffers|^Cached)' | awk '{if(NR==1){total=$2}else{free+=$2}};END {print free}'"/>
            <Parameter type="" key="FreeBSD" value="setenv LANG en_US.UTF-8;vmstat 1 2 | awk 'BEGIN{flag_fre=0;memfree=0;}NR&gt;1{if($0~/fre/){for(i=1;i&lt;=NF;i++){if($i~/fre/)flag_fre=i;}}memfree=$flag_fre;}END{printf &quot;%.0f&quot;, memfree}'"/>
            <Parameter type="" key="UnixWare" value="LANG=en_US.UTF-8;sar -r 1 | awk 'BEGIN{memfree=0}{while(getline &gt;0){memfree=$2;}}END{printf &quot;%.0f&quot;,memfree*4}'"/>
            <Parameter type="" key="SunOS" value="vmstat 1 2 | awk 'BEGIN{flag_fre=0;memfree=0;}NR&gt;1{if($0~/fre/){for(i=1;i&lt;=NF;i++){if($i~/fre/)flag_fre=i;}}memfree=$flag_fre;}END{printf &quot;%.0f&quot;, memfree}'"/>
            <Parameter type="" key="AIX" value="svmon -G |egrep '(in use|memory)'|awk 'BEGIN{total=0;inused=0;}{if($1~/memory/){total=$2;}else{inused=$3;}}END{printf &quot;%.0f&quot;,(total-inused)*4}'"/>
            <Parameter type="" key="SCO_SV" value="sar -r 1 | awk 'BEGIN{memfree=0}{while(getline &gt;0){memfree=$2;}}END{printf &quot;%.0f&quot;,memfree*4}'"/>
            <Parameter type="" key="HP-UX" value="LANG=en_US.utf8;vmstat 1 2 | awk 'BEGIN{flag_fre=0;memfree=0;}NR&gt;1{if($0~/fre/){for(i=1;i&lt;=NF;i++){if($i~/fre/)flag_fre=i;}}memfree=$flag_fre;}END{printf &quot;%.0f&quot;, memfree*4}'"/>
        </PluginParameter>
        <PluginDataHandlers>
            <PluginDataHandler classKey="selectProcessor">
                <Parameter type="ResourceProperty" key="totalMemSize" value="totalMemSize"/>
                <Parameter type="" key="SELECT" value="SELECT (1-memRate/${totalMemSize})*100 as memRate"/>
            </PluginDataHandler>
        </PluginDataHandlers>
    </MetricPlugin>
    <MetricPlugin metricid="memRate" collectType="SSH" pluginid="SshPlugin">
        <PluginResultMetaInfo columns="memRate"/>
        <PluginParameter type="ArrayType">
            <Parameter type="" key="Linux" value="LANG=en_US.utf8;cat /proc/meminfo | egrep '(^MemTotal|^MemFree|^Buffers|^Cached)' | awk '{if(NR==1){total=$2}else{free+=$2}};END {print free}'"/>
            <Parameter type="" key="FreeBSD" value="setenv LANG en_US.UTF-8;vmstat 1 2 | awk 'BEGIN{flag_fre=0;memfree=0;}NR&gt;1{if($0~/fre/){for(i=1;i&lt;=NF;i++){if($i~/fre/)flag_fre=i;}}memfree=$flag_fre;}END{printf &quot;%.0f&quot;, memfree}'"/>
            <Parameter type="" key="UnixWare" value="LANG=en_US.UTF-8;sar -r 1 | awk 'BEGIN{memfree=0}{while(getline &gt;0){memfree=$2;}}END{printf &quot;%.0f&quot;,memfree*4}'"/>
            <Parameter type="" key="SunOS" value="vmstat 1 2 | awk 'BEGIN{flag_fre=0;memfree=0;}NR&gt;1{if($0~/fre/){for(i=1;i&lt;=NF;i++){if($i~/fre/)flag_fre=i;}}memfree=$flag_fre;}END{printf &quot;%.0f&quot;, memfree}'"/>
            <Parameter type="" key="AIX" value="svmon -G |egrep '(in use|memory)'|awk 'BEGIN{total=0;inused=0;}{if($1~/memory/){total=$2;}else{inused=$3;}}END{printf &quot;%.0f&quot;,(total-inused)*4}'"/>
            <Parameter type="" key="SCO_SV" value="sar -r 1 | awk 'BEGIN{memfree=0}{while(getline &gt;0){memfree=$2;}}END{printf &quot;%.0f&quot;,memfree*4}'"/>
            <Parameter type="" key="HP-UX" value="LANG=en_US.utf8;vmstat 1 2 | awk 'BEGIN{flag_fre=0;memfree=0;}NR&gt;1{if($0~/fre/){for(i=1;i&lt;=NF;i++){if($i~/fre/)flag_fre=i;}}memfree=$flag_fre;}END{printf &quot;%.0f&quot;, memfree*4}'"/>
        </PluginParameter>
        <PluginDataHandlers>
            <PluginDataHandler classKey="selectProcessor">
                <Parameter type="ResourceProperty" key="totalMemSize" value="totalMemSize"/>
                <Parameter type="" key="SELECT" value="SELECT (1-memRate/${totalMemSize})*100 as memRate"/>
            </PluginDataHandler>
        </PluginDataHandlers>
    </MetricPlugin>
    <MetricPlugin metricid="availability" collectType="" pluginid="JBossPlugin">
        <PluginResultMetaInfo columns=""/>
        <PluginParameter type="ArrayType">
            <Parameter type="" key="COMMAND" value="com.mainsteam.stm.plugin.jboss.JBossCollector.findServer"/>
        </PluginParameter>
        <PluginDataHandlers>
            <PluginDataHandler classKey="RegularFilter">
                <Parameter type="" key="REGULAR" value="&lt;Started&gt;([\s\S]*)&lt;/Started&gt;"/>
            </PluginDataHandler>
            <PluginDataHandler classKey="availableConverter"/>
        </PluginDataHandlers>
    </MetricPlugin>
    <MetricPlugin metricid="BuildDate" collectType="" pluginid="JBossPlugin">
        <PluginResultMetaInfo columns=""/>
        <PluginParameter type="ArrayType">
            <Parameter type="" key="COMMAND" value="com.mainsteam.stm.plugin.jboss.JBossCollector.findServer"/>
        </PluginParameter>
        <PluginDataHandlers>
            <PluginDataHandler classKey="RegularFilter">
                <Parameter type="" key="REGULAR" value="&lt;BuildDate&gt;([\s\S]*)&lt;/BuildDate&gt;"/>
            </PluginDataHandler>
            <PluginDataHandler classKey="availableConverter"/>
        </PluginDataHandlers>
    </MetricPlugin>
    <MetricPlugin metricid="BuildOS" collectType="" pluginid="JBossPlugin">
        <PluginResultMetaInfo columns=""/>
        <PluginParameter type="ArrayType">
            <Parameter type="" key="COMMAND" value="com.mainsteam.stm.plugin.jboss.JBossCollector.findServer"/>
        </PluginParameter>
        <PluginDataHandlers>
            <PluginDataHandler classKey="RegularFilter">
                <Parameter type="" key="REGULAR" value="&lt;BuildOS&gt;([\s\S]*)&lt;/BuildOS&gt;"/>
            </PluginDataHandler>
        </PluginDataHandlers>
    </MetricPlugin>
    <MetricPlugin metricid="StartDate" collectType="" pluginid="JBossPlugin">
        <PluginResultMetaInfo columns=""/>
        <PluginParameter type="ArrayType">
            <Parameter type="" key="COMMAND" value="com.mainsteam.stm.plugin.jboss.JBossCollector.findServer"/>
        </PluginParameter>
        <PluginDataHandlers>
            <PluginDataHandler classKey="RegularFilter">
                <Parameter type="" key="REGULAR" value="&lt;StartDate&gt;([\s\S]*)&lt;/StartDate&gt;"/>
            </PluginDataHandler>
        </PluginDataHandlers>
    </MetricPlugin>
    <MetricPlugin metricid="BuildJVM" collectType="" pluginid="JBossPlugin">
        <PluginResultMetaInfo columns=""/>
        <PluginParameter type="ArrayType">
            <Parameter type="" key="COMMAND" value="com.mainsteam.stm.plugin.jboss.JBossCollector.findServer"/>
        </PluginParameter>
        <PluginDataHandlers>
            <PluginDataHandler classKey="RegularFilter">
                <Parameter type="" key="REGULAR" value="&lt;BuildJVM&gt;([\s\S]*)&lt;/BuildJVM&gt;"/>
            </PluginDataHandler>
        </PluginDataHandlers>
    </MetricPlugin>
    <MetricPlugin metricid="Version" collectType="" pluginid="JBossPlugin">
        <PluginResultMetaInfo columns=""/>
        <PluginParameter type="ArrayType">
            <Parameter type="" key="COMMAND" value="com.mainsteam.stm.plugin.jboss.JBossCollector.findServer"/>
        </PluginParameter>
        <PluginDataHandlers>
            <PluginDataHandler classKey="RegularFilter">
                <Parameter type="" key="REGULAR" value="&lt;Version&gt;([\s\S]*)&lt;/Version&gt;"/>
            </PluginDataHandler>
        </PluginDataHandlers>
    </MetricPlugin>
    <MetricPlugin metricid="MemoryUtil" collectType="" pluginid="JBossPlugin">
        <PluginResultMetaInfo columns=""/>
        <PluginParameter type="ArrayType">
            <Parameter type="" key="COMMAND" value="com.mainsteam.stm.plugin.jboss.JBossCollector.findServerInfo"/>
        </PluginParameter>
        <PluginDataHandlers>
            <PluginDataHandler classKey="RegularFilter">
                <Parameter type="" key="REGULAR" value="&lt;MemoryUtil&gt;([\s\S]*)&lt;/MemoryUtil&gt;"/>
            </PluginDataHandler>
            <PluginDataHandler classKey="FormatProcessor">
                <Parameter type="" key="" value="TO_HUNDRED"/>
            </PluginDataHandler>
        </PluginDataHandlers>
    </MetricPlugin>
    <MetricPlugin metricid="usedMemory" collectType="" pluginid="JBossPlugin">
        <PluginResultMetaInfo columns="findServerInfo"/>
        <PluginParameter type="ArrayType">
            <Parameter type="" key="COMMAND" value="com.mainsteam.stm.plugin.jboss.JBossCollector.findServerInfo"/>
        </PluginParameter>
        <PluginDataHandlers>
            <PluginDataHandler classKey="RegularFilter">
                <Parameter type="" key="REGULAR" value="&lt;usedMemory&gt;([\s\S]*)&lt;/usedMemory&gt;"/>
            </PluginDataHandler>
            <PluginDataHandler classKey="selectProcessor">
                <Parameter type="" key="SELECT" value="SELECT (findServerInfo/1024/1024) as usedMemory"/>
            </PluginDataHandler>
        </PluginDataHandlers>
    </MetricPlugin>
    <MetricPlugin metricid="FreeMemory" collectType="" pluginid="JBossPlugin">
        <PluginResultMetaInfo columns="findServerInfo"/>
        <PluginParameter type="ArrayType">
            <Parameter type="" key="COMMAND" value="com.mainsteam.stm.plugin.jboss.JBossCollector.findServerInfo"/>
        </PluginParameter>
        <PluginDataHandlers>
            <PluginDataHandler classKey="RegularFilter">
                <Parameter type="" key="REGULAR" value="&lt;FreeMemory&gt;([\s\S]*)&lt;/FreeMemory&gt;"/>
            </PluginDataHandler>
            <PluginDataHandler classKey="selectProcessor">
                <Parameter type="" key="SELECT" value="SELECT (findServerInfo/1024/1024) as FreeMemory"/>
            </PluginDataHandler>
        </PluginDataHandlers>
    </MetricPlugin>
    <MetricPlugin metricid="OperatingSystem" collectType="" pluginid="JBossPlugin">
        <PluginResultMetaInfo columns=""/>
        <PluginParameter type="ArrayType">
            <Parameter type="" key="COMMAND" value="com.mainsteam.stm.plugin.jboss.JBossCollector.findServerInfo"/>
        </PluginParameter>
        <PluginDataHandlers>
            <PluginDataHandler classKey="RegularFilter">
                <Parameter type="" key="REGULAR" value="&lt;OSName&gt;([\s\S]*)&lt;/OSName&gt;"/>
            </PluginDataHandler>
        </PluginDataHandlers>
    </MetricPlugin>
    <MetricPlugin metricid="hostName" collectType="" pluginid="JBossPlugin">
        <PluginResultMetaInfo columns=""/>
        <PluginParameter type="ArrayType">
            <Parameter type="" key="COMMAND" value="com.mainsteam.stm.plugin.jboss.JBossCollector.findServerInfo"/>
        </PluginParameter>
        <PluginDataHandlers>
            <PluginDataHandler classKey="RegularFilter">
                <Parameter type="" key="REGULAR" value="&lt;HostName&gt;([\s\S]*)&lt;/HostName&gt;"/>
            </PluginDataHandler>
        </PluginDataHandlers>
    </MetricPlugin>
    <MetricPlugin metricid="MaxMemory" collectType="" pluginid="JBossPlugin">
        <PluginResultMetaInfo columns="findServerInfo"/>
        <PluginParameter type="ArrayType">
            <Parameter type="" key="COMMAND" value="com.mainsteam.stm.plugin.jboss.JBossCollector.findServerInfo"/>
        </PluginParameter>
        <PluginDataHandlers>
            <PluginDataHandler classKey="RegularFilter">
                <Parameter type="" key="REGULAR" value="&lt;MaxMemory&gt;([\s\S]*)&lt;/MaxMemory&gt;"/>
            </PluginDataHandler>
            <PluginDataHandler classKey="selectProcessor">
                <Parameter type="" key="SELECT" value="SELECT (findServerInfo/1024/1024) as MaxMemory"/>
            </PluginDataHandler>
        </PluginDataHandlers>
    </MetricPlugin>
    <MetricPlugin metricid="TotalMemory" collectType="" pluginid="JBossPlugin">
        <PluginResultMetaInfo columns="findServerInfo"/>
        <PluginParameter type="ArrayType">
            <Parameter type="" key="COMMAND" value="com.mainsteam.stm.plugin.jboss.JBossCollector.findServerInfo"/>
        </PluginParameter>
        <PluginDataHandlers>
            <PluginDataHandler classKey="RegularFilter">
                <Parameter type="" key="REGULAR" value="&lt;TotalMemory&gt;([\s\S]*)&lt;/TotalMemory&gt;"/>
            </PluginDataHandler>
            <PluginDataHandler classKey="selectProcessor">
                <Parameter type="" key="SELECT" value="SELECT (findServerInfo/1024/1024) as TotalMemory"/>
            </PluginDataHandler>
        </PluginDataHandlers>
    </MetricPlugin>
    <MetricPlugin metricid="JavaVMName" collectType="" pluginid="JBossPlugin">
        <PluginResultMetaInfo columns=""/>
        <PluginParameter type="ArrayType">
            <Parameter type="" key="COMMAND" value="com.mainsteam.stm.plugin.jboss.JBossCollector.findServerInfo"/>
        </PluginParameter>
        <PluginDataHandlers>
            <PluginDataHandler classKey="RegularFilter">
                <Parameter type="" key="REGULAR" value="&lt;JavaVMName&gt;([\s\S]*)&lt;/JavaVMName&gt;"/>
            </PluginDataHandler>
        </PluginDataHandlers>
    </MetricPlugin>
    <MetricPlugin metricid="JavaVersion" collectType="" pluginid="JBossPlugin">
        <PluginResultMetaInfo columns=""/>
        <PluginParameter type="ArrayType">
            <Parameter type="" key="COMMAND" value="com.mainsteam.stm.plugin.jboss.JBossCollector.findServerInfo"/>
        </PluginParameter>
        <PluginDataHandlers>
            <PluginDataHandler classKey="RegularFilter">
                <Parameter type="" key="REGULAR" value="&lt;JavaVersion&gt;([\s\S]*)&lt;/JavaVersion&gt;"/>
            </PluginDataHandler>
        </PluginDataHandlers>
    </MetricPlugin>
    <MetricPlugin metricid="ActiveThreadCount" collectType="" pluginid="JBossPlugin">
        <PluginResultMetaInfo columns=""/>
        <PluginParameter type="ArrayType">
            <Parameter type="" key="COMMAND" value="com.mainsteam.stm.plugin.jboss.JBossCollector.findServerInfo"/>
        </PluginParameter>
        <PluginDataHandlers>
            <PluginDataHandler classKey="RegularFilter">
                <Parameter type="" key="REGULAR" value="&lt;ActiveThreadCount&gt;([\s\S]*)&lt;/ActiveThreadCount&gt;"/>
            </PluginDataHandler>
            <PluginDataHandler classKey="FormatProcessor">
                <Parameter value="INTEGER" type="" key=""/>
            </PluginDataHandler>
        </PluginDataHandlers>
    </MetricPlugin>
    <MetricPlugin metricid="ActiveThreadGCount" collectType="" pluginid="JBossPlugin">
        <PluginResultMetaInfo columns=""/>
        <PluginParameter type="ArrayType">
            <Parameter type="" key="COMMAND" value="com.mainsteam.stm.plugin.jboss.JBossCollector.findServerInfo"/>
        </PluginParameter>
        <PluginDataHandlers>
            <PluginDataHandler classKey="RegularFilter">
                <Parameter type="" key="REGULAR" value="&lt;ActiveThreadGroupCount&gt;([\s\S]*)&lt;/ActiveThreadGroupCount&gt;"/>
            </PluginDataHandler>
            <PluginDataHandler classKey="FormatProcessor">
                <Parameter value="INTEGER" type="" key=""/>
            </PluginDataHandler>
        </PluginDataHandlers>
    </MetricPlugin>
    <MetricPlugin metricid="SystemProperties" collectType="" pluginid="JBossPlugin">
        <PluginResultMetaInfo columns=""/>
        <PluginParameter type="ArrayType">
            <Parameter type="" key="COMMAND" value="com.mainsteam.stm.plugin.jboss.JBossCollector.findSystemProperties"/>
        </PluginParameter>
        <PluginDataHandlers>
            <PluginDataHandler classKey="RegularFilter">
                <Parameter type="" key="REGULAR" value="&lt;State&gt;([\s\S]*)&lt;/State&gt;"/>
            </PluginDataHandler>
        </PluginDataHandlers>
    </MetricPlugin>
    <MetricPlugin metricid="InUseConnections" collectType="" pluginid="JBossPlugin">
        <PluginResultMetaInfo columns=""/>
        <PluginParameter type="ArrayType">
            <Parameter type="" key="COMMAND" value="com.mainsteam.stm.plugin.jboss.JBossCollector.findInUseConnection"/>
        </PluginParameter>
        <PluginDataHandlers>
            <PluginDataHandler classKey="RegularFilter">
                <Parameter type="" key="REGULAR" value="&lt;InUseConnections&gt;([\s\S]*)&lt;/InUseConnections&gt;"/>
            </PluginDataHandler>
            <PluginDataHandler classKey="FormatProcessor">
                <Parameter value="INTEGER" type="" key=""/>
            </PluginDataHandler>
        </PluginDataHandlers>
    </MetricPlugin>
    <MetricPlugin metricid="serverVendor" collectType="" pluginid="JBossPlugin">
        <PluginResultMetaInfo columns=""/>
        <PluginParameter type="ArrayType">
            <Parameter type="" key="COMMAND" value="com.mainsteam.stm.plugin.jboss.JBossCollector.findServerProvider"/>
        </PluginParameter>
        <PluginDataHandlers>
            <PluginDataHandler classKey="RegularFilter">
                <Parameter type="" key="REGULAR" value="&lt;serverVendor&gt;([\s\S]*)&lt;/serverVendor&gt;"/>
            </PluginDataHandler>
        </PluginDataHandlers>
    </MetricPlugin>
    <MetricPlugin metricid="serverVersion" collectType="" pluginid="JBossPlugin">
        <PluginResultMetaInfo columns=""/>
        <PluginParameter type="ArrayType">
            <Parameter type="" key="COMMAND" value="com.mainsteam.stm.plugin.jboss.JBossCollector.findServerProvider"/>
        </PluginParameter>
        <PluginDataHandlers>
            <PluginDataHandler classKey="RegularFilter">
                <Parameter type="" key="REGULAR" value="&lt;serverVersion&gt;([\s\S]*)&lt;/serverVersion&gt;"/>
            </PluginDataHandler>
        </PluginDataHandlers>
    </MetricPlugin>
    <MetricPlugin metricid="parent" collectType="" pluginid="JBossPlugin">
        <PluginResultMetaInfo columns=""/>
        <PluginParameter type="ArrayType">
            <Parameter type="" key="COMMAND" value="com.mainsteam.stm.plugin.jboss.JBossCollector.findServerProvider"/>
        </PluginParameter>
        <PluginDataHandlers>
            <PluginDataHandler classKey="RegularFilter">
                <Parameter type="" key="REGULAR" value="&lt;parent&gt;([\s\S]*)&lt;/parent&gt;"/>
            </PluginDataHandler>
        </PluginDataHandlers>
    </MetricPlugin>
    <MetricPlugin metricid="objectName" collectType="" pluginid="JBossPlugin">
        <PluginResultMetaInfo columns=""/>
        <PluginParameter type="ArrayType">
            <Parameter type="" key="COMMAND" value="com.mainsteam.stm.plugin.jboss.JBossCollector.findServerProvider"/>
        </PluginParameter>
        <PluginDataHandlers>
            <PluginDataHandler classKey="RegularFilter">
                <Parameter type="" key="REGULAR" value="&lt;objectName&gt;([\s\S]*)&lt;/objectName&gt;"/>
            </PluginDataHandler>
        </PluginDataHandlers>
    </MetricPlugin>
    <MetricPlugin metricid="eventProvider" collectType="" pluginid="JBossPlugin">
        <PluginResultMetaInfo columns=""/>
        <PluginParameter type="ArrayType">
            <Parameter type="" key="COMMAND" value="com.mainsteam.stm.plugin.jboss.JBossCollector.findServerProvider"/>
        </PluginParameter>
        <PluginDataHandlers>
            <PluginDataHandler classKey="RegularFilter">
                <Parameter type="" key="REGULAR" value="&lt;eventProvider&gt;([\s\S]*)&lt;/eventProvider&gt;"/>
            </PluginDataHandler>
            <PluginDataHandler classKey="translateProcessor">
                <Parameter type="" key="" value="true,可用;false,不可用"/>
            </PluginDataHandler>
        </PluginDataHandlers>
    </MetricPlugin>
    <MetricPlugin metricid="stateManageable" collectType="" pluginid="JBossPlugin">
        <PluginResultMetaInfo columns=""/>
        <PluginParameter type="ArrayType">
            <Parameter type="" key="COMMAND" value="com.mainsteam.stm.plugin.jboss.JBossCollector.findServerProvider"/>
        </PluginParameter>
        <PluginDataHandlers>
            <PluginDataHandler classKey="RegularFilter">
                <Parameter type="" key="REGULAR" value="&lt;stateManageable&gt;([\s\S]*)&lt;/stateManageable&gt;"/>
            </PluginDataHandler>
            <PluginDataHandler classKey="translateProcessor">
                <Parameter type="" key="" value="true,可用;false,不可用"/>
            </PluginDataHandler>
        </PluginDataHandlers>
    </MetricPlugin>
    <MetricPlugin metricid="statisticsProvider" collectType="" pluginid="JBossPlugin">
        <PluginResultMetaInfo columns=""/>
        <PluginParameter type="ArrayType">
            <Parameter type="" key="COMMAND" value="com.mainsteam.stm.plugin.jboss.JBossCollector.findServerProvider"/>
        </PluginParameter>
        <PluginDataHandlers>
            <PluginDataHandler classKey="RegularFilter">
                <Parameter type="" key="REGULAR" value="&lt;statisticsProvider&gt;([\s\S]*)&lt;/statisticsProvider&gt;"/>
            </PluginDataHandler>
            <PluginDataHandler classKey="translateProcessor">
                <Parameter type="" key="" value="true,是;false,否"/>
            </PluginDataHandler>
        </PluginDataHandlers>
    </MetricPlugin>
    <MetricPlugin metricid="JVMStartDate" collectType="" pluginid="JBossPlugin">
        <PluginResultMetaInfo columns=""/>
        <PluginParameter type="ArrayType">
            <Parameter type="" key="COMMAND" value="com.mainsteam.stm.plugin.jboss.JBossCollector.findJVM"/>
        </PluginParameter>
        <PluginDataHandlers>
            <PluginDataHandler classKey="RegularFilter">
                <Parameter type="" key="REGULAR" value="&lt;StartDate&gt;([\s\S]*)&lt;/StartDate&gt;"/>
            </PluginDataHandler>
        </PluginDataHandlers>
    </MetricPlugin>
    <MetricPlugin metricid="LastSampleTime" collectType="" pluginid="JBossPlugin">
        <PluginResultMetaInfo columns=""/>
        <PluginParameter type="ArrayType">
            <Parameter type="" key="COMMAND" value="com.mainsteam.stm.plugin.jboss.JBossCollector.findJVM"/>
        </PluginParameter>
        <PluginDataHandlers>
            <PluginDataHandler classKey="RegularFilter">
                <Parameter type="" key="REGULAR" value="&lt;LastSampleTime&gt;([\s\S]*)&lt;/LastSampleTime&gt;"/>
            </PluginDataHandler>
        </PluginDataHandlers>
    </MetricPlugin>
    <MetricPlugin metricid="MaxHeap" collectType="" pluginid="JBossPlugin">
        <PluginResultMetaInfo columns="findJVM"/>
        <PluginParameter type="ArrayType">
            <Parameter type="" key="COMMAND" value="com.mainsteam.stm.plugin.jboss.JBossCollector.findJVM"/>
        </PluginParameter>
        <PluginDataHandlers>
            <PluginDataHandler classKey="RegularFilter">
                <Parameter type="" key="REGULAR" value="&lt;MaxHeap&gt;([\s\S]*)&lt;/MaxHeap&gt;"/>
            </PluginDataHandler>
            <PluginDataHandler classKey="selectProcessor">
                <Parameter type="" key="SELECT" value="SELECT (findJVM/1024/1024) as MaxHeap"/>
            </PluginDataHandler>
        </PluginDataHandlers>
    </MetricPlugin>
    <MetricPlugin metricid="MiniumHeap" collectType="" pluginid="JBossPlugin">
        <PluginResultMetaInfo columns="findJVM"/>
        <PluginParameter type="ArrayType">
            <Parameter type="" key="COMMAND" value="com.mainsteam.stm.plugin.jboss.JBossCollector.findJVM"/>
        </PluginParameter>
        <PluginDataHandlers>
            <PluginDataHandler classKey="RegularFilter">
                <Parameter type="" key="REGULAR" value="&lt;MiniumHeap&gt;([\s\S]*)&lt;/MiniumHeap&gt;"/>
            </PluginDataHandler>
            <PluginDataHandler classKey="selectProcessor">
                <Parameter type="" key="SELECT" value="SELECT (findJVM/1024/1024) as MiniumHeap"/>
            </PluginDataHandler>
        </PluginDataHandlers>
    </MetricPlugin>
    <MetricPlugin metricid="ServerName" collectType="" pluginid="JBossPlugin">
        <PluginResultMetaInfo columns=""/>
        <PluginParameter type="ArrayType">
            <Parameter type="" key="COMMAND" value="com.mainsteam.stm.plugin.jboss.JBossCollector.findServerConfig"/>
        </PluginParameter>
        <PluginDataHandlers>
            <PluginDataHandler classKey="RegularFilter">
                <Parameter type="" key="REGULAR" value="&lt;ServerName&gt;([\s\S]*)&lt;/ServerName&gt;"/>
            </PluginDataHandler>
        </PluginDataHandlers>
    </MetricPlugin>
    <MetricPlugin metricid="HomeDir" collectType="" pluginid="JBossPlugin">
        <PluginResultMetaInfo columns=""/>
        <PluginParameter type="ArrayType">
            <Parameter type="" key="COMMAND" value="com.mainsteam.stm.plugin.jboss.JBossCollector.findServerConfig"/>
        </PluginParameter>
        <PluginDataHandlers>
            <PluginDataHandler classKey="RegularFilter">
                <Parameter type="" key="REGULAR" value="&lt;HomeDir&gt;([\s\S]*)&lt;/HomeDir&gt;"/>
            </PluginDataHandler>
        </PluginDataHandlers>
    </MetricPlugin>
    <MetricPlugin metricid="maxThreads" collectType="" pluginid="JBossPlugin">
        <PluginResultMetaInfo columns=""/>
        <PluginParameter type="ArrayType">
            <Parameter type="" key="COMMAND" value="com.mainsteam.stm.plugin.jboss.JBossCollector.findThread"/>
        </PluginParameter>
        <PluginDataHandlers>
            <PluginDataHandler classKey="RegularFilter">
                <Parameter type="" key="REGULAR" value="&lt;maxThreads&gt;([\s\S]*)&lt;/maxThreads&gt;"/>
            </PluginDataHandler>
            <PluginDataHandler classKey="FormatProcessor">
                <Parameter value="INTEGER" type="" key=""/>
            </PluginDataHandler>
        </PluginDataHandlers>
    </MetricPlugin>
    <MetricPlugin metricid="currentThreadsBusy" collectType="" pluginid="JBossPlugin">
        <PluginResultMetaInfo columns=""/>
        <PluginParameter type="ArrayType">
            <Parameter type="" key="COMMAND" value="com.mainsteam.stm.plugin.jboss.JBossCollector.findThread"/>
        </PluginParameter>
        <PluginDataHandlers>
            <PluginDataHandler classKey="RegularFilter">
                <Parameter type="" key="REGULAR" value="&lt;currentThreadsBusy&gt;([\s\S]*)&lt;/currentThreadsBusy&gt;"/>
            </PluginDataHandler>
            <PluginDataHandler classKey="FormatProcessor">
                <Parameter value="INTEGER" type="" key=""/>
            </PluginDataHandler>
        </PluginDataHandlers>
    </MetricPlugin>
    <MetricPlugin metricid="currentThreadCount" collectType="" pluginid="JBossPlugin">
        <PluginResultMetaInfo columns=""/>
        <PluginParameter type="ArrayType">
            <Parameter type="" key="COMMAND" value="com.mainsteam.stm.plugin.jboss.JBossCollector.findThread"/>
        </PluginParameter>
        <PluginDataHandlers>
            <PluginDataHandler classKey="RegularFilter">
                <Parameter type="" key="REGULAR" value="&lt;currentThreadCount&gt;([\s\S]*)&lt;/currentThreadCount&gt;"/>
            </PluginDataHandler>
            <PluginDataHandler classKey="FormatProcessor">
                <Parameter value="INTEGER" type="" key=""/>
            </PluginDataHandler>
        </PluginDataHandlers>
    </MetricPlugin>
    <MetricPlugin metricid="servicePort" collectType="" pluginid="JBossPlugin">
        <PluginResultMetaInfo columns=""/>
        <PluginParameter type="ArrayType">
            <Parameter type="" key="COMMAND" value="com.mainsteam.stm.plugin.jboss.JBossCollector.findConnector"/>
        </PluginParameter>
        <PluginDataHandlers>
            <PluginDataHandler classKey="RegularFilter">
                <Parameter type="" key="REGULAR" value="&lt;port&gt;([\s\S]*)&lt;/port&gt;"/>
            </PluginDataHandler>
        </PluginDataHandlers>
    </MetricPlugin>
    <MetricPlugin metricid="protocol" collectType="" pluginid="JBossPlugin">
        <PluginResultMetaInfo columns=""/>
        <PluginParameter type="ArrayType">
            <Parameter type="" key="COMMAND" value="com.mainsteam.stm.plugin.jboss.JBossCollector.findConnector"/>
        </PluginParameter>
        <PluginDataHandlers>
            <PluginDataHandler classKey="RegularFilter">
                <Parameter type="" key="REGULAR" value="&lt;protocol&gt;([\s\S]*)&lt;/protocol&gt;"/>
            </PluginDataHandler>
        </PluginDataHandlers>
    </MetricPlugin>
    <MetricPlugin metricid="URIEncoding" collectType="" pluginid="JBossPlugin">
        <PluginResultMetaInfo columns=""/>
        <PluginParameter type="ArrayType">
            <Parameter type="" key="COMMAND" value="com.mainsteam.stm.plugin.jboss.JBossCollector.findConnector"/>
        </PluginParameter>
        <PluginDataHandlers>
            <PluginDataHandler classKey="RegularFilter">
                <Parameter type="" key="REGULAR" value="&lt;URIEncoding&gt;([\s\S]*)&lt;/URIEncoding&gt;"/>
            </PluginDataHandler>
        </PluginDataHandlers>
    </MetricPlugin>
    <MetricPlugin metricid="strategy" collectType="" pluginid="JBossPlugin">
        <PluginResultMetaInfo columns=""/>
        <PluginParameter type="ArrayType">
            <Parameter type="" key="COMMAND" value="com.mainsteam.stm.plugin.jboss.JBossCollector.findConnector"/>
        </PluginParameter>
        <PluginDataHandlers>
            <PluginDataHandler classKey="RegularFilter">
                <Parameter type="" key="REGULAR" value="&lt;strategy&gt;([\s\S]*)&lt;/strategy&gt;"/>
            </PluginDataHandler>
        </PluginDataHandlers>
    </MetricPlugin>
    <MetricPlugin metricid="maxHttpHeaderSize" collectType="" pluginid="JBossPlugin">
        <PluginResultMetaInfo columns="findConnector"/>
        <PluginParameter type="ArrayType">
            <Parameter type="" key="COMMAND" value="com.mainsteam.stm.plugin.jboss.JBossCollector.findConnector"/>
        </PluginParameter>
        <PluginDataHandlers>
            <PluginDataHandler classKey="RegularFilter">
                <Parameter type="" key="REGULAR" value="&lt;maxHttpHeaderSize&gt;([\s\S]*)&lt;/maxHttpHeaderSize&gt;"/>
            </PluginDataHandler>
            <PluginDataHandler classKey="selectProcessor">
                <Parameter type="" key="SELECT" value="SELECT (findConnector/1024) as maxHttpHeaderSize"/>
            </PluginDataHandler>
        </PluginDataHandlers>
    </MetricPlugin>
    <MetricPlugin metricid="redirectPort" collectType="" pluginid="JBossPlugin">
        <PluginResultMetaInfo columns=""/>
        <PluginParameter type="ArrayType">
            <Parameter type="" key="COMMAND" value="com.mainsteam.stm.plugin.jboss.JBossCollector.findConnector"/>
        </PluginParameter>
        <PluginDataHandlers>
            <PluginDataHandler classKey="RegularFilter">
                <Parameter type="" key="REGULAR" value="&lt;redirectPort&gt;([\s\S]*)&lt;/redirectPort&gt;"/>
            </PluginDataHandler>
        </PluginDataHandlers>
    </MetricPlugin>
    <MetricPlugin metricid="acceptCount" collectType="" pluginid="JBossPlugin">
        <PluginResultMetaInfo columns=""/>
        <PluginParameter type="ArrayType">
            <Parameter type="" key="COMMAND" value="com.mainsteam.stm.plugin.jboss.JBossCollector.findConnector"/>
        </PluginParameter>
        <PluginDataHandlers>
            <PluginDataHandler classKey="RegularFilter">
                <Parameter type="" key="REGULAR" value="&lt;acceptCount&gt;([\s\S]*)&lt;/acceptCount&gt;"/>
            </PluginDataHandler>
            <PluginDataHandler classKey="FormatProcessor">
                <Parameter value="INTEGER" type="" key=""/>
            </PluginDataHandler>
        </PluginDataHandlers>
    </MetricPlugin>
    <MetricPlugin metricid="connectionTimeout" collectType="" pluginid="JBossPlugin">
        <PluginResultMetaInfo columns="findConnector"/>
        <PluginParameter type="ArrayType">
            <Parameter type="" key="COMMAND" value="com.mainsteam.stm.plugin.jboss.JBossCollector.findConnector"/>
        </PluginParameter>
        <PluginDataHandlers>
            <PluginDataHandler classKey="RegularFilter">
                <Parameter type="" key="REGULAR" value="&lt;connectionTimeout&gt;([\s\S]*)&lt;/connectionTimeout&gt;"/>
            </PluginDataHandler>
            <PluginDataHandler classKey="selectProcessor">
                <Parameter type="" key="SELECT" value="SELECT (findConnector/1000) as connectionTimeout"/>
            </PluginDataHandler>
        </PluginDataHandlers>
    </MetricPlugin>
    <MetricPlugin metricid="keepAliveTimeout" collectType="" pluginid="JBossPlugin">
        <PluginResultMetaInfo columns=""/>
        <PluginParameter type="ArrayType">
            <Parameter type="" key="COMMAND" value="com.mainsteam.stm.plugin.jboss.JBossCollector.findConnector"/>
        </PluginParameter>
        <PluginDataHandlers>
            <PluginDataHandler classKey="RegularFilter">
                <Parameter type="" key="REGULAR" value="&lt;keepAliveTimeout&gt;([\s\S]*)&lt;/keepAliveTimeout&gt;"/>
            </PluginDataHandler>
        </PluginDataHandlers>
    </MetricPlugin>
    <MetricPlugin metricid="minSpareThreads" collectType="" pluginid="JBossPlugin">
        <PluginResultMetaInfo columns=""/>
        <PluginParameter type="ArrayType">
            <Parameter type="" key="COMMAND" value="com.mainsteam.stm.plugin.jboss.JBossCollector.findConnector"/>
        </PluginParameter>
        <PluginDataHandlers>
            <PluginDataHandler classKey="RegularFilter">
                <Parameter type="" key="REGULAR" value="&lt;minSpareThreads&gt;([\s\S]*)&lt;/minSpareThreads&gt;"/>
            </PluginDataHandler>
            <PluginDataHandler classKey="FormatProcessor">
                <Parameter value="INTEGER" type="" key=""/>
            </PluginDataHandler>
        </PluginDataHandlers>
    </MetricPlugin>
    <MetricPlugin metricid="maxSpareThreads" collectType="" pluginid="JBossPlugin">
        <PluginResultMetaInfo columns=""/>
        <PluginParameter type="ArrayType">
            <Parameter type="" key="COMMAND" value="com.mainsteam.stm.plugin.jboss.JBossCollector.findConnector"/>
        </PluginParameter>
        <PluginDataHandlers>
            <PluginDataHandler classKey="RegularFilter">
                <Parameter type="" key="REGULAR" value="&lt;maxSpareThreads&gt;([\s\S]*)&lt;/maxSpareThreads&gt;"/>
            </PluginDataHandler>
            <PluginDataHandler classKey="FormatProcessor">
                <Parameter value="INTEGER" type="" key=""/>
            </PluginDataHandler>
        </PluginDataHandlers>
    </MetricPlugin>
    <MetricPlugin metricid="maxPostSize" collectType="" pluginid="JBossPlugin">
        <PluginResultMetaInfo columns=""/>
        <PluginParameter type="ArrayType">
            <Parameter type="" key="COMMAND" value="com.mainsteam.stm.plugin.jboss.JBossCollector.findConnector"/>
        </PluginParameter>
        <PluginDataHandlers>
            <PluginDataHandler classKey="RegularFilter">
                <Parameter type="" key="REGULAR" value="&lt;maxPostSize&gt;([\s\S]*)&lt;/maxPostSize&gt;"/>
            </PluginDataHandler>
        </PluginDataHandlers>
    </MetricPlugin>
    <MetricPlugin metricid="maxKeepAlivRequest" collectType="" pluginid="JBossPlugin">
        <PluginResultMetaInfo columns=""/>
        <PluginParameter type="ArrayType">
            <Parameter type="" key="COMMAND" value="com.mainsteam.stm.plugin.jboss.JBossCollector.findConnector"/>
        </PluginParameter>
        <PluginDataHandlers>
            <PluginDataHandler classKey="RegularFilter">
                <Parameter type="" key="REGULAR" value="&lt;maxKeepAliveRequests&gt;([\s\S]*)&lt;/maxKeepAliveRequests&gt;"/>
            </PluginDataHandler>
            <PluginDataHandler classKey="FormatProcessor">
                <Parameter value="INTEGER" type="" key=""/>
            </PluginDataHandler>
        </PluginDataHandlers>
    </MetricPlugin>
    <MetricPlugin metricid="InUseConnCount" collectType="" pluginid="JBossPlugin">
        <PluginResultMetaInfo columns=""/>
        <PluginParameter type="ArrayType">
            <Parameter type="" key="COMMAND" value="com.mainsteam.stm.plugin.jboss.JBossCollector.findJMS"/>
        </PluginParameter>
        <PluginDataHandlers>
            <PluginDataHandler classKey="RegularFilter">
                <Parameter type="" key="REGULAR" value="&lt;InUseConnectionCount&gt;([\s\S]*)&lt;/InUseConnectionCount&gt;"/>
            </PluginDataHandler>
            <PluginDataHandler classKey="FormatProcessor">
                <Parameter value="INTEGER" type="" key=""/>
            </PluginDataHandler>
        </PluginDataHandlers>
    </MetricPlugin>
    <MetricPlugin metricid="ConnCreatedCount" collectType="" pluginid="JBossPlugin">
        <PluginResultMetaInfo columns=""/>
        <PluginParameter type="ArrayType">
            <Parameter type="" key="COMMAND" value="com.mainsteam.stm.plugin.jboss.JBossCollector.findJMS"/>
        </PluginParameter>
        <PluginDataHandlers>
            <PluginDataHandler classKey="RegularFilter">
                <Parameter type="" key="REGULAR" value="&lt;ConnectionCreatedCount&gt;([\s\S]*)&lt;/ConnectionCreatedCount&gt;"/>
            </PluginDataHandler>
            <PluginDataHandler classKey="FormatProcessor">
                <Parameter value="INTEGER" type="" key=""/>
            </PluginDataHandler>
        </PluginDataHandlers>
    </MetricPlugin>
    <MetricPlugin metricid="MaxConnInUseCount" collectType="" pluginid="JBossPlugin">
        <PluginResultMetaInfo columns=""/>
        <PluginParameter type="ArrayType">
            <Parameter type="" key="COMMAND" value="com.mainsteam.stm.plugin.jboss.JBossCollector.findJMS"/>
        </PluginParameter>
        <PluginDataHandlers>
            <PluginDataHandler classKey="RegularFilter">
                <Parameter type="" key="REGULAR" value="&lt;MaxConnectionsInUseCount&gt;([\s\S]*)&lt;/MaxConnectionsInUseCount&gt;"/>
            </PluginDataHandler>
            <PluginDataHandler classKey="FormatProcessor">
                <Parameter value="INTEGER" type="" key=""/>
            </PluginDataHandler>
        </PluginDataHandlers>
    </MetricPlugin>
    <MetricPlugin metricid="AvailConnCount" collectType="" pluginid="JBossPlugin">
        <PluginResultMetaInfo columns=""/>
        <PluginParameter type="ArrayType">
            <Parameter type="" key="COMMAND" value="com.mainsteam.stm.plugin.jboss.JBossCollector.findJMS"/>
        </PluginParameter>
        <PluginDataHandlers>
            <PluginDataHandler classKey="RegularFilter">
                <Parameter type="" key="REGULAR" value="&lt;AvailableConnectionCount&gt;([\s\S]*)&lt;/AvailableConnectionCount&gt;"/>
            </PluginDataHandler>
            <PluginDataHandler classKey="FormatProcessor">
                <Parameter value="INTEGER" type="" key=""/>
            </PluginDataHandler>
        </PluginDataHandlers>
    </MetricPlugin>
    <MetricPlugin metricid="JDBCId" collectType="" pluginid="JBossPlugin">
        <PluginResultMetaInfo columns="JDBCId"/>
        <PluginParameter type="ArrayType">
            <Parameter type="" key="COMMAND" value="com.mainsteam.stm.plugin.jboss.JBossCollector.findJDBC"/>
        </PluginParameter>
        <PluginDataHandlers>
            <PluginDataHandler classKey="RegularFilter">
                <Parameter type="" key="REGULAR" value="(\S+)\t\w+\t\d+\t\w+\t\d+\t\d+\t.*"/>
            </PluginDataHandler>
        </PluginDataHandlers>
        <PluginDataConverter classKey="subInstConverter">
            <Parameter type="" key="IndexColumnTitle" value="JDBCId"/>
            <Parameter type="" key="ValueColumnTitle" value="JDBCId"/>
        </PluginDataConverter>
    </MetricPlugin>
    <MetricPlugin metricid="JDBCAvail" collectType="" pluginid="JBossPlugin">
        <PluginResultMetaInfo columns="JDBCId,findJDBC"/>
        <PluginParameter type="ArrayType">
            <Parameter type="" key="COMMAND" value="com.mainsteam.stm.plugin.jboss.JBossCollector.findJDBC"/>
        </PluginParameter>
        <PluginDataHandlers>
            <PluginDataHandler classKey="RegularFilter">
                <Parameter type="" key="REGULAR" value="(\S+)\t(\w+)\t\d+\t\w+\t\d+\t\d+\t.*"/>
            </PluginDataHandler>
        </PluginDataHandlers>
        <PluginDataConverter classKey="subInstConverter">
            <Parameter type="" key="IndexColumnTitle" value="JDBCId"/>
            <Parameter type="" key="ValueColumnTitle" value="findJDBC"/>
            <Parameter type="ResourceProperty" key="InstPropertyKey" value="JDBCId"/>
        </PluginDataConverter>
    </MetricPlugin>
    <MetricPlugin metricid="JDBCActiveConn" collectType="" pluginid="JBossPlugin">
        <PluginResultMetaInfo columns="JDBCId,findJDBC"/>
        <PluginParameter type="ArrayType">
            <Parameter type="" key="COMMAND" value="com.mainsteam.stm.plugin.jboss.JBossCollector.findJDBC"/>
        </PluginParameter>
        <PluginDataHandlers>
            <PluginDataHandler classKey="RegularFilter">
                <Parameter type="" key="REGULAR" value="(\S+)\t\w+\t(\d+)\t\w+\t\d+\t\d+\t.*"/>
            </PluginDataHandler>
            <PluginDataHandler classKey="FormatProcessor">
                <Parameter value="INTEGER" type="" key="findJDBC"/>
            </PluginDataHandler>
        </PluginDataHandlers>
        <PluginDataConverter classKey="subInstConverter">
            <Parameter type="" key="IndexColumnTitle" value="JDBCId"/>
            <Parameter type="" key="ValueColumnTitle" value="findJDBC"/>
            <Parameter type="ResourceProperty" key="InstPropertyKey" value="JDBCId"/>
        </PluginDataConverter>
    </MetricPlugin>
    <MetricPlugin metricid="JDBCThreadName" collectType="" pluginid="JBossPlugin">
        <PluginResultMetaInfo columns="JDBCId,findJDBC"/>
        <PluginParameter type="ArrayType">
            <Parameter type="" key="COMMAND" value="com.mainsteam.stm.plugin.jboss.JBossCollector.findJDBC"/>
        </PluginParameter>
        <PluginDataHandlers>
            <PluginDataHandler classKey="RegularFilter">
                <Parameter type="" key="REGULAR" value="(\S+)\t\w+\t\d+\t(\w+)\t\d+\t\d+\t.*"/>
            </PluginDataHandler>
        </PluginDataHandlers>
        <PluginDataConverter classKey="subInstConverter">
            <Parameter type="" key="IndexColumnTitle" value="JDBCId"/>
            <Parameter type="" key="ValueColumnTitle" value="findJDBC"/>
            <Parameter type="ResourceProperty" key="InstPropertyKey" value="JDBCId"/>
        </PluginDataConverter>
    </MetricPlugin>
    <MetricPlugin metricid="JDBCMaxConn" collectType="" pluginid="JBossPlugin">
        <PluginResultMetaInfo columns="JDBCId,findJDBC"/>
        <PluginParameter type="ArrayType">
            <Parameter type="" key="COMMAND" value="com.mainsteam.stm.plugin.jboss.JBossCollector.findJDBC"/>
        </PluginParameter>
        <PluginDataHandlers>
            <PluginDataHandler classKey="RegularFilter">
                <Parameter type="" key="REGULAR" value="(\S+)\t\w+\t\d+\t\w+\t(\d+)\t\d+\t.*"/>
            </PluginDataHandler>
            <PluginDataHandler classKey="FormatProcessor">
                <Parameter value="INTEGER" type="" key="findJDBC"/>
            </PluginDataHandler>
        </PluginDataHandlers>
        <PluginDataConverter classKey="subInstConverter">
            <Parameter type="" key="IndexColumnTitle" value="JDBCId"/>
            <Parameter type="" key="ValueColumnTitle" value="findJDBC"/>
            <Parameter type="ResourceProperty" key="InstPropertyKey" value="JDBCId"/>
        </PluginDataConverter>
    </MetricPlugin>
    <MetricPlugin metricid="JDBCMinConn" collectType="" pluginid="JBossPlugin">
        <PluginResultMetaInfo columns="JDBCId,findJDBC"/>
        <PluginParameter type="ArrayType">
            <Parameter type="" key="COMMAND" value="com.mainsteam.stm.plugin.jboss.JBossCollector.findJDBC"/>
        </PluginParameter>
        <PluginDataHandlers>
            <PluginDataHandler classKey="RegularFilter">
                <Parameter type="" key="REGULAR" value="(\S+)\t\w+\t\d+\t\w+\t\d+\t(\d+)\t.*"/>
            </PluginDataHandler>
            <PluginDataHandler classKey="FormatProcessor">
                <Parameter value="INTEGER" type="" key="findJDBC"/>
            </PluginDataHandler>
        </PluginDataHandlers>
        <PluginDataConverter classKey="subInstConverter">
            <Parameter type="" key="IndexColumnTitle" value="JDBCId"/>
            <Parameter type="" key="ValueColumnTitle" value="findJDBC"/>
            <Parameter type="ResourceProperty" key="InstPropertyKey" value="JDBCId"/>
        </PluginDataConverter>
    </MetricPlugin>
    <MetricPlugin metricid="AppId" collectType="" pluginid="JBossPlugin">
        <PluginResultMetaInfo columns="AppId"/>
        <PluginParameter type="ArrayType">
            <Parameter type="" key="COMMAND" value="com.mainsteam.stm.plugin.jboss.JBossCollector.findWebApp"/>
        </PluginParameter>
        <PluginDataHandlers>
            <PluginDataHandler classKey="RegularFilter">
                <Parameter type="" key="REGULAR" value="(\S+)\t.*\t.*\t.*\t\d+\t\d+\t\d+"/>
            </PluginDataHandler>
        </PluginDataHandlers>
        <PluginDataConverter classKey="subInstConverter">
            <Parameter type="" key="IndexColumnTitle" value="AppId"/>
            <Parameter type="" key="ValueColumnTitle" value="AppId"/>
        </PluginDataConverter>
    </MetricPlugin>
    <MetricPlugin metricid="Appstate" collectType="" pluginid="JBossPlugin">
        <PluginResultMetaInfo columns="AppId,findWebApp"/>
        <PluginParameter type="ArrayType">
            <Parameter type="" key="COMMAND" value="com.mainsteam.stm.plugin.jboss.JBossCollector.findWebApp"/>
        </PluginParameter>
        <PluginDataHandlers>
            <PluginDataHandler classKey="RegularFilter">
                <Parameter type="" key="REGULAR" value="(\S+)\t(.*)\t.*\t.*\t\d+\t\d+\t\d+"/>
            </PluginDataHandler>
        </PluginDataHandlers>
        <PluginDataConverter classKey="subInstConverter">
            <Parameter type="" key="IndexColumnTitle" value="AppId"/>
            <Parameter type="" key="ValueColumnTitle" value="findWebApp"/>
            <Parameter type="ResourceProperty" key="InstPropertyKey" value="AppId"/>
        </PluginDataConverter>
    </MetricPlugin>
    <MetricPlugin metricid="Appname" collectType="" pluginid="JBossPlugin">
        <PluginResultMetaInfo columns="AppId,findWebApp"/>
        <PluginParameter type="ArrayType">
            <Parameter type="" key="COMMAND" value="com.mainsteam.stm.plugin.jboss.JBossCollector.findWebApp"/>
        </PluginParameter>
        <PluginDataHandlers>
            <PluginDataHandler classKey="RegularFilter">
                <Parameter type="" key="REGULAR" value="(\S+)\t.*\t(.*)\t.*\t\d+\t\d+\t\d+"/>
            </PluginDataHandler>
        </PluginDataHandlers>
        <PluginDataConverter classKey="subInstConverter">
            <Parameter type="" key="IndexColumnTitle" value="AppId"/>
            <Parameter type="" key="ValueColumnTitle" value="findWebApp"/>
            <Parameter type="ResourceProperty" key="InstPropertyKey" value="AppId"/>
        </PluginDataConverter>
    </MetricPlugin>
    <MetricPlugin metricid="Appcontext" collectType="" pluginid="JBossPlugin">
        <PluginResultMetaInfo columns="AppId,findWebApp"/>
        <PluginParameter type="ArrayType">
            <Parameter type="" key="COMMAND" value="com.mainsteam.stm.plugin.jboss.JBossCollector.findWebApp"/>
        </PluginParameter>
        <PluginDataHandlers>
            <PluginDataHandler classKey="RegularFilter">
                <Parameter type="" key="REGULAR" value="(\S+)\t.*\t.*\t(.*)\t\d+\t\d+\t\d+"/>
            </PluginDataHandler>
        </PluginDataHandlers>
        <PluginDataConverter classKey="subInstConverter">
            <Parameter type="" key="IndexColumnTitle" value="AppId"/>
            <Parameter type="" key="ValueColumnTitle" value="findWebApp"/>
            <Parameter type="ResourceProperty" key="InstPropertyKey" value="AppId"/>
        </PluginDataConverter>
    </MetricPlugin>
    <MetricPlugin metricid="AppsessionCount" collectType="" pluginid="JBossPlugin">
        <PluginResultMetaInfo columns="AppId,findWebApp"/>
        <PluginParameter type="ArrayType">
            <Parameter type="" key="COMMAND" value="com.mainsteam.stm.plugin.jboss.JBossCollector.findWebApp"/>
        </PluginParameter>
        <PluginDataHandlers>
            <PluginDataHandler classKey="RegularFilter">
                <Parameter type="" key="REGULAR" value="(\S+)\t.*\t.*\t.*\t(\d+)\t\d+\t\d+"/>
            </PluginDataHandler>
            <PluginDataHandler classKey="FormatProcessor">
                <Parameter value="INTEGER" type="" key="findWebApp"/>
            </PluginDataHandler>
        </PluginDataHandlers>
        <PluginDataConverter classKey="subInstConverter">
            <Parameter type="" key="IndexColumnTitle" value="AppId"/>
            <Parameter type="" key="ValueColumnTitle" value="findWebApp"/>
            <Parameter type="ResourceProperty" key="InstPropertyKey" value="AppId"/>
        </PluginDataConverter>
    </MetricPlugin>
    <MetricPlugin metricid="appactivesession" collectType="" pluginid="JBossPlugin">
        <PluginResultMetaInfo columns="AppId,findWebApp"/>
        <PluginParameter type="ArrayType">
            <Parameter type="" key="COMMAND" value="com.mainsteam.stm.plugin.jboss.JBossCollector.findWebApp"/>
        </PluginParameter>
        <PluginDataHandlers>
            <PluginDataHandler classKey="RegularFilter">
                <Parameter type="" key="REGULAR" value="(\S+)\t.*\t.*\t.*\t\d+\t(\d+)\t\d+"/>
            </PluginDataHandler>
            <PluginDataHandler classKey="FormatProcessor">
                <Parameter value="INTEGER" type="" key="findWebApp"/>
            </PluginDataHandler>
        </PluginDataHandlers>
        <PluginDataConverter classKey="subInstConverter">
            <Parameter type="" key="IndexColumnTitle" value="AppId"/>
            <Parameter type="" key="ValueColumnTitle" value="findWebApp"/>
            <Parameter type="ResourceProperty" key="InstPropertyKey" value="AppId"/>
        </PluginDataConverter>
    </MetricPlugin>
    <MetricPlugin metricid="appmaxsession" collectType="" pluginid="JBossPlugin">
        <PluginResultMetaInfo columns="AppId,findWebApp"/>
        <PluginParameter type="ArrayType">
            <Parameter type="" key="COMMAND" value="com.mainsteam.stm.plugin.jboss.JBossCollector.findWebApp"/>
        </PluginParameter>
        <PluginDataHandlers>
            <PluginDataHandler classKey="RegularFilter">
                <Parameter type="" key="REGULAR" value="(\S+)\t.*\t.*\t.*\t\d+\t\d+\t(\d+)"/>
            </PluginDataHandler>
            <PluginDataHandler classKey="FormatProcessor">
                <Parameter value="INTEGER" type="" key="findWebApp"/>
            </PluginDataHandler>
        </PluginDataHandlers>
        <PluginDataConverter classKey="subInstConverter">
            <Parameter type="" key="IndexColumnTitle" value="AppId"/>
            <Parameter type="" key="ValueColumnTitle" value="findWebApp"/>
            <Parameter type="ResourceProperty" key="InstPropertyKey" value="AppId"/>
        </PluginDataConverter>
    </MetricPlugin>
    <MetricPlugin metricid="appCpuRate" collectType="WMI" pluginid="WmiPlugin">
        <PluginResultMetaInfo columns="cpuWmiCmd,cpuCore"/>
        <PluginParameter type="ArrayType">
            <Parameter type="" key="COMMAND" value="root\cimv2::select PercentProcessorTime from Win32_PerfFormattedData_PerfProc_Thread where Name like '%java%'"/>
            <Parameter type="" key="COMMAND" value="root\cimv2::select name from Win32_PerfFormattedData_PerfOS_Processor where name !='_Total'"/>
        </PluginParameter>
        <PluginDataHandlers>
            <PluginDataHandler classKey="selectProcessor">
                <Parameter type="" key="SELECT" value="SELECT (sum(cpuWmiCmd))/count(cpuCore) as appCpuRate"/>
            </PluginDataHandler>
            <PluginDataHandler classKey="FormatProcessor">
                <Parameter type="" key="" value="TO_HUNDRED"/>
            </PluginDataHandler>
        </PluginDataHandlers>
    </MetricPlugin>
    <MetricPlugin metricid="appCpuRate" collectType="SSH" pluginid="SshPlugin">
        <PluginResultMetaInfo columns="appCpuRate"/>
        <PluginParameter type="ArrayType">
            <Parameter type="DiscoveryInfo" key="InstanceName" value="InstallPath"/>
            <Parameter type="" key="Linux" value="LANG=en_US.utf8;top -bS -d 1 -n 1 | egrep ${InstanceName} | awk 'BEGIN{cpuUsage=0;}{if(cpuUsage&amp;lt;$9){cpuUsage=$9;}if(cpuUsage&gt;100){cpuUsage=99.8;}}END{printf(&amp;quot;%0.2f&amp;quot;,cpuUsage);}'"/>
            <Parameter type="" key="FreeBSD" value="setenv LANG en_US.UTF-8;ps -aux | egrep ${InstanceName} | egrep -v egrep | awk '{print $3}'"/>
            <Parameter type="" key="UnixWare" value="LANG=en_US.UTF-8;ps -eo 'pcpu comm args' | egrep ${InstanceName} | egrep -v egrep | awk '{print $1}'"/>
            <Parameter type="" key="SunOS" value="ps -eo 'pcpu comm args' | egrep ${InstanceName} | egrep -v egrep | awk '{print $1}'"/>
            <Parameter type="" key="AIX" value="ps auwwx |egrep ${InstanceName}|egrep -v egrep | awk '{print $3}'"/>
            <Parameter type="" key="SCO_SV" value="ps -eo 'pcpu comm args' | egrep ${InstanceName} | egrep -v egrep | awk '{print $1}'"/>
            <Parameter type="" key="HP-UX" value="LANG=en_US.utf8;UNIX95= ps -eo 'pcpu comm args' |egrep ${InstanceName}|egrep -v egrep | awk '{print $1}'"/>
        </PluginParameter>
        <PluginDataHandlers>
            <PluginDataHandler classKey="RegularFilter">
                <Parameter type="" key="REGULAR" value="(\S+)"/>
            </PluginDataHandler>
            <PluginDataHandler classKey="selectProcessor">
                <Parameter type="" key="SELECT" value="SELECT sum(appCpuRate) as appCpuRate"/>
            </PluginDataHandler>
        </PluginDataHandlers>
    </MetricPlugin>
    <MetricPlugin metricid="appCpuRate" collectType="TELNET" pluginid="TelnetPlugin">
        <PluginResultMetaInfo columns="appCpuRate"/>
        <PluginParameter type="ArrayType">
            <Parameter type="DiscoveryInfo" key="InstanceName" value="InstallPath"/>
            <Parameter type="" key="Linux" value="LANG=en_US.utf8;top -bS -d 1 -n 1 | egrep ${InstanceName} | awk 'BEGIN{cpuUsage=0;}{if(cpuUsage&amp;lt;$9){cpuUsage=$9;}if(cpuUsage&gt;100){cpuUsage=99.8;}}END{printf(&amp;quot;%0.2f&amp;quot;,cpuUsage);}'"/>
            <Parameter type="" key="FreeBSD" value="setenv LANG en_US.UTF-8;ps -aux | egrep ${InstanceName} | egrep -v egrep | awk '{print $3}'"/>
            <Parameter type="" key="UnixWare" value="LANG=en_US.UTF-8;ps -eo 'pcpu comm args' | egrep ${InstanceName} | egrep -v egrep | awk '{print $1}'"/>
            <Parameter type="" key="SunOS" value="ps -eo 'pcpu comm args' | egrep ${InstanceName} | egrep -v egrep | awk '{print $1}'"/>
            <Parameter type="" key="AIX" value="ps auwwx |egrep ${InstanceName}|egrep -v egrep | awk '{print $3}'"/>
            <Parameter type="" key="SCO_SV" value="ps -eo 'pcpu comm args' | egrep ${InstanceName} | egrep -v egrep | awk '{print $1}'"/>
            <Parameter type="" key="HP-UX" value="LANG=en_US.utf8;UNIX95= ps -eo 'pcpu comm args' |egrep ${InstanceName}|egrep -v egrep | awk '{print $1}'"/>
        </PluginParameter>
        <PluginDataHandlers>
            <PluginDataHandler classKey="RegularFilter">
                <Parameter type="" key="REGULAR" value="(\S+)"/>
            </PluginDataHandler>
            <PluginDataHandler classKey="selectProcessor">
                <Parameter type="" key="SELECT" value="SELECT sum(appCpuRate) as appCpuRate"/>
            </PluginDataHandler>
        </PluginDataHandlers>
    </MetricPlugin>
    <MetricPlugin metricid="appMemRate" collectType="WMI" pluginid="WmiPlugin">
        <PluginResultMetaInfo columns="memWmiCmd,chk_pmemcap"/>
        <PluginParameter type="ArrayType">
            <Parameter type="" key="COMMAND" value="root\cimv2::select WorkingSet from Win32_PerfFormattedData_PerfProc_Process where Name like '%java%'"/>
            <Parameter type="" key="COMMAND" value="root\cimv2::select TotalVisibleMemorySize from Win32_OperatingSystem"/>
        </PluginParameter>
        <PluginDataHandlers>
            <PluginDataHandler classKey="selectProcessor">
                <Parameter type="" key="SELECT" value="SELECT (sum(memWmiCmd)/chk_pmemcap/1024*100) as appMemRate"/>
            </PluginDataHandler>
            <PluginDataHandler classKey="FormatProcessor">
                <Parameter type="" key="" value="TO_HUNDRED"/>
            </PluginDataHandler>
        </PluginDataHandlers>
    </MetricPlugin>
    <MetricPlugin metricid="appMemRate" collectType="SSH" pluginid="SshPlugin">
        <PluginResultMetaInfo columns="appMemRate"/>
        <PluginParameter type="ArrayType">
            <Parameter type="DiscoveryInfo" key="InstanceName" value="InstallPath"/>
            <Parameter type="" key="GetUname" value="yes"/>
            <Parameter type="" key="Linux"
                       value="LANG=en_US.utf8;top -bS -d 1 -n 1 | grep ${InstanceName} | awk 'BEGIN{res=0;shr=0;real=0;tmp_res=0;tmp_shr=0;}{tmp_res=substr($6,1,length($6)-1);tmp_shr=substr($7,1,length($7)-1);if($6~/m|M/){res=res+tmp_res*1024;}else if($6~/g|G/){res=res+tmp_res*1024*1024;}else{res=res+tmp_res;};if($7~/m|M/){shr=shr+tmp_shr*1024}else if($7~/g|G/){shr=shr+tmp_shr*1024*1024}else{shr=shr+tmp_shr;};}END{real=res-shr;printf(&quot;%d&quot;,real);}'"/>
            <Parameter type="" key="FreeBSD" value="setenv LANG en_US.UTF-8;ps -aux | egrep ${InstanceName} | egrep -v egrep | awk '{print $4}'"/>
            <Parameter type="" key="UnixWare" value="LANG=en_US.UTF-8;ps -eo 'vsz comm args' | egrep ${InstanceName} | egrep -v egrep | awk '{print $1}'"/>
            <Parameter type="" key="SunOS" value="ps -eo 'pmem comm args' | egrep ${InstanceName} | egrep -v egrep | awk '{print $1}'"/>
            <Parameter type="" key="AIX" value="ps auwwx |egrep ${InstanceName}|egrep -v egrep | awk '{print $4}'"/>
            <Parameter type="" key="SCO_SV" value="ps -eo 'vsz comm args' | egrep ${InstanceName} | egrep -v egrep | awk '{print $1}'"/>
            <Parameter type="" key="HP-UX"
                       value="LANG=en_US.utf8;rm -f /tmp/topShellResult.log;top -s2 -d1 -P -n65535 -f /tmp/topShellResult.log;cat /tmp/topShellResult.log | egrep '${InstanceName}' | awk 'BEGIN{res_data=0;res_temp=0;}{res_temp=substr($9,1,length($9)-1);if($9~/K/){res_data=res_data+res_temp;}else if($9~/M/){res_data=res_data+res_temp*1024;}}END{printf (&quot;%d&quot;,res_data);}'"/>
        </PluginParameter>
        <PluginDataHandlers>
            <PluginDataHandler classKey="memRateProcessor">
                <Parameter type="ResourceProperty" key="totalMemSize" value="totalMemSize"/>
            </PluginDataHandler>
        </PluginDataHandlers>
    </MetricPlugin>
    <MetricPlugin metricid="appMemRate" collectType="TELNET" pluginid="TelnetPlugin">
        <PluginResultMetaInfo columns="appMemRate"/>
        <PluginParameter type="ArrayType">
            <Parameter type="DiscoveryInfo" key="InstanceName" value="InstallPath"/>
            <Parameter type="" key="GetUname" value="yes"/>
            <Parameter type="" key="Linux"
                       value="LANG=en_US.utf8;top -bS -d 1 -n 1 | grep ${InstanceName} | awk 'BEGIN{res=0;shr=0;real=0;tmp_res=0;tmp_shr=0;}{tmp_res=substr($6,1,length($6)-1);tmp_shr=substr($7,1,length($7)-1);if($6~/m|M/){res=res+tmp_res*1024;}else if($6~/g|G/){res=res+tmp_res*1024*1024;}else{res=res+tmp_res;};if($7~/m|M/){shr=shr+tmp_shr*1024}else if($7~/g|G/){shr=shr+tmp_shr*1024*1024}else{shr=shr+tmp_shr;};}END{real=res-shr;printf(&quot;%d&quot;,real);}'"/>
            <Parameter type="" key="FreeBSD" value="setenv LANG en_US.UTF-8;ps -aux | egrep ${InstanceName} | egrep -v egrep | awk '{print $4}'"/>
            <Parameter type="" key="UnixWare" value="LANG=en_US.UTF-8;ps -eo 'vsz comm args' | egrep ${InstanceName} | egrep -v egrep | awk '{print $1}'"/>
            <Parameter type="" key="SunOS" value="ps -eo 'pmem comm args' | egrep ${InstanceName} | egrep -v egrep | awk '{print $1}'"/>
            <Parameter type="" key="AIX" value="ps auwwx |egrep ${InstanceName}|egrep -v egrep | awk '{print $4}'"/>
            <Parameter type="" key="SCO_SV" value="ps -eo 'vsz comm args' | egrep ${InstanceName} | egrep -v egrep | awk '{print $1}'"/>
            <Parameter type="" key="HP-UX"
                       value="LANG=en_US.utf8;rm -f /tmp/topShellResult.log;top -s2 -d1 -P -n65535 -f /tmp/topShellResult.log;cat /tmp/topShellResult.log | egrep '${InstanceName}' | awk 'BEGIN{res_data=0;res_temp=0;}{res_temp=substr($9,1,length($9)-1);if($9~/K/){res_data=res_data+res_temp;}else if($9~/M/){res_data=res_data+res_temp*1024;}}END{printf (&quot;%d&quot;,res_data);}'"/>
        </PluginParameter>
        <PluginDataHandlers>
            <PluginDataHandler classKey="memRateProcessor">
                <Parameter type="ResourceProperty" key="totalMemSize" value="totalMemSize"/>
            </PluginDataHandler>
        </PluginDataHandlers>
    </MetricPlugin>
    <MetricPlugin metricid="totalMemSize" collectType="WMI" pluginid="WmiPlugin">
        <PluginResultMetaInfo columns="totalMemSize"/>
        <PluginParameter type="ArrayType">
            <Parameter type="" key="COMMAND" value="root\cimv2::SELECT TotalVisibleMEMorySize FROM Win32_OperatingSystem"/>
        </PluginParameter>
    </MetricPlugin>
    <MetricPlugin metricid="totalMemSize" collectType="SSH" pluginid="SshPlugin">
        <PluginResultMetaInfo columns="totalMemSize"/>
        <PluginParameter type="ArrayType">
            <Parameter type="" key="Linux" value="LANG=en_US.utf8;cat /proc/meminfo |grep -i MemTotal |awk '{printf &quot;%d&quot;,$2}'"/>
            <Parameter type="" key="FreeBSD" value="setenv LANG en_US.UTF-8;cat /var/run/dmesg.boot | grep -i &quot;real memory&quot; | awk '{printf &quot;%d&quot;,$4/1024}'"/>
            <Parameter type="" key="UnixWare" value="LANG=en_US.UTF-8;memsize|awk '{printf &quot;%d&quot;,$1/1024}'"/>
            <Parameter type="" key="SunOS" value="prtconf|awk '/^Memory [Ss]ize/{printf &quot;%d&quot;,$3*1024}'"/>
            <Parameter type="" key="AIX" value="/usr/sbin/prtconf -m 2&gt;/dev/null| awk '{printf &quot;%d&quot;,$3*1024}'"/>
            <Parameter type="" key="SCO_SV" value="memsize|awk '{printf &quot;%d&quot;,$1/1024}'"/>
            <Parameter type="" key="HP-UX" value="LANG=en_US.utf8;grep Physical /var/adm/syslog/syslog.log 2&gt;/dev/null |awk 'BEGIN{pmemsize=0;}{for(i=1;i&lt;=NF;i++){if($i~/Physical:/){pmemsize=$(i+1)}}}END{if(pmemsize==0)exit 1;printf pmemsize}'"/>
        </PluginParameter>
    </MetricPlugin>
    <MetricPlugin metricid="totalMemSize" collectType="TELNET" pluginid="TelnetPlugin">
        <PluginResultMetaInfo columns="totalMemSize"/>
        <PluginParameter type="ArrayType">
            <Parameter type="" key="Linux" value="LANG=en_US.utf8;cat /proc/meminfo |grep -i MemTotal |awk '{printf &quot;%d&quot;,$2}'"/>
            <Parameter type="" key="FreeBSD" value="setenv LANG en_US.UTF-8;cat /var/run/dmesg.boot | grep -i &quot;real memory&quot; | awk '{printf &quot;%d&quot;,$4/1024}'"/>
            <Parameter type="" key="UnixWare" value="LANG=en_US.UTF-8;memsize|awk '{printf &quot;%d&quot;,$1/1024}'"/>
            <Parameter type="" key="SunOS" value="prtconf|awk '/^Memory [Ss]ize/{printf &quot;%d&quot;,$3*1024}'"/>
            <Parameter type="" key="AIX" value="/usr/sbin/prtconf -m 2&gt;/dev/null| awk '{printf &quot;%d&quot;,$3*1024}'"/>
            <Parameter type="" key="SCO_SV" value="memsize|awk '{printf &quot;%d&quot;,$1/1024}'"/>
            <Parameter type="" key="HP-UX" value="LANG=en_US.utf8;grep Physical /var/adm/syslog/syslog.log 2&gt;/dev/null |awk 'BEGIN{pmemsize=0;}{for(i=1;i&lt;=NF;i++){if($i~/Physical:/){pmemsize=$(i+1)}}}END{if(pmemsize==0)exit 1;printf pmemsize}'"/>
        </PluginParameter>
    </MetricPlugin>
</MetricPlugins>
