<?xml version="1.0" encoding="UTF-8"?>

<Capacity xmlns:xsi="http://www.w3.org/2001/XMLSchema-instance" version="1.0" xsi:noNamespaceSchemaLocation="../../../schema/Resource.xsd">
    <SupportInfo>
        <SupportName>MongoDB</SupportName>
        <PreSupportVersion>MongoDB</PreSupportVersion>
        <ActualSupportVersion/>
    </SupportInfo>
    <GlobalMetricSetting isEncrypt="FALSE" version="4.1.0">
        <GlobalIsEdit>false</GlobalIsEdit>
        <GlobalIsMonitor>true</GlobalIsMonitor>
        <GlobalDefaultMonitorFreq>day1</GlobalDefaultMonitorFreq>
        <GlobalsupportMonitorFreq>min1,min5,min10,hour1,day1</GlobalsupportMonitorFreq>
        <GlobalIsAlert>true</GlobalIsAlert>
        <GlobalDefaultFlapping>1</GlobalDefaultFlapping>
    </GlobalMetricSetting>
    <Resource id="mongodb" category="MongoDB" icon="MongoDB.png" name="MongoDB" description="MongoDB数据库">
        <Metrics>
        	<Metric id="Name" style="InformationMetric" name="名称" description="名称" unit="">
       	        <IsDisplay displayOrder="1000">false</IsDisplay>
                <IsMonitor>false</IsMonitor>
                <IsEdit>false</IsEdit>
                <DefaultMonitorFreq>day1</DefaultMonitorFreq>
                <SupportMonitorFreq>hour1,day1</SupportMonitorFreq>
                <IsAlert>false</IsAlert>
                <DefaultFlapping>1</DefaultFlapping>
            </Metric>
            <Metric id="Version" style="InformationMetric" name="数据库版本" description="数据库版本" unit="">
       	        <IsDisplay displayOrder="1010">true</IsDisplay>
                <IsMonitor>true</IsMonitor>
                <IsEdit>false</IsEdit>
                <DefaultMonitorFreq>day1</DefaultMonitorFreq>
                <SupportMonitorFreq>hour1,day1</SupportMonitorFreq>
                <IsAlert>false</IsAlert>
                <DefaultFlapping>1</DefaultFlapping>
            </Metric>
            <Metric id="availability" style="AvailabilityMetric" name="可用性" description="可用性" unit="">
                <IsDisplay displayOrder="1020">true</IsDisplay>
                <IsMonitor>true</IsMonitor>
                <IsEdit>false</IsEdit>
                <DefaultMonitorFreq>min1</DefaultMonitorFreq>
                <SupportMonitorFreq>sec30,min1,min5,min10,min30,hour1</SupportMonitorFreq>
                <IsAlert>true</IsAlert>
                <DefaultFlapping>2</DefaultFlapping>
            </Metric>
            <Metric id="cpuRate" style="PerformanceMetric" name="系统CPU利用率" description="系统CPU利用率" unit="%">
                <IsDisplay displayOrder="1030">true</IsDisplay>
                <IsMonitor>true</IsMonitor>
                <IsEdit>false</IsEdit>
                <DefaultMonitorFreq>min5</DefaultMonitorFreq>
                <SupportMonitorFreq>min1,min5,min10,min30,hour1,hour4,hour8</SupportMonitorFreq>
                <IsAlert>false</IsAlert>
                <DefaultFlapping>1</DefaultFlapping>
                <Thresholds>
                    <Threshold operator="&lt;" defaultvalue="90" stateid="Normal"/>
                    <Threshold operator="&gt;=" defaultvalue="90" stateid="Minor"/>
                    <Threshold operator="&gt;=" defaultvalue="95" stateid="Major"/>
                </Thresholds>
            </Metric>
            <Metric id="memRate" style="PerformanceMetric" name="系统内存利用率" description="系统内存利用率" unit="%">
                <IsDisplay displayOrder="1040">true</IsDisplay>
                <IsMonitor>true</IsMonitor>
                <IsEdit>false</IsEdit>
                <DefaultMonitorFreq>min5</DefaultMonitorFreq>
                <SupportMonitorFreq>min1,min5,min10,min30,hour1,hour4,hour8</SupportMonitorFreq>
                <IsAlert>false</IsAlert>
                <DefaultFlapping>1</DefaultFlapping>
                <Thresholds>
                    <Threshold operator="&lt;" defaultvalue="90" stateid="Normal"/>
                    <Threshold operator="&gt;=" defaultvalue="90" stateid="Minor"/>
                    <Threshold operator="&gt;=" defaultvalue="95" stateid="Major"/>
                </Thresholds>
            </Metric>
            <Metric id="startupTime" style="InformationMetric" name="数据库启动时间" description="数据库启动时间" unit="s">
                <IsDisplay displayOrder="1060">true</IsDisplay>
                <IsMonitor>true</IsMonitor>
                <IsEdit>false</IsEdit>
                <DefaultMonitorFreq>hour1</DefaultMonitorFreq>
                <SupportMonitorFreq>hour1,day1</SupportMonitorFreq>
                <IsAlert>false</IsAlert>
                <DefaultFlapping>1</DefaultFlapping>
            </Metric>
            <Metric id="currentSessionCount" style="InformationMetric" name="当前连接数" description="当前连接数" unit="">
                <IsDisplay displayOrder="1060">true</IsDisplay>
                <IsMonitor>true</IsMonitor>
                <IsEdit>false</IsEdit>
                <DefaultMonitorFreq>min5</DefaultMonitorFreq>
                <SupportMonitorFreq>min1,min5,min10,min30,hour1,hour4,hour8</SupportMonitorFreq>
                <IsAlert>false</IsAlert>
                <DefaultFlapping>1</DefaultFlapping>
            </Metric>
            <Metric id="freeSessionCount" style="InformationMetric" name="剩余空闲连接数" description="剩余空闲连接数" unit="">
                <IsDisplay displayOrder="1060">true</IsDisplay>
                <IsMonitor>true</IsMonitor>
                <IsEdit>false</IsEdit>
                <DefaultMonitorFreq>min5</DefaultMonitorFreq>
                <SupportMonitorFreq>min1,min5,min10,min30,hour1,hour4,hour8</SupportMonitorFreq>
                <IsAlert>false</IsAlert>
                <DefaultFlapping>1</DefaultFlapping>
            </Metric>
            <Metric id="cursorTotalCount" style="InformationMetric" name="游标总数" description="游标总数" unit="">
                <IsDisplay displayOrder="1070">true</IsDisplay>
                <IsMonitor>true</IsMonitor>
                <IsEdit>false</IsEdit>
                <DefaultMonitorFreq>min5</DefaultMonitorFreq>
                <SupportMonitorFreq>min1,min5,min10,min30,hour1,hour4,hour8</SupportMonitorFreq>
                <IsAlert>false</IsAlert>
                <DefaultFlapping>1</DefaultFlapping>
            </Metric>
            <Metric id="cursorTimeoutCount" style="InformationMetric" name="游标超时数" description="游标超时数" unit="">
                <IsDisplay displayOrder="1070">true</IsDisplay>
                <IsMonitor>true</IsMonitor>
                <IsEdit>false</IsEdit>
                <DefaultMonitorFreq>min5</DefaultMonitorFreq>
                <SupportMonitorFreq>min1,min5,min10,min30,hour1,hour4,hour8</SupportMonitorFreq>
                <IsAlert>false</IsAlert>
                <DefaultFlapping>1</DefaultFlapping>
            </Metric>
            <Metric id="pageFaults" style="InformationMetric" name="请求页错误数" description="请求页错误数" unit="">
                <IsDisplay displayOrder="1080">true</IsDisplay>
                <IsMonitor>true</IsMonitor>
                <IsEdit>false</IsEdit>
                <DefaultMonitorFreq>min5</DefaultMonitorFreq>
                <SupportMonitorFreq>min1,min5,min10,min30,hour1,hour4,hour8</SupportMonitorFreq>
                <IsAlert>false</IsAlert>
                <DefaultFlapping>1</DefaultFlapping>
            </Metric>
            <Metric id="globalLockCreaTime" style="InformationMetric" name="全局锁创建时间" description="全局锁创建时间" unit="ms">
                <IsDisplay displayOrder="1090">true</IsDisplay>
                <IsMonitor>true</IsMonitor>
                <IsEdit>false</IsEdit>
                <DefaultMonitorFreq>min5</DefaultMonitorFreq>
                <SupportMonitorFreq>min1,min5,min10,min30,hour1,hour4,hour8</SupportMonitorFreq>
                <IsAlert>false</IsAlert>
                <DefaultFlapping>1</DefaultFlapping>
            </Metric>
            <Metric id="globalLockTotalCount" style="InformationMetric" name="等待全局锁的队列中操作数目" description="等待全局锁的队列中操作数目" unit="">
                <IsDisplay displayOrder="1100">true</IsDisplay>
                <IsMonitor>true</IsMonitor>
                <IsEdit>false</IsEdit>
                <DefaultMonitorFreq>min5</DefaultMonitorFreq>
                <SupportMonitorFreq>min1,min5,min10,min30,hour1,hour4,hour8</SupportMonitorFreq>
                <IsAlert>false</IsAlert>
                <DefaultFlapping>1</DefaultFlapping>
            </Metric>
            <Metric id="globalLockWaitCount" style="InformationMetric" name="等待读锁的队列中操作数目" description="等待读锁的队列中操作数目" unit="">
                <IsDisplay displayOrder="1110">true</IsDisplay>
                <IsMonitor>true</IsMonitor>
                <IsEdit>false</IsEdit>
                <DefaultMonitorFreq>min5</DefaultMonitorFreq>
                <SupportMonitorFreq>min1,min5,min10,min30,hour1,hour4,hour8</SupportMonitorFreq>
                <IsAlert>false</IsAlert>
                <DefaultFlapping>1</DefaultFlapping>
            </Metric>
            <Metric id="globalLockWritCount" style="InformationMetric" name="等待写锁的队列中操作数目" description="等待读锁的队列中操作数目" unit="">
                <IsDisplay displayOrder="1120">true</IsDisplay>
                <IsMonitor>true</IsMonitor>
                <IsEdit>false</IsEdit>
                <DefaultMonitorFreq>min5</DefaultMonitorFreq>
                <SupportMonitorFreq>min1,min5,min10,min30,hour1,hour4,hour8</SupportMonitorFreq>
                <IsAlert>false</IsAlert>
                <DefaultFlapping>1</DefaultFlapping>
            </Metric>
            <Metric id="supArchitecture" style="InformationMetric" name="支持位数" description="支持位数" unit="">
                <IsDisplay displayOrder="1130">true</IsDisplay>
                <IsMonitor>true</IsMonitor>
                <IsEdit>false</IsEdit>
                <DefaultMonitorFreq>day1</DefaultMonitorFreq>
                <SupportMonitorFreq>hour1,day1</SupportMonitorFreq>
                <IsAlert>false</IsAlert>
                <DefaultFlapping>1</DefaultFlapping>
            </Metric>
            <Metric id="memoryUsedPhy" style="InformationMetric" name="占用物理内存量" description="占用物理内存量" unit="MB">
                <IsDisplay displayOrder="1140">true</IsDisplay>
                <IsMonitor>true</IsMonitor>
                <IsEdit>false</IsEdit>
                <DefaultMonitorFreq>min10</DefaultMonitorFreq>
                <SupportMonitorFreq>min1,min5,min10,min30,hour1,hour4,hour8</SupportMonitorFreq>
                <IsAlert>false</IsAlert>
                <DefaultFlapping>1</DefaultFlapping>
            </Metric>
            <Metric id="memoryUsedVirtual" style="InformationMetric" name="占用虚拟内存量" description="占用虚拟内存量" unit="MB">
                <IsDisplay displayOrder="1150">true</IsDisplay>
                <IsMonitor>true</IsMonitor>
                <IsEdit>false</IsEdit>
                <DefaultMonitorFreq>min10</DefaultMonitorFreq>
                <SupportMonitorFreq>min1,min5,min10,min30,hour1,hour4,hour8</SupportMonitorFreq>
                <IsAlert>false</IsAlert>
                <DefaultFlapping>1</DefaultFlapping>
            </Metric>
            <Metric id="totalMemSize" style="InformationMetric" name="内存总容量" description="内存总容量" unit="KB">
                <IsDisplay displayOrder="1160">true</IsDisplay>
                <IsMonitor>true</IsMonitor>
                <DefaultMonitorFreq>day1</DefaultMonitorFreq>
                <IsEdit>false</IsEdit>
                <SupportMonitorFreq>hour1,day1</SupportMonitorFreq>
                <IsAlert>false</IsAlert>
                <DefaultFlapping>1</DefaultFlapping>
            </Metric>
            <Metric id="appMemRate" style="PerformanceMetric" name="数据库内存利用率" description="数据库内存利用率" unit="%">
                <IsDisplay displayOrder="1170">true</IsDisplay>
                <IsMonitor>true</IsMonitor>
                <IsEdit>false</IsEdit>
                <DefaultMonitorFreq>min5</DefaultMonitorFreq>
                <SupportMonitorFreq>min1,min5,min10,min30,hour1,hour4,hour8</SupportMonitorFreq>
                <IsAlert>false</IsAlert>
                <DefaultFlapping>1</DefaultFlapping>
                <Thresholds>
                    <Threshold operator="&lt;" defaultvalue="90" stateid="Normal"/>
                    <Threshold operator="&gt;=" defaultvalue="90" stateid="Minor"/>
                    <Threshold operator="&gt;=" defaultvalue="95" stateid="Major"/>
                </Thresholds>
            </Metric>
            <Metric id="currentOpenFiles" style="InformationMetric" name="当前打开文件数" description="当前打开文件数" unit="">
                <IsDisplay displayOrder="1180">true</IsDisplay>
                <IsMonitor>true</IsMonitor>
                <DefaultMonitorFreq>min5</DefaultMonitorFreq>
                <IsEdit>false</IsEdit>
                <SupportMonitorFreq>min1,min5,min10,min30,hour1,hour4,hour8</SupportMonitorFreq>
                <IsAlert>false</IsAlert>
                <DefaultFlapping>1</DefaultFlapping>
            </Metric>
            <Metric id="bytesIn" style="InformationMetric" name="发送到数据库的数据总量" description="发送到数据库的数据总量" unit="Byte">
                <IsDisplay displayOrder="1190">true</IsDisplay>
                <IsMonitor>true</IsMonitor>
                <DefaultMonitorFreq>min5</DefaultMonitorFreq>
                <IsEdit>false</IsEdit>
                <SupportMonitorFreq>min1,min5,min10,min30,hour1,hour4,hour8</SupportMonitorFreq>
                <IsAlert>false</IsAlert>
                <DefaultFlapping>1</DefaultFlapping>
            </Metric>
            <Metric id="bytesOut" style="InformationMetric" name="数据库发出的数据总量" description="数据库发出的数据总量" unit="Byte">
                <IsDisplay displayOrder="1190">true</IsDisplay>
                <IsMonitor>true</IsMonitor>
                <DefaultMonitorFreq>min5</DefaultMonitorFreq>
                <IsEdit>false</IsEdit>
                <SupportMonitorFreq>min1,min5,min10,min30,hour1,hour4,hour8</SupportMonitorFreq>
                <IsAlert>false</IsAlert>
                <DefaultFlapping>1</DefaultFlapping>
            </Metric>
            <Metric id="numRequests" style="InformationMetric" name="发送到数据库的请求量" description="发送到数据库的请求量" unit="">
                <IsDisplay displayOrder="1190">true</IsDisplay>
                <IsMonitor>true</IsMonitor>
                <DefaultMonitorFreq>min5</DefaultMonitorFreq>
                <IsEdit>false</IsEdit>
                <SupportMonitorFreq>min1,min5,min10,min30,hour1,hour4,hour8</SupportMonitorFreq>
                <IsAlert>false</IsAlert>
                <DefaultFlapping>1</DefaultFlapping>
            </Metric>
            <Metric id="regularAsserts" style="InformationMetric" name="正规断言数" description="正规断言数" unit="">
                <IsDisplay displayOrder="1190">true</IsDisplay>
                <IsMonitor>true</IsMonitor>
                <DefaultMonitorFreq>min5</DefaultMonitorFreq>
                <IsEdit>false</IsEdit>
                <SupportMonitorFreq>min1,min5,min10,min30,hour1,hour4,hour8</SupportMonitorFreq>
                <IsAlert>false</IsAlert>
                <DefaultFlapping>1</DefaultFlapping>
            </Metric>
            <Metric id="warnAsserts" style="InformationMetric" name="告警数目" description="告警数目" unit="">
                <IsDisplay displayOrder="1190">true</IsDisplay>
                <IsMonitor>true</IsMonitor>
                <DefaultMonitorFreq>min5</DefaultMonitorFreq>
                <IsEdit>false</IsEdit>
                <SupportMonitorFreq>min1,min5,min10,min30,hour1,hour4,hour8</SupportMonitorFreq>
                <IsAlert>false</IsAlert>
                <DefaultFlapping>1</DefaultFlapping>
            </Metric>
            <Metric id="msgAsserts" style="InformationMetric" name="消息断言数目" description="消息断言数目" unit="">
                <IsDisplay displayOrder="1190">true</IsDisplay>
                <IsMonitor>true</IsMonitor>
                <DefaultMonitorFreq>min5</DefaultMonitorFreq>
                <IsEdit>false</IsEdit>
                <SupportMonitorFreq>min1,min5,min10,min30,hour1,hour4,hour8</SupportMonitorFreq>
                <IsAlert>false</IsAlert>
                <DefaultFlapping>1</DefaultFlapping>
            </Metric>
            <Metric id="userAsserts" style="InformationMetric" name="用户断言数目" description="用户断言数目" unit="">
                <IsDisplay displayOrder="1190">true</IsDisplay>
                <IsMonitor>true</IsMonitor>
                <DefaultMonitorFreq>min5</DefaultMonitorFreq>
                <IsEdit>false</IsEdit>
                <SupportMonitorFreq>min1,min5,min10,min30,hour1,hour4,hour8</SupportMonitorFreq>
                <IsAlert>false</IsAlert>
                <DefaultFlapping>1</DefaultFlapping>
            </Metric>
            <Metric id="appCpuRate" style="PerformanceMetric" name="数据库CPU利用率" description="数据库CPU利用率" unit="%">
                <IsDisplay displayOrder="1200">true</IsDisplay>
                <IsMonitor>true</IsMonitor>
                <IsEdit>false</IsEdit>
                <DefaultMonitorFreq>min5</DefaultMonitorFreq>
                <SupportMonitorFreq>min1,min5,min10,min30,hour1,hour4,hour8</SupportMonitorFreq>
                <IsAlert>false</IsAlert>
                <DefaultFlapping>1</DefaultFlapping>
                <Thresholds>
                    <Threshold operator="&lt;" defaultvalue="90" stateid="Normal"/>
                    <Threshold operator="&gt;=" defaultvalue="90" stateid="Minor"/>
                    <Threshold operator="&gt;=" defaultvalue="95" stateid="Major"/>
                </Thresholds>
            </Metric>
        </Metrics>
        <Properties>
            <Property id="Name" name="Name" metricid="Name"/>
            <Property id="totalMemSize" name="totalMemSize" metricid="totalMemSize"/>
        </Properties>
        <Instantiation InstanceId="Name" InstanceName="Name"/>
    </Resource>
</Capacity>
