<?xml version="1.0" encoding="UTF-8"?>

<Capacity xmlns:xsi="http://www.w3.org/2001/XMLSchema-instance" version="1.0" xsi:noNamespaceSchemaLocation="../../../schema/Resource.xsd">  
  <SupportInfo> 
    <SupportName>Hardware</SupportName>  
    <PreSupportVersion>HUAWEI　RH2288 V3</PreSupportVersion>  
    <ActualSupportVersion>HUAWEI　RH2288 V3</ActualSupportVersion> 
  </SupportInfo>  
  <GlobalMetricSetting isEncrypt="FALSE" version="4.1.0"> 
    <GlobalIsEdit>false</GlobalIsEdit>  
    <GlobalIsMonitor>true</GlobalIsMonitor>  
    <GlobalDefaultMonitorFreq>day1</GlobalDefaultMonitorFreq>  
    <GlobalsupportMonitorFreq>min1,min5,min10,hour1,day1</GlobalsupportMonitorFreq>  
    <GlobalIsAlert>true</GlobalIsAlert>  
    <GlobalDefaultFlapping>1</GlobalDefaultFlapping> 
  </GlobalMetricSetting>  
  <Resource id="HuaWeiRH2288V3" category="HuaWeiServer" icon="HuaWeiServer.png" name="HuaWeiServer RH2288V3" description="HuaWeiServer RH2288V3" confirmation="合肥公安-HUAWEI　RH2288 V3"> 
    <Metrics> 
      <Metric id="PowerStatus" style="AvailabilityMetric" name="电源状态" description="电源状态" unit=""> 
        <IsDisplay displayOrder="1000">true</IsDisplay>  
        <IsMonitor>true</IsMonitor>  
        <IsEdit>false</IsEdit>  
        <DefaultMonitorFreq>min1</DefaultMonitorFreq>  
        <SupportMonitorFreq>sec30,min1,min5,min10,min30,hour1</SupportMonitorFreq>  
        <IsAlert>true</IsAlert>  
        <DefaultFlapping>2</DefaultFlapping> 
      </Metric>  
      <Metric id="AmbientTemp" style="PerformanceMetric" name="机箱温度" description="机箱温度" unit="degree C"> 
        <IsDisplay displayOrder="1010">true</IsDisplay>  
        <IsMonitor>true</IsMonitor>  
        <IsEdit>false</IsEdit>  
        <DefaultMonitorFreq>min5</DefaultMonitorFreq>  
        <SupportMonitorFreq>min1,min5,min10,min30,hour1,hour4,hour8</SupportMonitorFreq>  
        <IsAlert>false</IsAlert>  
        <DefaultFlapping>1</DefaultFlapping>  
        <Thresholds> 
          <Threshold operator="&gt;" defaultvalue="5" stateid="Normal"/>  
          <Threshold operator="&gt;" defaultvalue="40" stateid="Minor"/>  
          <Threshold operator="&gt;" defaultvalue="50" stateid="Major"/> 
        </Thresholds> 
      </Metric>  
      <Metric id="PowerOverloadStatus" style="InformationMetric" name="电源过载状态" description="电源过载状态" unit=""> 
        <IsDisplay displayOrder="1200">true</IsDisplay>  
        <IsMonitor>true</IsMonitor>  
        <IsEdit>false</IsEdit>  
        <DefaultMonitorFreq>day1</DefaultMonitorFreq>  
        <SupportMonitorFreq>hour1,day1</SupportMonitorFreq>   
        <IsAlert>false</IsAlert>  
        <DefaultFlapping>1</DefaultFlapping> 
      </Metric>  
      <Metric id="MainPowerFaultStatus" style="InformationMetric" name="主电源错误状态" description="主电源错误状态" unit=""> 
        <IsDisplay displayOrder="1210">true</IsDisplay>  
        <IsMonitor>true</IsMonitor>  
        <IsEdit>false</IsEdit>  
        <DefaultMonitorFreq>day1</DefaultMonitorFreq>  
        <SupportMonitorFreq>hour1,day1</SupportMonitorFreq>  
        <IsAlert>false</IsAlert>  
        <DefaultFlapping>1</DefaultFlapping> 
      </Metric>  
      <Metric id="PoweControFaulStatu" style="InformationMetric" name="电源管理错误状态" description="电源管理错误状态" unit=""> 
        <IsDisplay displayOrder="1220">true</IsDisplay>  
        <IsMonitor>true</IsMonitor>  
        <IsEdit>false</IsEdit>  
        <DefaultMonitorFreq>day1</DefaultMonitorFreq>  
        <SupportMonitorFreq>hour1,day1</SupportMonitorFreq>  
        <IsAlert>false</IsAlert>  
        <DefaultFlapping>1</DefaultFlapping> 
      </Metric>  
      <Metric id="DriveFaultStatus" style="InformationMetric" name="驱动器错误状态" description="驱动器错误状态" unit=""> 
        <IsDisplay displayOrder="1230">true</IsDisplay>  
        <IsMonitor>true</IsMonitor>  
        <IsEdit>false</IsEdit>  
        <DefaultMonitorFreq>day1</DefaultMonitorFreq>  
        <SupportMonitorFreq>hour1,day1</SupportMonitorFreq>   
        <IsAlert>false</IsAlert>  
        <DefaultFlapping>1</DefaultFlapping> 
      </Metric>  
      <Metric id="CoolinFaFaulStatu" style="InformationMetric" name="风扇/制冷错误状态" description="风扇/制冷错误状态" unit=""> 
        <IsDisplay displayOrder="1240">true</IsDisplay>  
        <IsMonitor>true</IsMonitor>  
        <IsEdit>false</IsEdit>  
        <DefaultMonitorFreq>day1</DefaultMonitorFreq>  
        <SupportMonitorFreq>hour1,day1</SupportMonitorFreq>  
        <IsAlert>false</IsAlert>  
        <DefaultFlapping>1</DefaultFlapping> 
      </Metric>
      <Metric id="ChassisIntrusion" style="InformationMetric" name="机箱入侵检测状态" description="机箱入侵检测状态" unit=""> 
        <IsDisplay displayOrder="1250">true</IsDisplay>  
        <IsMonitor>true</IsMonitor>  
        <IsEdit>false</IsEdit>  
        <DefaultMonitorFreq>day1</DefaultMonitorFreq>  
        <SupportMonitorFreq>hour1,day1</SupportMonitorFreq>    
        <IsAlert>false</IsAlert>  
        <DefaultFlapping>1</DefaultFlapping> 
      </Metric>
      <Metric id="FrontPanelLockout" style="InformationMetric" name="前面板锁定状态" description="前面板锁定状态" unit=""> 
        <IsDisplay displayOrder="1260">true</IsDisplay>  
        <IsMonitor>true</IsMonitor>  
        <IsEdit>false</IsEdit>  
        <DefaultMonitorFreq>day1</DefaultMonitorFreq>  
        <SupportMonitorFreq>hour1,day1</SupportMonitorFreq>    
        <IsAlert>false</IsAlert>  
        <DefaultFlapping>1</DefaultFlapping> 
      </Metric>
      <Metric id="ProductName" style="InformationMetric" name="产品名称" description="产品名称" unit=""> 
        <IsDisplay displayOrder="1300">true</IsDisplay>  
        <IsMonitor>true</IsMonitor>  
        <IsEdit>false</IsEdit>  
        <DefaultMonitorFreq>day1</DefaultMonitorFreq>  
        <SupportMonitorFreq>hour1,day1</SupportMonitorFreq>  
        <IsAlert>false</IsAlert>  
        <DefaultFlapping>1</DefaultFlapping> 
      </Metric>
      <Metric id="ProductManufacturer" style="InformationMetric" name="产品制造商" description="产品制造商" unit=""> 
        <IsDisplay displayOrder="1310">true</IsDisplay>  
        <IsMonitor>true</IsMonitor>  
        <IsEdit>false</IsEdit>  
        <DefaultMonitorFreq>day1</DefaultMonitorFreq>  
        <SupportMonitorFreq>hour1,day1</SupportMonitorFreq>  
        <IsAlert>false</IsAlert>  
        <DefaultFlapping>1</DefaultFlapping> 
      </Metric>
      <Metric id="BoardProductName" style="InformationMetric" name="主板产品名" description="主板产品名" unit=""> 
        <IsDisplay displayOrder="1370">true</IsDisplay>  
        <IsMonitor>true</IsMonitor>  
        <IsEdit>false</IsEdit>  
        <DefaultMonitorFreq>day1</DefaultMonitorFreq>  
        <SupportMonitorFreq>hour1,day1</SupportMonitorFreq>  
        <IsAlert>false</IsAlert>  
        <DefaultFlapping>1</DefaultFlapping> 
      </Metric>
      <Metric id="BoardMfg" style="InformationMetric" name="主板制造商" description="主板制造商" unit=""> 
        <IsDisplay displayOrder="1375">true</IsDisplay>  
        <IsMonitor>true</IsMonitor>  
        <IsEdit>false</IsEdit>  
        <DefaultMonitorFreq>day1</DefaultMonitorFreq>  
        <SupportMonitorFreq>hour1,day1</SupportMonitorFreq>  
        <IsAlert>false</IsAlert>  
        <DefaultFlapping>1</DefaultFlapping> 
      </Metric>  
      <Metric id="BoardSerialNumber" style="InformationMetric" name="主板序列号" description="主板序列号" unit=""> 
        <IsDisplay displayOrder="1380">true</IsDisplay>  
        <IsMonitor>true</IsMonitor>  
        <IsEdit>false</IsEdit>  
        <DefaultMonitorFreq>day1</DefaultMonitorFreq>  
        <SupportMonitorFreq>hour1,day1</SupportMonitorFreq>  
        <IsAlert>false</IsAlert>  
        <DefaultFlapping>1</DefaultFlapping> 
      </Metric>  
      <Metric id="ProductPartNumber" style="InformationMetric" name="产品零件号" description="产品零件号" unit=""> 
        <IsDisplay displayOrder="1390">true</IsDisplay>  
        <IsMonitor>true</IsMonitor>  
        <IsEdit>false</IsEdit>  
        <DefaultMonitorFreq>day1</DefaultMonitorFreq>  
        <SupportMonitorFreq>hour1,day1</SupportMonitorFreq>  
        <IsAlert>false</IsAlert>  
        <DefaultFlapping>1</DefaultFlapping> 
      </Metric>
      <Metric id="ProductSerialNumber" style="InformationMetric" name="产品序列号" description="产品序列号" unit=""> 
        <IsDisplay displayOrder="1400">true</IsDisplay>  
        <IsMonitor>true</IsMonitor>  
        <IsEdit>false</IsEdit>  
        <DefaultMonitorFreq>day1</DefaultMonitorFreq>  
        <SupportMonitorFreq>hour1,day1</SupportMonitorFreq>  
        <IsAlert>false</IsAlert>  
        <DefaultFlapping>1</DefaultFlapping> 
      </Metric> 
    </Metrics>  
    <Properties> 
      <Property id="ProductName" name="ProductName" metricid="ProductName"/>    
      <Property id="BoardSerialNumber" name="BoardSerialNumber" metricid="BoardSerialNumber"/> 
    </Properties>  
    <Instantiation InstanceId="ProductName,BoardSerialNumber" InstanceName="ProductName"/> 
  </Resource> 
  <Resource id="HuaWeiRH2288V3Fan" type="Fan" icon="" name="风扇" description="风扇" parentid="HuaWeiRH2288V3"> 
    <Metrics> 
      <Metric id="fanIndex" style="InformationMetric" name="风扇索引" description="风扇索引" unit=""> 
        <IsDisplay displayOrder="3000">false</IsDisplay>  
        <IsMonitor>false</IsMonitor>  
        <IsEdit>false</IsEdit>  
        <DefaultMonitorFreq>day1</DefaultMonitorFreq>  
        <SupportMonitorFreq>hour1,day1</SupportMonitorFreq>  
        <IsAlert>false</IsAlert>  
        <DefaultFlapping>1</DefaultFlapping> 
      </Metric>  
      <Metric id="fanStatus" style="AvailabilityMetric" name="风扇状态" description="风扇状态" unit=""> 
        <IsDisplay displayOrder="3020">true</IsDisplay>  
        <IsMonitor>true</IsMonitor>  
        <IsEdit>false</IsEdit>  
        <DefaultMonitorFreq>min1</DefaultMonitorFreq>  
        <SupportMonitorFreq>sec30,min1,min5,min10,min30,hour1</SupportMonitorFreq>  
        <IsAlert>false</IsAlert>  
        <DefaultFlapping>2</DefaultFlapping> 
      </Metric>
      <Metric id="fanSpeed" style="InformationMetric" name="风扇转速" description="风扇转速" unit="RPM"> 
        <IsDisplay displayOrder="3030">true</IsDisplay>  
        <IsMonitor>true</IsMonitor>  
        <IsEdit>false</IsEdit>  
        <DefaultMonitorFreq>min5</DefaultMonitorFreq>  
        <SupportMonitorFreq>sec30,min1,min5,min10,min30,hour1</SupportMonitorFreq>  
        <IsAlert>false</IsAlert>  
        <DefaultFlapping>2</DefaultFlapping> 
      </Metric>
    </Metrics>  
    <Properties> 
      <Property id="fanIndex" name="fanIndex" metricid="fanIndex"/> 
    </Properties>  
    <Instantiation InstanceId="fanIndex" InstanceName="fanIndex"/> 
  </Resource> 
  <Resource id="HuaWeiRH2288V3Pro" type="Processor" icon="" name="微处理器" description="微处理器" parentid="HuaWeiRH2288V3"> 
    <Metrics> 
      <Metric id="processorIndex" style="InformationMetric" name="处理器索引" description="处理器索引" unit=""> 
        <IsDisplay displayOrder="4000">false</IsDisplay>  
        <IsMonitor>false</IsMonitor>  
        <IsEdit>false</IsEdit>  
        <DefaultMonitorFreq>day1</DefaultMonitorFreq>  
        <SupportMonitorFreq>hour1,day1</SupportMonitorFreq>  
        <IsAlert>false</IsAlert>  
        <DefaultFlapping>1</DefaultFlapping> 
      </Metric>
      <Metric id="processorName" style="InformationMetric" name="处理器名称" description="处理器名称" unit="">
         <IsDisplay displayOrder="4010">false</IsDisplay>
         <IsMonitor>false</IsMonitor>
         <IsEdit>false</IsEdit>
         <DefaultMonitorFreq>day1</DefaultMonitorFreq>
         <SupportMonitorFreq>hour1,day1</SupportMonitorFreq>
         <IsAlert>false</IsAlert>
         <DefaultFlapping>1</DefaultFlapping>
      </Metric>  
      <Metric id="processorStatus" style="AvailabilityMetric" name="处理器状态" description="处理器状态" unit=""> 
        <IsDisplay displayOrder="4020">true</IsDisplay>  
        <IsMonitor>true</IsMonitor>  
        <IsEdit>false</IsEdit>  
        <DefaultMonitorFreq>min1</DefaultMonitorFreq>  
        <SupportMonitorFreq>sec30,min1,min5,min10,min30,hour1</SupportMonitorFreq>  
        <IsAlert>false</IsAlert>  
        <DefaultFlapping>2</DefaultFlapping> 
      </Metric> 
    </Metrics>  
    <Properties>
            <Property id="processorIndex" name="processorIndex" metricid="processorIndex"/>
            <Property id="processorName" name="processorName" metricid="processorName"/>
     </Properties>
    <Instantiation InstanceId="processorIndex" InstanceName="processorName"/> 
  </Resource> 
  <Resource id="HuaWeiRH2288V3Power" type="Power" icon="" name="电源" description="电源" parentid="HuaWeiRH2288V3" confirmation="合肥公安-HUAWEI　RH2288 V3"> 
    <Metrics> 
      <Metric id="powerIndex" style="InformationMetric" name="电源索引" description="电源索引" unit=""> 
        <IsDisplay displayOrder="5000">false</IsDisplay>  
        <IsMonitor>false</IsMonitor>  
        <IsEdit>false</IsEdit>  
        <DefaultMonitorFreq>day1</DefaultMonitorFreq>  
        <SupportMonitorFreq>hour1,day1</SupportMonitorFreq>  
        <IsAlert>false</IsAlert>  
        <DefaultFlapping>1</DefaultFlapping> 
      </Metric>
      <Metric id="powerName" style="InformationMetric" name="电源名称" description="电源名称" unit=""> 
        <IsDisplay displayOrder="5010">false</IsDisplay>  
        <IsMonitor>false</IsMonitor>  
        <IsEdit>false</IsEdit>  
        <DefaultMonitorFreq>day1</DefaultMonitorFreq>  
        <SupportMonitorFreq>hour1,day1</SupportMonitorFreq>  
        <IsAlert>false</IsAlert>  
        <DefaultFlapping>1</DefaultFlapping> 
      </Metric>  
      <Metric id="powerStatus" style="AvailabilityMetric" name="电源状态" description="电源状态" unit=""> 
        <IsDisplay displayOrder="5020">true</IsDisplay>  
        <IsMonitor>true</IsMonitor>  
        <IsEdit>false</IsEdit>  
        <DefaultMonitorFreq>min1</DefaultMonitorFreq>  
        <SupportMonitorFreq>sec30,min1,min5,min10,min30,hour1</SupportMonitorFreq>  
        <IsAlert>false</IsAlert>  
        <DefaultFlapping>2</DefaultFlapping> 
      </Metric>  
    </Metrics>  
    <Properties> 
      <Property id="powerIndex" name="powerIndex" metricid="powerIndex"/> 
      <Property id="powerName" name="powerName" metricid="powerName"/>
    </Properties>  
    <Instantiation InstanceId="powerIndex" InstanceName="powerName"/> 
  </Resource>
  <Resource id="HuaWeiRH2288V3DIMM" type="DIMM" icon="" name="内存卡" description="内存卡" parentid="HuaWeiRH2288V3" confirmation="合肥公安-HUAWEI　RH2288 V3"> 
    <Metrics> 
      <Metric id="DIMMIndex" style="InformationMetric" name="内存卡索引" description="内存卡索引" unit=""> 
        <IsDisplay displayOrder="6000">false</IsDisplay>  
        <IsMonitor>false</IsMonitor>  
        <IsEdit>false</IsEdit>  
        <DefaultMonitorFreq>day1</DefaultMonitorFreq>  
        <SupportMonitorFreq>hour1,day1</SupportMonitorFreq>  
        <IsAlert>false</IsAlert>  
        <DefaultFlapping>1</DefaultFlapping> 
      </Metric>  
      <Metric id="DIMMStatus" style="AvailabilityMetric" name="内存卡状态" description="内存卡状态" unit=""> 
        <IsDisplay displayOrder="6020">true</IsDisplay>  
        <IsMonitor>true</IsMonitor>  
        <IsEdit>false</IsEdit>  
        <DefaultMonitorFreq>min1</DefaultMonitorFreq>  
        <SupportMonitorFreq>sec30,min1,min5,min10,min30,hour1</SupportMonitorFreq>  
        <IsAlert>false</IsAlert>  
        <DefaultFlapping>2</DefaultFlapping> 
      </Metric>
      <Metric id="DIMMState" style="AvailabilityMetric" name="使用状态" description="使用状态" unit=""> 
        <IsDisplay displayOrder="6030">true</IsDisplay>  
        <IsMonitor>true</IsMonitor>  
        <IsEdit>false</IsEdit>  
        <DefaultMonitorFreq>min5</DefaultMonitorFreq>  
        <SupportMonitorFreq>sec30,min1,min5,min10,min30,hour1</SupportMonitorFreq>
        <IsAlert>true</IsAlert>  
        <DefaultFlapping>2</DefaultFlapping> 
      </Metric>
    </Metrics>  
    <Properties> 
      <Property id="DIMMIndex" name="DIMMIndex" metricid="DIMMIndex"/> 
    </Properties>  
    <Instantiation InstanceId="DIMMIndex" InstanceName="DIMMIndex"/> 
  </Resource>  
  <Resource id="HuaWeiRH2288V3Disk" type="HardDisk" icon="" name="磁盘" description="磁盘" parentid="HuaWeiRH2288V3" confirmation="合肥公安-HUAWEI　RH2288 V3"> 
    <Metrics> 
      <Metric id="diskIndex" style="InformationMetric" name="磁盘索引" description="磁盘索引" unit=""> 
        <IsDisplay displayOrder="7000">false</IsDisplay>  
        <IsMonitor>false</IsMonitor>  
        <IsEdit>false</IsEdit>  
        <DefaultMonitorFreq>min5</DefaultMonitorFreq>  
        <SupportMonitorFreq>sec30,min1,min5,min10,min30,hour1</SupportMonitorFreq>  
        <IsAlert>false</IsAlert>  
        <DefaultFlapping>1</DefaultFlapping> 
      </Metric> 
      <Metric id="diskStatus" style="AvailabilityMetric" name="磁盘状态" description="磁盘状态" unit=""> 
        <IsDisplay displayOrder="7010">true</IsDisplay>  
        <IsMonitor>true</IsMonitor>  
        <IsEdit>false</IsEdit>  
        <DefaultMonitorFreq>min1</DefaultMonitorFreq>  
        <SupportMonitorFreq>sec30,min1,min5,min10,min30,hour1</SupportMonitorFreq>  
        <IsAlert>true</IsAlert>  
        <DefaultFlapping>2</DefaultFlapping> 
      </Metric>
      <Metric id="diskState" style="AvailabilityMetric" name="使用状态" description="使用状态" unit="">
         <IsDisplay displayOrder="7020">true</IsDisplay>
         <IsMonitor>true</IsMonitor>
         <IsEdit>false</IsEdit>
         <DefaultMonitorFreq>min1</DefaultMonitorFreq>  
         <SupportMonitorFreq>sec30,min1,min5,min10,min30,hour1</SupportMonitorFreq>  
         <IsAlert>true</IsAlert>
         <DefaultFlapping>2</DefaultFlapping>
       </Metric>
    </Metrics>  
    <Properties> 
      <Property id="diskIndex" name="diskIndex" metricid="diskIndex"/>  
    </Properties>  
    <Instantiation InstanceId="diskIndex" InstanceName="diskIndex"/> 
  </Resource>
</Capacity>
