<?xml version="1.0" encoding="UTF-8"?>

<Capacity xmlns:xsi="http://www.w3.org/2001/XMLSchema-instance" version="1.0" xsi:noNamespaceSchemaLocation="../../../schema/Resource.xsd">
    <SupportInfo>
        <SupportName>Hardware</SupportName>
        <PreSupportVersion>HP Proliant系列</PreSupportVersion>
        <ActualSupportVersion>HP Proliant DL580 G3</ActualSupportVersion>
    </SupportInfo>
    <GlobalMetricSetting isEncrypt="FALSE" version="4.1.0">
        <GlobalIsEdit>false</GlobalIsEdit>
        <GlobalIsMonitor>true</GlobalIsMonitor>
        <GlobalDefaultMonitorFreq>day1</GlobalDefaultMonitorFreq>
        <GlobalsupportMonitorFreq>min1,min5,min10,hour1,day1</GlobalsupportMonitorFreq>
        <GlobalIsAlert>true</GlobalIsAlert>
        <GlobalDefaultFlapping>1</GlobalDefaultFlapping>
    </GlobalMetricSetting>
    <Resource id="HPProliantSNMP" category="HPServer" icon="HPSever.png" name="HP Proliant系列(SNMP)" description="HP Proliant系列(SNMP)">
        <Metrics>
            <Metric id="macAddress" style="InformationMetric" name="MAC地址" description="MAC地址" unit="">
                <IsDisplay displayOrder="1000">true</IsDisplay>
                <IsMonitor>true</IsMonitor>
                <IsEdit>false</IsEdit>
                <DefaultMonitorFreq>hour1</DefaultMonitorFreq>
                <SupportMonitorFreq>hour1,day1</SupportMonitorFreq>
                <IsAlert>false</IsAlert>
                <DefaultFlapping>1</DefaultFlapping>
            </Metric>
            <Metric id="SerialNum" style="InformationMetric" name="序列号" description="序列号" unit="">
                <IsDisplay displayOrder="1010">true</IsDisplay>
                <IsMonitor>true</IsMonitor>
                <IsEdit>false</IsEdit>
                <DefaultMonitorFreq>day1</DefaultMonitorFreq>
                <SupportMonitorFreq>hour1,day1</SupportMonitorFreq>
                <IsAlert>false</IsAlert>
                <DefaultFlapping>1</DefaultFlapping>
            </Metric>
            <Metric id="ServiceNum" style="InformationMetric" name="服务标示" description="服务标示" unit="">
                <IsDisplay displayOrder="1020">true</IsDisplay>
                <IsMonitor>true</IsMonitor>
                <IsEdit>false</IsEdit>
                <DefaultMonitorFreq>day1</DefaultMonitorFreq>
                <SupportMonitorFreq>hour1,day1</SupportMonitorFreq>
                <IsAlert>false</IsAlert>
                <DefaultFlapping>1</DefaultFlapping>
            </Metric>
            <Metric id="ProductId" style="InformationMetric" name="产品ID" description="产品ID" unit="">
                <IsDisplay displayOrder="1030">true</IsDisplay>
                <IsMonitor>true</IsMonitor>
                <IsEdit>false</IsEdit>
                <DefaultMonitorFreq>day1</DefaultMonitorFreq>
                <SupportMonitorFreq>hour1,day1</SupportMonitorFreq>
                <IsAlert>false</IsAlert>
                <DefaultFlapping>1</DefaultFlapping>
            </Metric>
            <Metric id="ProductName" style="InformationMetric" name="产品型号" description="产品型号" unit="">
                <IsDisplay displayOrder="1040">true</IsDisplay>
                <IsMonitor>true</IsMonitor>
                <IsEdit>false</IsEdit>
                <DefaultMonitorFreq>day1</DefaultMonitorFreq>
                <SupportMonitorFreq>hour1,day1</SupportMonitorFreq>
                <IsAlert>false</IsAlert>
                <DefaultFlapping>1</DefaultFlapping>
            </Metric>
            <Metric id="SysRomVer" style="InformationMetric" name="系统ROM版本" description="系统ROM版本" unit="KB">
                <IsDisplay displayOrder="1050">true</IsDisplay>
                <IsMonitor>true</IsMonitor>
                <IsEdit>false</IsEdit>
                <DefaultMonitorFreq>day1</DefaultMonitorFreq>
                <SupportMonitorFreq>hour1,day1</SupportMonitorFreq>
                <IsAlert>false</IsAlert>
                <DefaultFlapping>1</DefaultFlapping>
            </Metric>
            <Metric id="TotalMemory" style="InformationMetric" name="总内存容量" description="总内存容量" unit="KB">
                <IsDisplay displayOrder="1300">true</IsDisplay>
                <IsMonitor>true</IsMonitor>
                <IsEdit>false</IsEdit>
                <DefaultMonitorFreq>hour1</DefaultMonitorFreq>
                <SupportMonitorFreq>hour1,day1</SupportMonitorFreq>
                <IsAlert>false</IsAlert>
                <DefaultFlapping>1</DefaultFlapping>
            </Metric>
            <Metric id="BaseMemory" style="InformationMetric" name="基本内存容量" description="基本内存容量" unit="KB">
                <IsDisplay displayOrder="1310">true</IsDisplay>
                <IsMonitor>true</IsMonitor>
                <IsEdit>false</IsEdit>
                <DefaultMonitorFreq>hour1</DefaultMonitorFreq>
                <SupportMonitorFreq>hour1,day1</SupportMonitorFreq>
                <IsAlert>false</IsAlert>
                <DefaultFlapping>1</DefaultFlapping>
            </Metric>
            <Metric id="AmbientTemp" style="PerformanceMetric" name="机箱温度" description="机箱温度" unit="℃">
                <IsDisplay displayOrder="1400">true</IsDisplay>
                <IsMonitor>true</IsMonitor>
                <IsEdit>false</IsEdit>
                <DefaultMonitorFreq>min5</DefaultMonitorFreq>
                <SupportMonitorFreq>min1,min5,min10,min30,hour1,hour4,hour8</SupportMonitorFreq>
                <IsAlert>false</IsAlert>
                <DefaultFlapping>1</DefaultFlapping>
                <Thresholds>
                    <Threshold operator="&gt;" defaultvalue="5" stateid="Normal"/>
                    <Threshold operator="&gt;" defaultvalue="40" stateid="Minor"/>
                    <Threshold operator="&gt;" defaultvalue="50" stateid="Major"/>
                </Thresholds>
            </Metric>
        </Metrics>
        <Properties>
            <Property id="macAddress" name="macAddress" metricid="macAddress"/>
            <Property id="ServiceNum" name="ServiceNum" metricid="ServiceNum"/>
        </Properties>
        <Instantiation InstanceId="macAddress" InstanceName="ServiceNum"/>
    </Resource>
    <Resource id="HPProliantSNMPCPU" type="Processor" icon="" name="CPU" description="CPU" parentid="HPProliantSNMP">
        <Metrics>
            <Metric id="CPUIndex" style="InformationMetric" name="CPU索引" description="CPU索引" unit="">
                <IsDisplay displayOrder="2000">true</IsDisplay>
                <IsMonitor>false</IsMonitor>
                <IsEdit>false</IsEdit>
                <DefaultMonitorFreq>day1</DefaultMonitorFreq>
                <SupportMonitorFreq>hour1,day1</SupportMonitorFreq>
                <IsAlert>false</IsAlert>
                <DefaultFlapping>1</DefaultFlapping>
            </Metric>
            <Metric id="ProcessorName" style="InformationMetric" name="CPU名称" description="CPU名称" unit="">
                <IsDisplay displayOrder="2010">true</IsDisplay>
                <IsMonitor>false</IsMonitor>
                <IsEdit>false</IsEdit>
                <DefaultMonitorFreq>day1</DefaultMonitorFreq>
                <SupportMonitorFreq>hour1,day1</SupportMonitorFreq>
                <IsAlert>false</IsAlert>
                <DefaultFlapping>1</DefaultFlapping>
            </Metric>
            <Metric id="CPUAvailability" style="AvailabilityMetric" name="CPU可用性" description="CPU可用性" unit="">
                <IsDisplay displayOrder="2020">true</IsDisplay>
                <IsMonitor>true</IsMonitor>
                <IsEdit>false</IsEdit>
                <DefaultMonitorFreq>min1</DefaultMonitorFreq>
                <SupportMonitorFreq>sec30,min1,min5,min10,min30,hour1</SupportMonitorFreq>
                <IsAlert>true</IsAlert>
                <DefaultFlapping>2</DefaultFlapping>
            </Metric>
            <Metric id="CPUSpeed" style="InformationMetric" name="CPU主频" description="CPU主频" unit="MHz">
                <IsDisplay displayOrder="2030">true</IsDisplay>
                <IsMonitor>true</IsMonitor>
                <IsEdit>false</IsEdit>
                <DefaultMonitorFreq>hour1</DefaultMonitorFreq>
                <SupportMonitorFreq>hour1,day1</SupportMonitorFreq>
                <IsAlert>false</IsAlert>
                <DefaultFlapping>1</DefaultFlapping>
            </Metric>
            <Metric id="CPUExtSpeed" style="InformationMetric" name="CPU外频" description="CPU外频" unit="MHz">
                <IsDisplay displayOrder="2040">true</IsDisplay>
                <IsMonitor>true</IsMonitor>
                <IsEdit>false</IsEdit>
                <DefaultMonitorFreq>hour1</DefaultMonitorFreq>
                <SupportMonitorFreq>hour1,day1</SupportMonitorFreq>
                <IsAlert>false</IsAlert>
                <DefaultFlapping>1</DefaultFlapping>
            </Metric>
            <Metric id="CPUDesigner" style="InformationMetric" name="CPU制造厂商" description="CPU制造厂商" unit="">
                <IsDisplay displayOrder="2050">true</IsDisplay>
                <IsMonitor>true</IsMonitor>
                <IsEdit>false</IsEdit>
                <DefaultMonitorFreq>day1</DefaultMonitorFreq>
                <SupportMonitorFreq>hour1,day1</SupportMonitorFreq>
                <IsAlert>false</IsAlert>
                <DefaultFlapping>1</DefaultFlapping>
            </Metric>
            <Metric id="CPUSocketNumber" style="InformationMetric" name="CPU插槽序号" description="CPU插槽序号" unit="">
                <IsDisplay displayOrder="2060">true</IsDisplay>
                <IsMonitor>true</IsMonitor>
                <IsEdit>false</IsEdit>
                <DefaultMonitorFreq>day1</DefaultMonitorFreq>
                <SupportMonitorFreq>hour1,day1</SupportMonitorFreq>
                <IsAlert>false</IsAlert>
                <DefaultFlapping>1</DefaultFlapping>
            </Metric>
            <Metric id="CPUThreshPassed" style="InformationMetric" name="CPU过载状态" description="CPU过载状态" unit="">
                <IsDisplay displayOrder="2070">true</IsDisplay>
                <IsMonitor>true</IsMonitor>
                <IsEdit>false</IsEdit>
                <DefaultMonitorFreq>min1</DefaultMonitorFreq>
                <SupportMonitorFreq>sec30,min1,min5,min10,min30,hour1</SupportMonitorFreq>
                <IsAlert>false</IsAlert>
                <DefaultFlapping>1</DefaultFlapping>
            </Metric>
        </Metrics>
        <Properties>
            <Property id="CPUIndex" name="CPUIndex" metricid="CPUIndex"/>
            <Property id="ProcessorName" name="ProcessorName" metricid="ProcessorName"/>
        </Properties>
        <Instantiation InstanceId="CPUIndex" InstanceName="ProcessorName"/>
    </Resource>
    <Resource id="HPProliantSNMPLogicalDrive" type="LogicalDrive" icon="" name="逻辑磁盘" description="逻辑磁盘" parentid="HPProliantSNMP">
        <Metrics>
            <Metric id="LogicalDriveIndex" style="InformationMetric" name="逻辑磁盘索引" description="逻辑磁盘索引" unit="">
                <IsDisplay displayOrder="3000">true</IsDisplay>
                <IsMonitor>false</IsMonitor>
                <IsEdit>false</IsEdit>
                <DefaultMonitorFreq>day1</DefaultMonitorFreq>
                <SupportMonitorFreq>hour1,day1</SupportMonitorFreq>
                <IsAlert>false</IsAlert>
                <DefaultFlapping>1</DefaultFlapping>
            </Metric>
            <Metric id="LogicalDriveName" style="InformationMetric" name="逻辑磁盘名称" description="逻辑磁盘名称" unit="">
                <IsDisplay displayOrder="3010">true</IsDisplay>
                <IsMonitor>false</IsMonitor>
                <IsEdit>false</IsEdit>
                <DefaultMonitorFreq>day1</DefaultMonitorFreq>
                <SupportMonitorFreq>hour1,day1</SupportMonitorFreq>
                <IsAlert>false</IsAlert>
                <DefaultFlapping>1</DefaultFlapping>
            </Metric>
            <Metric id="LogicDriAvailabili" style="AvailabilityMetric" name="逻辑磁盘可用性" description="逻辑磁盘可用性" unit="">
                <IsDisplay displayOrder="3020">true</IsDisplay>
                <IsMonitor>true</IsMonitor>
                <IsEdit>false</IsEdit>
                <DefaultMonitorFreq>min1</DefaultMonitorFreq>
                <SupportMonitorFreq>sec30,min1,min5,min10,min30,hour1</SupportMonitorFreq>
                <IsAlert>true</IsAlert>
                <DefaultFlapping>2</DefaultFlapping>
            </Metric>
            <Metric id="LogicalDriveSize" style="InformationMetric" name="逻辑磁盘大小" description="逻辑磁盘大小" unit="MB">
                <IsDisplay displayOrder="3030">true</IsDisplay>
                <IsMonitor>true</IsMonitor>
                <IsEdit>false</IsEdit>
                <DefaultMonitorFreq>hour1</DefaultMonitorFreq>
                <SupportMonitorFreq>hour1,day1</SupportMonitorFreq>
                <IsAlert>false</IsAlert>
                <DefaultFlapping>1</DefaultFlapping>
            </Metric>
            <Metric id="LogicaDrivStripSiz" style="InformationMetric" name="逻辑磁盘条带大小" description="逻辑磁盘条带大小" unit="KB">
                <IsDisplay displayOrder="3040">true</IsDisplay>
                <IsMonitor>true</IsMonitor>
                <IsEdit>false</IsEdit>
                <DefaultMonitorFreq>hour1</DefaultMonitorFreq>
                <SupportMonitorFreq>hour1,day1</SupportMonitorFreq>
                <IsAlert>false</IsAlert>
                <DefaultFlapping>1</DefaultFlapping>
            </Metric>
        </Metrics>
        <Properties>
            <Property id="LogicalDriveIndex" name="LogicalDriveIndex" metricid="LogicalDriveIndex"/>
            <Property id="LogicalDriveName" name="LogicalDriveName" metricid="LogicalDriveName"/>
        </Properties>
        <Instantiation InstanceId="LogicalDriveIndex" InstanceName="LogicalDriveName"/>
    </Resource>
    <Resource id="HPProliantSNMPPhysicalDrive" type="PhysicalDrive" icon="" name="物理磁盘" description="物理磁盘" parentid="HPProliantSNMP">
        <Metrics>
            <Metric id="PhysicalDriveIndex" style="InformationMetric" name="物理磁盘索引" description="物理磁盘索引" unit="">
                <IsDisplay displayOrder="4000">true</IsDisplay>
                <IsMonitor>false</IsMonitor>
                <IsEdit>false</IsEdit>
                <DefaultMonitorFreq>day1</DefaultMonitorFreq>
                <SupportMonitorFreq>hour1,day1</SupportMonitorFreq>
                <IsAlert>false</IsAlert>
                <DefaultFlapping>1</DefaultFlapping>
            </Metric>
            <Metric id="PhysicalDriveName" style="InformationMetric" name="物理磁盘名称" description="物理磁盘名称" unit="">
                <IsDisplay displayOrder="4010">true</IsDisplay>
                <IsMonitor>false</IsMonitor>
                <IsEdit>false</IsEdit>
                <DefaultMonitorFreq>day1</DefaultMonitorFreq>
                <SupportMonitorFreq>hour1,day1</SupportMonitorFreq>
                <IsAlert>false</IsAlert>
                <DefaultFlapping>1</DefaultFlapping>
            </Metric>
            <Metric id="PhysicDriAvailabili" style="AvailabilityMetric" name="物理磁盘可用性" description="物理磁盘可用性" unit="">
                <IsDisplay displayOrder="4020">true</IsDisplay>
                <IsMonitor>true</IsMonitor>
                <IsEdit>false</IsEdit>
                <DefaultMonitorFreq>min1</DefaultMonitorFreq>
                <SupportMonitorFreq>sec30,min1,min5,min10,min30,hour1</SupportMonitorFreq>
                <IsAlert>true</IsAlert>
                <DefaultFlapping>2</DefaultFlapping>
            </Metric>
            <Metric id="PhysicalDriveModel" style="InformationMetric" name="物理磁盘型号" description="物理磁盘型号" unit="">
                <IsDisplay displayOrder="4030">true</IsDisplay>
                <IsMonitor>true</IsMonitor>
                <IsEdit>false</IsEdit>
                <DefaultMonitorFreq>day1</DefaultMonitorFreq>
                <SupportMonitorFreq>hour1,day1</SupportMonitorFreq>
                <IsAlert>false</IsAlert>
                <DefaultFlapping>1</DefaultFlapping>
            </Metric>
            <Metric id="PhysicalDriveSize" style="InformationMetric" name="物理磁盘大小" description="物理磁盘大小" unit="MB">
                <IsDisplay displayOrder="4040">true</IsDisplay>
                <IsMonitor>true</IsMonitor>
                <IsEdit>false</IsEdit>
                <DefaultMonitorFreq>hour1</DefaultMonitorFreq>
                <SupportMonitorFreq>hour1,day1</SupportMonitorFreq>
                <IsAlert>false</IsAlert>
                <DefaultFlapping>1</DefaultFlapping>
            </Metric>
            <Metric id="PhysicalDriveCurTemp" style="PerformanceMetric" name="物理磁盘当前温度" description="物理磁盘当前温度" unit="℃">
                <IsDisplay displayOrder="4050">true</IsDisplay>
                <IsMonitor>true</IsMonitor>
                <IsEdit>false</IsEdit>
                <DefaultMonitorFreq>min5</DefaultMonitorFreq>
                <SupportMonitorFreq>min1,min5,min10,min30,hour1,hour4,hour8</SupportMonitorFreq>
                <IsAlert>false</IsAlert>
                <DefaultFlapping>1</DefaultFlapping>
                <Thresholds>
                    <Threshold operator="&lt;" defaultvalue="40" stateid="Normal"/>
                    <Threshold operator="&gt;=" defaultvalue="50" stateid="Minor"/>
                    <Threshold operator="&gt;=" defaultvalue="60" stateid="Major"/>
                </Thresholds>
            </Metric>
            <Metric id="PhysicalDriveMaxTemp" style="InformationMetric" name="物理磁盘最大温度" description="物理磁盘最大温度" unit="℃">
                <IsDisplay displayOrder="4060">true</IsDisplay>
                <IsMonitor>true</IsMonitor>
                <IsEdit>false</IsEdit>
                <DefaultMonitorFreq>min5</DefaultMonitorFreq>
                <SupportMonitorFreq>min1,min5,min10,min30,hour1,hour4,hour8</SupportMonitorFreq>
                <IsAlert>false</IsAlert>
                <DefaultFlapping>1</DefaultFlapping>
            </Metric>
        </Metrics>
        <Properties>
            <Property id="PhysicalDriveIndex" name="PhysicalDriveIndex" metricid="PhysicalDriveIndex"/>
            <Property id="PhysicalDriveName" name="PhysicalDriveName" metricid="PhysicalDriveName"/>
        </Properties>
        <Instantiation InstanceId="PhysicalDriveIndex" InstanceName="PhysicalDriveName"/>
    </Resource>
    <Resource id="HPProliantSNMPFan" type="Fan" icon="" name="风扇" description="风扇" parentid="HPProliantSNMP">
        <Metrics>
            <Metric id="FanIndex" style="InformationMetric" name="风扇索引" description="风扇索引" unit="">
                <IsDisplay displayOrder="5000">true</IsDisplay>
                <IsMonitor>false</IsMonitor>
                <IsEdit>false</IsEdit>
                <DefaultMonitorFreq>day1</DefaultMonitorFreq>
                <SupportMonitorFreq>hour1,day1</SupportMonitorFreq>
                <IsAlert>false</IsAlert>
                <DefaultFlapping>1</DefaultFlapping>
            </Metric>
            <Metric id="FanName" style="InformationMetric" name="风扇名称" description="风扇名称" unit="">
                <IsDisplay displayOrder="5010">true</IsDisplay>
                <IsMonitor>false</IsMonitor>
                <IsEdit>false</IsEdit>
                <DefaultMonitorFreq>day1</DefaultMonitorFreq>
                <SupportMonitorFreq>hour1,day1</SupportMonitorFreq>
                <IsAlert>false</IsAlert>
                <DefaultFlapping>1</DefaultFlapping>
            </Metric>
            <Metric id="FanAvailability" style="AvailabilityMetric" name="风扇可用性" description="风扇可用性" unit="">
                <IsDisplay displayOrder="5020">true</IsDisplay>
                <IsMonitor>true</IsMonitor>
                <IsEdit>false</IsEdit>
                <DefaultMonitorFreq>min1</DefaultMonitorFreq>
                <SupportMonitorFreq>sec30,min1,min5,min10,min30,hour1</SupportMonitorFreq>
                <IsAlert>true</IsAlert>
                <DefaultFlapping>2</DefaultFlapping>
            </Metric>
        </Metrics>
        <Properties>
            <Property id="FanIndex" name="FanIndex" metricid="FanIndex"/>
            <Property id="FanName" name="FanName" metricid="FanName"/>
        </Properties>
        <Instantiation InstanceId="FanIndex" InstanceName="FanName"/>
    </Resource>
    <Resource id="HPProliantSNMPTemperature" type="Temperature" icon="" name="温度传感器" description="温度传感器" parentid="HPProliantSNMP">
        <Metrics>
            <Metric id="TemperatureIndex" style="InformationMetric" name="温度传感器索引" description="温度传感器索引" unit="">
                <IsDisplay displayOrder="6000">true</IsDisplay>
                <IsMonitor>false</IsMonitor>
                <IsEdit>false</IsEdit>
                <DefaultMonitorFreq>day1</DefaultMonitorFreq>
                <SupportMonitorFreq>hour1,day1</SupportMonitorFreq>
                <IsAlert>false</IsAlert>
                <DefaultFlapping>1</DefaultFlapping>
            </Metric>
            <Metric id="TemperatureName" style="InformationMetric" name="温度传感器名称" description="温度传感器名称" unit="">
                <IsDisplay displayOrder="6010">true</IsDisplay>
                <IsMonitor>false</IsMonitor>
                <IsEdit>false</IsEdit>
                <DefaultMonitorFreq>day1</DefaultMonitorFreq>
                <SupportMonitorFreq>hour1,day1</SupportMonitorFreq>
                <IsAlert>false</IsAlert>
                <DefaultFlapping>1</DefaultFlapping>
            </Metric>
            <Metric id="TemperatuAvailabili" style="AvailabilityMetric" name="温度传感器可用性" description="温度传感器可用性" unit="">
                <IsDisplay displayOrder="6020">true</IsDisplay>
                <IsMonitor>true</IsMonitor>
                <IsEdit>false</IsEdit>
                <DefaultMonitorFreq>min1</DefaultMonitorFreq>
                <SupportMonitorFreq>sec30,min1,min5,min10,min30,hour1</SupportMonitorFreq>
                <IsAlert>true</IsAlert>
                <DefaultFlapping>2</DefaultFlapping>
            </Metric>
            <Metric id="TemperatureLocale" style="InformationMetric" name="温度传感器位置" description="温度传感器位置" unit="">
                <IsDisplay displayOrder="6030">true</IsDisplay>
                <IsMonitor>true</IsMonitor>
                <IsEdit>false</IsEdit>
                <DefaultMonitorFreq>day1</DefaultMonitorFreq>
                <SupportMonitorFreq>hour1,day1</SupportMonitorFreq>
                <IsAlert>false</IsAlert>
                <DefaultFlapping>1</DefaultFlapping>
            </Metric>
            <Metric id="TemperatureCelsius" style="PerformanceMetric" name="温度传感器当前值" description="温度传感器当前值" unit="℃">
                <IsDisplay displayOrder="6040">true</IsDisplay>
                <IsMonitor>true</IsMonitor>
                <IsEdit>false</IsEdit>
                <DefaultMonitorFreq>min5</DefaultMonitorFreq>
                <SupportMonitorFreq>min1,min5,min10,min30,hour1,hour4,hour8</SupportMonitorFreq>
                <IsAlert>false</IsAlert>
                <DefaultFlapping>1</DefaultFlapping>
                <Thresholds>
                    <Threshold operator="&lt;" defaultvalue="50" stateid="Normal"/>
                    <Threshold operator="&gt;=" defaultvalue="60" stateid="Minor"/>
                    <Threshold operator="&gt;=" defaultvalue="80" stateid="Major"/>
                </Thresholds>
            </Metric>
        </Metrics>
        <Properties>
            <Property id="TemperatureIndex" name="TemperatureIndex" metricid="TemperatureIndex"/>
            <Property id="TemperatureName" name="TemperatureName" metricid="TemperatureName"/>
        </Properties>
        <Instantiation InstanceId="TemperatureIndex" InstanceName="TemperatureName"/>
    </Resource>
    <Resource id="HPProliantSNMPPowerSupply" type="Power" icon="" name="电源" description="电源" parentid="HPProliantSNMP">
        <Metrics>
            <Metric id="PowerSupplyIndex" style="InformationMetric" name="电源索引" description="电源索引" unit="">
                <IsDisplay displayOrder="7000">true</IsDisplay>
                <IsMonitor>false</IsMonitor>
                <IsEdit>false</IsEdit>
                <DefaultMonitorFreq>day1</DefaultMonitorFreq>
                <SupportMonitorFreq>hour1,day1</SupportMonitorFreq>
                <IsAlert>false</IsAlert>
                <DefaultFlapping>1</DefaultFlapping>
            </Metric>
            <Metric id="PowerName" style="InformationMetric" name="电源名称" description="电源名称" unit="">
                <IsDisplay displayOrder="7010">true</IsDisplay>
                <IsMonitor>false</IsMonitor>
                <IsEdit>false</IsEdit>
                <DefaultMonitorFreq>day1</DefaultMonitorFreq>
                <SupportMonitorFreq>hour1,day1</SupportMonitorFreq>
                <IsAlert>false</IsAlert>
                <DefaultFlapping>1</DefaultFlapping>
            </Metric>
            <Metric id="PoweSupplAvailabilit" style="AvailabilityMetric" name="电源可用性" description="电源可用性" unit="">
                <IsDisplay displayOrder="7020">true</IsDisplay>
                <IsMonitor>true</IsMonitor>
                <IsEdit>false</IsEdit>
                <DefaultMonitorFreq>min1</DefaultMonitorFreq>
                <SupportMonitorFreq>sec30,min1,min5,min10,min30,hour1</SupportMonitorFreq>
                <IsAlert>true</IsAlert>
                <DefaultFlapping>2</DefaultFlapping>
            </Metric>
            <Metric id="PoweSupplCapacitUse" style="InformationMetric" name="电源当前功率" description="电源当前功率" unit="W">
                <IsDisplay displayOrder="7030">true</IsDisplay>
                <IsMonitor>true</IsMonitor>
                <IsEdit>false</IsEdit>
                <DefaultMonitorFreq>min5</DefaultMonitorFreq>
                <SupportMonitorFreq>min1,min5,min10,min30,hour1,hour4,hour8</SupportMonitorFreq>
                <IsAlert>false</IsAlert>
                <DefaultFlapping>1</DefaultFlapping>
            </Metric>
            <Metric id="PowSuppCapaciMaxim" style="InformationMetric" name="电源最大功率" description="电源最大功率" unit="W">
                <IsDisplay displayOrder="7040">true</IsDisplay>
                <IsMonitor>true</IsMonitor>
                <IsEdit>false</IsEdit>
                <DefaultMonitorFreq>day1</DefaultMonitorFreq>
                <SupportMonitorFreq>hour1,day1</SupportMonitorFreq>
                <IsAlert>false</IsAlert>
                <DefaultFlapping>1</DefaultFlapping>
            </Metric>
        </Metrics>
        <Properties>
            <Property id="PowerSupplyIndex" name="PowerSupplyIndex" metricid="PowerSupplyIndex"/>
            <Property id="PowerName" name="PowerName" metricid="PowerName"/>
        </Properties>
        <Instantiation InstanceId="PowerSupplyIndex" InstanceName="PowerName"/>
    </Resource>
</Capacity>
