<?xml version="1.0" encoding="UTF-8"?>

<Capacity xmlns:xsi="http://www.w3.org/2001/XMLSchema-instance" version="1.0" xsi:noNamespaceSchemaLocation="../../../schema/Resource.xsd">
    <SupportInfo>
        <SupportName>Oracle Database</SupportName>
        <PreSupportVersion>Oracle 12c</PreSupportVersion>
        <ActualSupportVersion>Oracle 12c/windows2008</ActualSupportVersion>
    </SupportInfo>
    <GlobalMetricSetting isEncrypt="FALSE" version="4.1.0">
        <GlobalIsEdit>false</GlobalIsEdit>
        <GlobalIsMonitor>true</GlobalIsMonitor>
        <GlobalDefaultMonitorFreq>day1</GlobalDefaultMonitorFreq>
        <GlobalsupportMonitorFreq>min1,min5,min10,hour1,day1</GlobalsupportMonitorFreq>
        <GlobalIsAlert>true</GlobalIsAlert>
        <GlobalDefaultFlapping>1</GlobalDefaultFlapping>
    </GlobalMetricSetting>
    <Resource id="Oracle12c" category="Oracles" icon="Oracle12c.png" name="Oracle 12c" description="Oracle12c数据库">
        <Metrics>
            <Metric id="cpuRate" style="PerformanceMetric" name="CPU利用率" description="CPU利用率" unit="%">
                <IsDisplay displayOrder="1400">true</IsDisplay>
                <IsMonitor>true</IsMonitor>
                <IsEdit>false</IsEdit>
                <DefaultMonitorFreq>min5</DefaultMonitorFreq>
                <SupportMonitorFreq>min1,min5,min10,min30,hour1,hour4,hour8</SupportMonitorFreq>
                <IsAlert>false</IsAlert>
                <DefaultFlapping>1</DefaultFlapping>
                <Thresholds>
                    <Threshold operator="&lt;" defaultvalue="90" stateid="Normal"/>
                    <Threshold operator="&gt;=" defaultvalue="90" stateid="Minor"/>
                    <Threshold operator="&gt;=" defaultvalue="95" stateid="Major"/>
                </Thresholds>
            </Metric>
            <Metric id="memRate" style="PerformanceMetric" name="内存利用率" description="内存利用率" unit="%">
                <IsDisplay displayOrder="2500">true</IsDisplay>
                <IsMonitor>true</IsMonitor>
                <IsEdit>false</IsEdit>
                <DefaultMonitorFreq>min5</DefaultMonitorFreq>
                <SupportMonitorFreq>min1,min5,min10,min30,hour1,hour4,hour8</SupportMonitorFreq>
                <IsAlert>false</IsAlert>
                <DefaultFlapping>1</DefaultFlapping>
                <Thresholds>
                    <Threshold operator="&lt;" defaultvalue="90" stateid="Normal"/>
                    <Threshold operator="&gt;=" defaultvalue="90" stateid="Minor"/>
                    <Threshold operator="&gt;=" defaultvalue="95" stateid="Major"/>
                </Thresholds>
            </Metric>
            <Metric id="DisableObject" style="InformationMetric" name="失效对象" description="失效对象" unit="" isTable="true">
                <IsDisplay displayOrder="499900015">true</IsDisplay>
                <IsMonitor>false</IsMonitor>
                <IsEdit>false</IsEdit>
                <DefaultMonitorFreq>day1</DefaultMonitorFreq>
                <SupportMonitorFreq>hour1,day1</SupportMonitorFreq>
                <IsAlert>false</IsAlert>
                <DefaultFlapping>1</DefaultFlapping>
            </Metric>
            <Metric id="resourceName" style="InformationMetric" name="资源名称" description="资源名称" unit="">
                <IsDisplay displayOrder="401600010">true</IsDisplay>
                <IsMonitor>true</IsMonitor>
                <IsEdit>false</IsEdit>
                <DefaultMonitorFreq>day1</DefaultMonitorFreq>
                <SupportMonitorFreq>hour1,day1</SupportMonitorFreq>
                <IsAlert>false</IsAlert>
                <DefaultFlapping>1</DefaultFlapping>
            </Metric>
            <Metric id="Version" style="InformationMetric" name="数据库版本" description="数据库版本" unit="">
                <IsDisplay displayOrder="401600030">true</IsDisplay>
                <IsMonitor>true</IsMonitor>
                <IsEdit>false</IsEdit>
                <DefaultMonitorFreq>day1</DefaultMonitorFreq>
                <SupportMonitorFreq>hour1,day1</SupportMonitorFreq>
                <IsAlert>false</IsAlert>
                <DefaultFlapping>1</DefaultFlapping>
            </Metric>
            <Metric id="character" style="InformationMetric" name="默认字符集" description="默认字符集" unit="">
                <IsDisplay displayOrder="401600074">true</IsDisplay>
                <IsMonitor>true</IsMonitor>
                <IsEdit>false</IsEdit>
                <DefaultMonitorFreq>day1</DefaultMonitorFreq>
                <SupportMonitorFreq>hour1,day1</SupportMonitorFreq>
                <IsAlert>false</IsAlert>
                <DefaultFlapping>1</DefaultFlapping>
            </Metric>
            <Metric id="bit" style="InformationMetric" name="位数" description="位数" unit="">
                <IsDisplay displayOrder="401600079">true</IsDisplay>
                <IsMonitor>true</IsMonitor>
                <IsEdit>false</IsEdit>
                <DefaultMonitorFreq>day1</DefaultMonitorFreq>
                <SupportMonitorFreq>hour1,day1</SupportMonitorFreq>
                <IsAlert>false</IsAlert>
                <DefaultFlapping>1</DefaultFlapping>
            </Metric>
            <Metric id="Dbausers" style="InformationMetric" name="具有dba权限的用户" description="具有dba权限的用户" unit="">
                <IsDisplay displayOrder="401601030">true</IsDisplay>
                <IsMonitor>true</IsMonitor>
                <IsEdit>false</IsEdit>
                <DefaultMonitorFreq>day1</DefaultMonitorFreq>
                <SupportMonitorFreq>hour1,day1</SupportMonitorFreq>
                <IsAlert>false</IsAlert>
                <DefaultFlapping>1</DefaultFlapping>
            </Metric>
            <Metric id="createdTime" style="InformationMetric" name="数据库创建时间" description="数据库创建时间" unit="">
                <IsDisplay displayOrder="401600077">true</IsDisplay>
                <IsMonitor>true</IsMonitor>
                <IsEdit>false</IsEdit>
                <DefaultMonitorFreq>day1</DefaultMonitorFreq>
                <SupportMonitorFreq>hour1,day1</SupportMonitorFreq>
                <IsAlert>false</IsAlert>
                <DefaultFlapping>1</DefaultFlapping>
            </Metric>
            <Metric id="startupTime" style="InformationMetric" name="数据库启动时间" description="数据库启动时间" unit="">
                <IsDisplay displayOrder="401600078">true</IsDisplay>
                <IsMonitor>true</IsMonitor>
                <IsEdit>false</IsEdit>
                <DefaultMonitorFreq>day1</DefaultMonitorFreq>
                <SupportMonitorFreq>hour1,day1</SupportMonitorFreq>
                <IsAlert>false</IsAlert>
                <DefaultFlapping>1</DefaultFlapping>
            </Metric>
            <Metric id="hostName" style="InformationMetric" name="主机名称" description="主机名称" unit="">
                <IsDisplay displayOrder="401600070">true</IsDisplay>
                <IsMonitor>true</IsMonitor>
                <IsEdit>false</IsEdit>
                <DefaultMonitorFreq>day1</DefaultMonitorFreq>
                <SupportMonitorFreq>hour1,day1</SupportMonitorFreq>
                <IsAlert>false</IsAlert>
                <DefaultFlapping>1</DefaultFlapping>
            </Metric>
            <Metric id="sysUpTime" style="InformationMetric" name="连续运行时间" description="连续运行时间" unit="秒">
                <IsDisplay displayOrder="401500010">true</IsDisplay>
                <IsMonitor>true</IsMonitor>
                <IsEdit>false</IsEdit>
                <DefaultMonitorFreq>hour1</DefaultMonitorFreq>
                <SupportMonitorFreq>hour1,day1</SupportMonitorFreq>
                <IsAlert>false</IsAlert>
                <DefaultFlapping>1</DefaultFlapping>
            </Metric>
            <Metric id="instanceName" style="InformationMetric" name="实例名称" description="实例名称" unit="">
                <IsDisplay displayOrder="401600050">true</IsDisplay>
                <IsMonitor>true</IsMonitor>
                <IsEdit>false</IsEdit>
                <DefaultMonitorFreq>day1</DefaultMonitorFreq>
                <SupportMonitorFreq>hour1,day1</SupportMonitorFreq>
                <IsAlert>false</IsAlert>
                <DefaultFlapping>1</DefaultFlapping>
            </Metric>
            <Metric id="dataBaseName" style="InformationMetric" name="数据库名称" description="数据库名称" unit="">
                <IsDisplay displayOrder="401600060">true</IsDisplay>
                <IsMonitor>true</IsMonitor>
                <IsEdit>false</IsEdit>
                <DefaultMonitorFreq>day1</DefaultMonitorFreq>
                <SupportMonitorFreq>hour1,day1</SupportMonitorFreq>
                <IsAlert>false</IsAlert>
                <DefaultFlapping>1</DefaultFlapping>
            </Metric>
            <Metric id="domainName" style="InformationMetric" name="Domain名称" description="Domain名称" unit="">
                <IsDisplay displayOrder="492900100">true</IsDisplay>
                <IsMonitor>true</IsMonitor>
                <IsEdit>false</IsEdit>
                <DefaultMonitorFreq>day1</DefaultMonitorFreq>
                <SupportMonitorFreq>hour1,day1</SupportMonitorFreq>
                <IsAlert>false</IsAlert>
                <DefaultFlapping>1</DefaultFlapping>
            </Metric>
            <Metric id="openMode" style="InformationMetric" name="open模式" description="open模式" unit="">
                <IsDisplay displayOrder="401600130">true</IsDisplay>
                <IsMonitor>true</IsMonitor>
                <IsEdit>false</IsEdit>
                <DefaultMonitorFreq>day1</DefaultMonitorFreq>
                <SupportMonitorFreq>hour1,day1</SupportMonitorFreq>
                <IsAlert>false</IsAlert>
                <DefaultFlapping>1</DefaultFlapping>
            </Metric>
            <Metric id="sqlTop10CPUTime" style="InformationMetric" name="SQL语句CPU占用TOP10" description="SQL语句CPU占用TOP10" unit="" isTable="true">
                <IsDisplay displayOrder="491990010">true</IsDisplay>
                <IsMonitor>false</IsMonitor>
                <IsEdit>false</IsEdit>
                <DefaultMonitorFreq>day1</DefaultMonitorFreq>
                <SupportMonitorFreq>hour1,day1</SupportMonitorFreq>
                <IsAlert>false</IsAlert>
                <DefaultFlapping>1</DefaultFlapping>
            </Metric>
            <Metric id="sqlTop10DiskReads" style="InformationMetric" name="SQL语句磁盘读次数TOP10" description="SQL语句磁盘读次数TOP10" unit="" isTable="true">
                <IsDisplay displayOrder="491990020">true</IsDisplay>
                <IsMonitor>false</IsMonitor>
                <IsEdit>false</IsEdit>
                <DefaultMonitorFreq>day1</DefaultMonitorFreq>
                <SupportMonitorFreq>hour1,day1</SupportMonitorFreq>
                <IsAlert>false</IsAlert>
                <DefaultFlapping>1</DefaultFlapping>
            </Metric>
            <Metric id="sqlTop10BufferGets" style="InformationMetric" name="SQL语句缓存读次数TOP10" description="SQL语句缓存读次数TOP10" unit="" isTable="true">
                <IsDisplay displayOrder="491990030">true</IsDisplay>
                <IsMonitor>false</IsMonitor>
                <IsEdit>false</IsEdit>
                <DefaultMonitorFreq>day1</DefaultMonitorFreq>
                <SupportMonitorFreq>hour1,day1</SupportMonitorFreq>
                <IsAlert>false</IsAlert>
                <DefaultFlapping>1</DefaultFlapping>
            </Metric>
            <Metric id="sqlTop10ElapseTime" style="InformationMetric" name="SQL语句持续时间TOP10" description="SQL语句持续时间TOP10" unit="" isTable="true">
                <IsDisplay displayOrder="491990040">true</IsDisplay>
                <IsMonitor>false</IsMonitor>
                <IsEdit>false</IsEdit>
                <DefaultMonitorFreq>day1</DefaultMonitorFreq>
                <SupportMonitorFreq>hour1,day1</SupportMonitorFreq>
                <IsAlert>false</IsAlert>
                <DefaultFlapping>1</DefaultFlapping>
            </Metric>
            <Metric id="diskSorts" style="InformationMetric" name="磁盘排序次数" description="磁盘排序次数" unit="次">
                <IsDisplay displayOrder="401400250">true</IsDisplay>
                <IsMonitor>true</IsMonitor>
                <IsEdit>false</IsEdit>
                <DefaultMonitorFreq>day1</DefaultMonitorFreq>
                <SupportMonitorFreq>hour1,day1</SupportMonitorFreq>
                <IsAlert>false</IsAlert>
                <DefaultFlapping>1</DefaultFlapping>
            </Metric>
            <Metric id="memorySorts" style="InformationMetric" name="内存排序次数" description="内存排序次数" unit="次">
                <IsDisplay displayOrder="401400260">true</IsDisplay>
                <IsMonitor>true</IsMonitor>
                <IsEdit>false</IsEdit>
                <DefaultMonitorFreq>min5</DefaultMonitorFreq>
                <SupportMonitorFreq>min1,min5,min10,min30,hour1,hour4,hour8</SupportMonitorFreq>
                <IsAlert>false</IsAlert>
                <DefaultFlapping>1</DefaultFlapping>
            </Metric>
            <Metric id="tranRollbacks" style="InformationMetric" name="事务回滚数" description="事务回滚数" unit="个">
                <IsDisplay displayOrder="401400270">true</IsDisplay>
                <IsMonitor>true</IsMonitor>
                <IsEdit>false</IsEdit>
                <DefaultMonitorFreq>min5</DefaultMonitorFreq>
                <SupportMonitorFreq>min1,min5,min10,min30,hour1,hour4,hour8</SupportMonitorFreq>
                <IsAlert>false</IsAlert>
                <DefaultFlapping>1</DefaultFlapping>
            </Metric>
            <Metric id="tranCommits" style="InformationMetric" name="事务提交数" description="事务提交数" unit="个">
                <IsDisplay displayOrder="401400280">true</IsDisplay>
                <IsMonitor>true</IsMonitor>
                <IsEdit>false</IsEdit>
                <DefaultMonitorFreq>min5</DefaultMonitorFreq>
                <SupportMonitorFreq>min1,min5,min10,min30,hour1,hour4,hour8</SupportMonitorFreq>
                <IsAlert>false</IsAlert>
                <DefaultFlapping>1</DefaultFlapping>
            </Metric>
            <Metric id="largePoolSize" style="InformationMetric" name="大型池" description="大型池" unit="MB">
                <IsDisplay displayOrder="401500050">true</IsDisplay>
                <IsMonitor>true</IsMonitor>
                <IsEdit>false</IsEdit>
                <DefaultMonitorFreq>day1</DefaultMonitorFreq>
                <SupportMonitorFreq>hour1,day1</SupportMonitorFreq>
                <IsAlert>false</IsAlert>
                <DefaultFlapping>1</DefaultFlapping>
            </Metric>
            <Metric id="javaPoolSize" style="InformationMetric" name="java池" description="java池" unit="MB">
                <IsDisplay displayOrder="401500060">true</IsDisplay>
                <IsMonitor>true</IsMonitor>
                <IsEdit>false</IsEdit>
                <DefaultMonitorFreq>day1</DefaultMonitorFreq>
                <SupportMonitorFreq>hour1,day1</SupportMonitorFreq>
                <IsAlert>false</IsAlert>
                <DefaultFlapping>1</DefaultFlapping>
            </Metric>
            <Metric id="logBufferSize" style="InformationMetric" name="日志缓冲池" description="日志缓冲池" unit="MB">
                <IsDisplay displayOrder="401500070">true</IsDisplay>
                <IsMonitor>true</IsMonitor>
                <IsEdit>false</IsEdit>
                <DefaultMonitorFreq>day1</DefaultMonitorFreq>
                <SupportMonitorFreq>hour1,day1</SupportMonitorFreq>
                <IsAlert>false</IsAlert>
                <DefaultFlapping>1</DefaultFlapping>
            </Metric>
            <Metric id="pgaSize" style="InformationMetric" name="PGA" description="PGA" unit="MB">
                <IsDisplay displayOrder="401500090">true</IsDisplay>
                <IsMonitor>true</IsMonitor>
                <IsEdit>false</IsEdit>
                <DefaultMonitorFreq>day1</DefaultMonitorFreq>
                <SupportMonitorFreq>hour1,day1</SupportMonitorFreq>
                <IsAlert>false</IsAlert>
                <DefaultFlapping>1</DefaultFlapping>
            </Metric>
            <Metric id="phyReadRateAltF" style="PerformanceMetric" name="物理读速率" description="物理读速率" unit="块/秒">
                <IsDisplay displayOrder="401400290">true</IsDisplay>
                <IsMonitor>true</IsMonitor>
                <IsEdit>false</IsEdit>
                <DefaultMonitorFreq>min5</DefaultMonitorFreq>
                <SupportMonitorFreq>min1,min5,min10,min30,hour1,hour4,hour8</SupportMonitorFreq>
                <IsAlert>false</IsAlert>
                <DefaultFlapping>1</DefaultFlapping>
                <Thresholds>
                    <Threshold operator="&lt;" defaultvalue="160" stateid="Normal"/>
                    <Threshold operator="&gt;=" defaultvalue="160" stateid="Minor"/>
                    <Threshold operator="&gt;=" defaultvalue="200" stateid="Major"/>
                </Thresholds>
            </Metric>
            <Metric id="phyWriteRateAltF" style="PerformanceMetric" name="物理写速率" description="物理写速率" unit="块/秒">
                <IsDisplay displayOrder="401400300">true</IsDisplay>
                <IsMonitor>true</IsMonitor>
                <IsEdit>false</IsEdit>
                <DefaultMonitorFreq>min5</DefaultMonitorFreq>
                <SupportMonitorFreq>min1,min5,min10,min30,hour1,hour4,hour8</SupportMonitorFreq>
                <IsAlert>false</IsAlert>
                <DefaultFlapping>1</DefaultFlapping>
                <Thresholds>
                    <Threshold operator="&lt;" defaultvalue="160" stateid="Normal"/>
                    <Threshold operator="&gt;=" defaultvalue="160" stateid="Minor"/>
                    <Threshold operator="&gt;=" defaultvalue="200" stateid="Major"/>
                </Thresholds>
            </Metric>
            <Metric id="dbBlockGetsAltF" style="InformationMetric" name="每秒数据块获取数" description="每秒数据块获取数" unit="次/秒">
                <IsDisplay displayOrder="401400190">true</IsDisplay>
                <IsMonitor>true</IsMonitor>
                <IsEdit>false</IsEdit>
                <DefaultMonitorFreq>day1</DefaultMonitorFreq>
                <SupportMonitorFreq>hour1,day1</SupportMonitorFreq>
                <IsAlert>false</IsAlert>
                <DefaultFlapping>1</DefaultFlapping>
            </Metric>
            <Metric id="consistentGetsAltF" style="InformationMetric" name="每秒一致性获取数" description="每秒一致性获取数" unit="次/秒">
                <IsDisplay displayOrder="401400200">true</IsDisplay>
                <IsMonitor>true</IsMonitor>
                <IsEdit>false</IsEdit>
                <DefaultMonitorFreq>day1</DefaultMonitorFreq>
                <SupportMonitorFreq>hour1,day1</SupportMonitorFreq>
                <IsAlert>false</IsAlert>
                <DefaultFlapping>1</DefaultFlapping>
            </Metric>
            <Metric id="sqlParsesAltF" style="PerformanceMetric" name="每秒SQL解析次数" description="每秒SQL解析次数" unit="次/秒">
                <IsDisplay displayOrder="401400210">true</IsDisplay>
                <IsMonitor>true</IsMonitor>
                <IsEdit>false</IsEdit>
                <DefaultMonitorFreq>min5</DefaultMonitorFreq>
                <SupportMonitorFreq>min1,min5,min10,min30,hour1,hour4,hour8</SupportMonitorFreq>
                <IsAlert>false</IsAlert>
                <DefaultFlapping>1</DefaultFlapping>
                <Thresholds>
                    <Threshold operator="&lt;" defaultvalue="100" stateid="Normal"/>
                    <Threshold operator="&gt;=" defaultvalue="100" stateid="Minor"/>
                    <Threshold operator="&gt;=" defaultvalue="200" stateid="Major"/>
                </Thresholds>
            </Metric>
            <Metric id="transactionsAltF" style="PerformanceMetric" name="每秒事务数" description="每秒事务数" unit="次/秒">
                <IsDisplay displayOrder="401400220">true</IsDisplay>
                <IsMonitor>true</IsMonitor>
                <IsEdit>false</IsEdit>
                <DefaultMonitorFreq>min5</DefaultMonitorFreq>
                <SupportMonitorFreq>min1,min5,min10,min30,hour1,hour4,hour8</SupportMonitorFreq>
                <IsAlert>false</IsAlert>
                <DefaultFlapping>1</DefaultFlapping>
                <Thresholds>
                    <Threshold operator="&lt;" defaultvalue="100" stateid="Normal"/>
                    <Threshold operator="&gt;=" defaultvalue="100" stateid="Minor"/>
                    <Threshold operator="&gt;=" defaultvalue="200" stateid="Major"/>
                </Thresholds>
            </Metric>
            <Metric id="phyReadRateAltS" style="InformationMetric" name="物理读总数" description="物理读总数" unit="块">
                <IsDisplay displayOrder="401400295">true</IsDisplay>
                <IsMonitor>true</IsMonitor>
                <IsEdit>false</IsEdit>
                <DefaultMonitorFreq>day1</DefaultMonitorFreq>
                <SupportMonitorFreq>hour1,day1</SupportMonitorFreq>
                <IsAlert>false</IsAlert>
                <DefaultFlapping>1</DefaultFlapping>
            </Metric>
            <Metric id="phyWriteRateAltS" style="InformationMetric" name="物理写总数" description="物理写总数" unit="块">
                <IsDisplay displayOrder="401400305">true</IsDisplay>
                <IsMonitor>true</IsMonitor>
                <IsEdit>false</IsEdit>
                <DefaultMonitorFreq>day1</DefaultMonitorFreq>
                <SupportMonitorFreq>hour1,day1</SupportMonitorFreq>
                <IsAlert>false</IsAlert>
                <DefaultFlapping>1</DefaultFlapping>
            </Metric>
            <Metric id="dbBlockGetsAltS" style="InformationMetric" name="数据获取块总数" description="数据获取块总数" unit="次">
                <IsDisplay displayOrder="401400195">true</IsDisplay>
                <IsMonitor>true</IsMonitor>
                <IsEdit>false</IsEdit>
                <DefaultMonitorFreq>day1</DefaultMonitorFreq>
                <SupportMonitorFreq>hour1,day1</SupportMonitorFreq>
                <IsAlert>false</IsAlert>
                <DefaultFlapping>1</DefaultFlapping>
            </Metric>
            <Metric id="consistentGetsAltS" style="InformationMetric" name="一致性获取总数" description="一致性获取总数" unit="次">
                <IsDisplay displayOrder="401400205">true</IsDisplay>
                <IsMonitor>true</IsMonitor>
                <IsEdit>false</IsEdit>
                <DefaultMonitorFreq>day1</DefaultMonitorFreq>
                <SupportMonitorFreq>hour1,day1</SupportMonitorFreq>
                <IsAlert>false</IsAlert>
                <DefaultFlapping>1</DefaultFlapping>
            </Metric>
            <Metric id="sqlParsesAltS" style="InformationMetric" name="SQL解析总数" description="SQL解析总数" unit="次">
                <IsDisplay displayOrder="401400215">true</IsDisplay>
                <IsMonitor>true</IsMonitor>
                <IsEdit>false</IsEdit>
                <DefaultMonitorFreq>day1</DefaultMonitorFreq>
                <SupportMonitorFreq>hour1,day1</SupportMonitorFreq>
                <IsAlert>false</IsAlert>
                <DefaultFlapping>1</DefaultFlapping>
            </Metric>
            <Metric id="transactionsAltS" style="InformationMetric" name="事务总数" description="事务总数" unit="次">
                <IsDisplay displayOrder="401400225">true</IsDisplay>
                <IsMonitor>true</IsMonitor>
                <IsEdit>false</IsEdit>
                <DefaultMonitorFreq>day1</DefaultMonitorFreq>
                <SupportMonitorFreq>hour1,day1</SupportMonitorFreq>
                <IsAlert>false</IsAlert>
                <DefaultFlapping>1</DefaultFlapping>
            </Metric>
            <Metric id="datafilesTotalSize" style="InformationMetric" name="数据文件总大小" description="数据文件总大小" unit="GB">
                <IsDisplay displayOrder="401600501">true</IsDisplay>
                <IsMonitor>true</IsMonitor>
                <IsEdit>false</IsEdit>
                <DefaultMonitorFreq>day1</DefaultMonitorFreq>
                <SupportMonitorFreq>hour1,day1</SupportMonitorFreq>
                <IsAlert>false</IsAlert>
                <DefaultFlapping>1</DefaultFlapping>
            </Metric>
            <Metric id="redologNumber" style="InformationMetric" name="重做日志组数" description="重做日志组数" unit="个">
                <IsDisplay displayOrder="401600505">true</IsDisplay>
                <IsMonitor>true</IsMonitor>
                <IsEdit>false</IsEdit>
                <DefaultMonitorFreq>day1</DefaultMonitorFreq>
                <SupportMonitorFreq>hour1,day1</SupportMonitorFreq>
                <IsAlert>false</IsAlert>
                <DefaultFlapping>1</DefaultFlapping>
            </Metric>
            <Metric id="redologAvgSize" style="InformationMetric" name="重做日志组大小" description="重做日志组大小" unit="MB">
                <IsDisplay displayOrder="401600510">true</IsDisplay>
                <IsMonitor>true</IsMonitor>
                <IsEdit>false</IsEdit>
                <DefaultMonitorFreq>day1</DefaultMonitorFreq>
                <SupportMonitorFreq>hour1,day1</SupportMonitorFreq>
                <IsAlert>false</IsAlert>
                <DefaultFlapping>1</DefaultFlapping>
            </Metric>
            <Metric id="archivelogTotSize" style="InformationMetric" name="归档日志文件总大小" description="归档日志文件总大小" unit="GB">
                <IsDisplay displayOrder="401600515">true</IsDisplay>
                <IsMonitor>true</IsMonitor>
                <IsEdit>false</IsEdit>
                <DefaultMonitorFreq>day1</DefaultMonitorFreq>
                <SupportMonitorFreq>hour1,day1</SupportMonitorFreq>
                <IsAlert>false</IsAlert>
                <DefaultFlapping>1</DefaultFlapping>
            </Metric>
            <Metric id="archivelogDest" style="InformationMetric" name="归档日志文件路径" description="归档日志文件路径" unit="">
                <IsDisplay displayOrder="401600520">true</IsDisplay>
                <IsMonitor>true</IsMonitor>
                <IsEdit>false</IsEdit>
                <DefaultMonitorFreq>day1</DefaultMonitorFreq>
                <SupportMonitorFreq>hour1,day1</SupportMonitorFreq>
                <IsAlert>false</IsAlert>
                <DefaultFlapping>1</DefaultFlapping>
            </Metric>
            <Metric id="availability" style="AvailabilityMetric" name="实例可用性" description="实例可用性" unit="">
                <IsDisplay displayOrder="401300010">true</IsDisplay>
                <IsMonitor>true</IsMonitor>
                <IsEdit>false</IsEdit>
                <DefaultMonitorFreq>min1</DefaultMonitorFreq>
                <SupportMonitorFreq>sec30,min1,min5,min10,min30,hour1</SupportMonitorFreq>
                <IsAlert>true</IsAlert>
                <DefaultFlapping>2</DefaultFlapping>
            </Metric>
            <Metric id="numberOfTablespase" style="InformationMetric" name="表空间个数" description="表空间个数" unit="个">
                <IsDisplay displayOrder="401500005">true</IsDisplay>
                <IsMonitor>true</IsMonitor>
                <IsEdit>false</IsEdit>
                <DefaultMonitorFreq>day1</DefaultMonitorFreq>
                <SupportMonitorFreq>hour1,day1</SupportMonitorFreq>
                <IsAlert>false</IsAlert>
                <DefaultFlapping>1</DefaultFlapping>
            </Metric>
            <Metric id="numberOfDatafile" style="InformationMetric" name="数据文件个数" description="数据文件个数" unit="个">
                <IsDisplay displayOrder="401500006">true</IsDisplay>
                <IsMonitor>true</IsMonitor>
                <IsEdit>false</IsEdit>
                <DefaultMonitorFreq>day1</DefaultMonitorFreq>
                <SupportMonitorFreq>hour1,day1</SupportMonitorFreq>
                <IsAlert>false</IsAlert>
                <DefaultFlapping>1</DefaultFlapping>
            </Metric>
            <Metric id="logMode" style="InformationMetric" name="归档模式" description="归档模式" unit="">
                <IsDisplay displayOrder="401500078">true</IsDisplay>
                <IsMonitor>true</IsMonitor>
                <IsEdit>false</IsEdit>
                <DefaultMonitorFreq>day1</DefaultMonitorFreq>
                <SupportMonitorFreq>hour1,day1</SupportMonitorFreq>
                <IsAlert>false</IsAlert>
                <DefaultFlapping>1</DefaultFlapping>
            </Metric>
            <Metric id="libCacheHitRate" style="PerformanceMetric" name="库缓存命中率" description="库缓存命中率" unit="%">
                <IsDisplay displayOrder="401400040">true</IsDisplay>
                <IsMonitor>true</IsMonitor>
                <IsEdit>false</IsEdit>
                <DefaultMonitorFreq>min5</DefaultMonitorFreq>
                <SupportMonitorFreq>min1,min5,min10,min30,hour1,hour4,hour8</SupportMonitorFreq>
                <IsAlert>false</IsAlert>
                <DefaultFlapping>1</DefaultFlapping>
                <Thresholds>
                    <Threshold operator="&gt;" defaultvalue="95" stateid="Normal"/>
                    <Threshold operator="&lt;=" defaultvalue="95" stateid="Minor"/>
                    <Threshold operator="&lt;=" defaultvalue="85" stateid="Major"/>
                </Thresholds>
            </Metric>
            <Metric id="bufferCacheHitRate" style="PerformanceMetric" name="高速缓冲缓存命中率" description="高速缓冲缓存命中率" unit="%">
                <IsDisplay displayOrder="401400050">true</IsDisplay>
                <IsMonitor>true</IsMonitor>
                <IsEdit>false</IsEdit>
                <DefaultMonitorFreq>min5</DefaultMonitorFreq>
                <SupportMonitorFreq>min1,min5,min10,min30,hour1,hour4,hour8</SupportMonitorFreq>
                <IsAlert>false</IsAlert>
                <DefaultFlapping>1</DefaultFlapping>
                <Thresholds>
                    <Threshold operator="&gt;" defaultvalue="95" stateid="Normal"/>
                    <Threshold operator="&lt;=" defaultvalue="95" stateid="Minor"/>
                    <Threshold operator="&lt;=" defaultvalue="85" stateid="Major"/>
                </Thresholds>
            </Metric>
            <Metric id="DataDireHitRate" style="PerformanceMetric" name="数据字典缓存命中率" description="数据字典缓存命中率" unit="%">
                <IsDisplay displayOrder="401400055">true</IsDisplay>
                <IsMonitor>true</IsMonitor>
                <IsEdit>false</IsEdit>
                <DefaultMonitorFreq>min5</DefaultMonitorFreq>
                <SupportMonitorFreq>min1,min5,min10,min30,hour1,hour4,hour8</SupportMonitorFreq>
                <IsAlert>false</IsAlert>
                <DefaultFlapping>1</DefaultFlapping>
                <Thresholds>
                    <Threshold operator="&gt;" defaultvalue="95" stateid="Normal"/>
                    <Threshold operator="&lt;=" defaultvalue="95" stateid="Minor"/>
                    <Threshold operator="&lt;=" defaultvalue="85" stateid="Major"/>
                </Thresholds>
            </Metric>
            <Metric id="sortsMEMRate" style="PerformanceMetric" name="内存排序比率" description="内存排序比率" unit="%">
                <IsDisplay displayOrder="401400070">true</IsDisplay>
                <IsMonitor>true</IsMonitor>
                <IsEdit>false</IsEdit>
                <DefaultMonitorFreq>min5</DefaultMonitorFreq>
                <SupportMonitorFreq>min1,min5,min10,min30,hour1,hour4,hour8</SupportMonitorFreq>
                <IsAlert>false</IsAlert>
                <DefaultFlapping>1</DefaultFlapping>
                <Thresholds>
                    <Threshold operator="&gt;" defaultvalue="95" stateid="Normal"/>
                    <Threshold operator="&lt;=" defaultvalue="95" stateid="Minor"/>
                    <Threshold operator="&lt;=" defaultvalue="90" stateid="Major"/>
                </Thresholds>
            </Metric>
            <Metric id="curUserCount" style="PerformanceMetric" name="当前用户连接数" description="当前用户连接数" unit="个">
                <IsDisplay displayOrder="401400040">true</IsDisplay>
                <IsMonitor>true</IsMonitor>
                <IsEdit>false</IsEdit>
                <DefaultMonitorFreq>min5</DefaultMonitorFreq>
                <SupportMonitorFreq>min1,min5,min10,min30,hour1,hour4,hour8</SupportMonitorFreq>
                <IsAlert>false</IsAlert>
                <DefaultFlapping>1</DefaultFlapping>
                <Thresholds>
                    <Threshold operator="&lt;=" defaultvalue="100" stateid="Normal"/>
                    <Threshold operator="&gt;" defaultvalue="200" stateid="Minor"/>
                    <Threshold operator="&gt;" defaultvalue="300" stateid="Major"/>
                </Thresholds>
            </Metric>
            <Metric id="curSessionCount" style="PerformanceMetric" name="会话数" description="会话数" unit="个">
                <IsDisplay displayOrder="401400046">true</IsDisplay>
                <IsMonitor>true</IsMonitor>
                <IsEdit>false</IsEdit>
                <DefaultMonitorFreq>min5</DefaultMonitorFreq>
                <SupportMonitorFreq>min1,min5,min10,min30,hour1,hour4,hour8</SupportMonitorFreq>
                <IsAlert>false</IsAlert>
                <DefaultFlapping>1</DefaultFlapping>
                <Thresholds>
                    <Threshold operator="&lt;=" defaultvalue="400" stateid="Normal"/>
                    <Threshold operator="&gt;" defaultvalue="400" stateid="Minor"/>
                    <Threshold operator="&gt;" defaultvalue="500" stateid="Major"/>
                </Thresholds>
            </Metric>
            <Metric id="curProcessCount" style="InformationMetric" name="数据库服务进程数" description="数据库服务进程数" unit="个">
                <IsDisplay displayOrder="401400110">true</IsDisplay>
                <IsMonitor>true</IsMonitor>
                <IsEdit>false</IsEdit>
                <DefaultMonitorFreq>day1</DefaultMonitorFreq>
                <SupportMonitorFreq>hour1,day1</SupportMonitorFreq>
                <IsAlert>false</IsAlert>
                <DefaultFlapping>1</DefaultFlapping>
            </Metric>
            <Metric id="sessionPerSecond" style="PerformanceMetric" name="每分钟登录会话数" description="每分钟登录会话数" unit="个/分钟">
                <IsDisplay displayOrder="401400090">true</IsDisplay>
                <IsMonitor>true</IsMonitor>
                <IsEdit>false</IsEdit>
                <DefaultMonitorFreq>min5</DefaultMonitorFreq>
                <SupportMonitorFreq>min1,min5,min10,min30,hour1,hour4,hour8</SupportMonitorFreq>
                <IsAlert>false</IsAlert>
                <DefaultFlapping>1</DefaultFlapping>
                <Thresholds>
                    <Threshold operator="&lt;=" defaultvalue="40" stateid="Normal"/>
                    <Threshold operator="&gt;" defaultvalue="40" stateid="Minor"/>
                    <Threshold operator="&gt;" defaultvalue="50" stateid="Major"/>
                </Thresholds>
            </Metric>
            <Metric id="openedCursors" style="PerformanceMetric" name="当前打开的游标数" description="当前打开的游标数" unit="个">
                <IsDisplay displayOrder="401400100">true</IsDisplay>
                <IsMonitor>true</IsMonitor>
                <IsEdit>false</IsEdit>
                <DefaultMonitorFreq>min5</DefaultMonitorFreq>
                <SupportMonitorFreq>min1,min5,min10,min30,hour1,hour4,hour8</SupportMonitorFreq>
                <IsAlert>false</IsAlert>
                <DefaultFlapping>1</DefaultFlapping>
                <Thresholds>
                    <Threshold operator="&lt;=" defaultvalue="1500" stateid="Normal"/>
                    <Threshold operator="&gt;" defaultvalue="1500" stateid="Minor"/>
                    <Threshold operator="&gt;" defaultvalue="2000" stateid="Major"/>
                </Thresholds>
            </Metric>
            <Metric id="blockLockCount" style="PerformanceMetric" name="阻塞锁" description="阻塞锁" unit="个">
                <IsDisplay displayOrder="401400140">true</IsDisplay>
                <IsMonitor>true</IsMonitor>
                <IsEdit>false</IsEdit>
                <DefaultMonitorFreq>min5</DefaultMonitorFreq>
                <SupportMonitorFreq>min1,min5,min10,min30,hour1,hour4,hour8</SupportMonitorFreq>
                <IsAlert>false</IsAlert>
                <DefaultFlapping>1</DefaultFlapping>
                <Thresholds>
                    <Threshold operator="&lt;=" defaultvalue="80" stateid="Normal"/>
                    <Threshold operator="&gt;" defaultvalue="80" stateid="Minor"/>
                    <Threshold operator="&gt;" defaultvalue="100" stateid="Major"/>
                </Thresholds>
            </Metric>
            <Metric id="curLockCount" style="PerformanceMetric" name="锁数量" description="锁数量" unit="个">
                <IsDisplay displayOrder="401400120">true</IsDisplay>
                <IsMonitor>true</IsMonitor>
                <IsEdit>false</IsEdit>
                <DefaultMonitorFreq>min5</DefaultMonitorFreq>
                <SupportMonitorFreq>min1,min5,min10,min30,hour1,hour4,hour8</SupportMonitorFreq>
                <IsAlert>false</IsAlert>
                <DefaultFlapping>1</DefaultFlapping>
                <Thresholds>
                    <Threshold operator="&lt;=" defaultvalue="80" stateid="Normal"/>
                    <Threshold operator="&gt;" defaultvalue="80" stateid="Minor"/>
                    <Threshold operator="&gt;" defaultvalue="100" stateid="Major"/>
                </Thresholds>
            </Metric>
            <Metric id="deadLockCount" style="PerformanceMetric" name="死锁次数" description="死锁次数" unit="次">
                <IsDisplay displayOrder="401400130">true</IsDisplay>
                <IsMonitor>true</IsMonitor>
                <IsEdit>false</IsEdit>
                <DefaultMonitorFreq>min5</DefaultMonitorFreq>
                <SupportMonitorFreq>min1,min5,min10,min30,hour1,hour4,hour8</SupportMonitorFreq>
                <IsAlert>false</IsAlert>
                <DefaultFlapping>1</DefaultFlapping>
                <Thresholds>
                    <Threshold operator="&lt;=" defaultvalue="3" stateid="Normal"/>
                    <Threshold operator="&gt;" defaultvalue="3" stateid="Minor"/>
                    <Threshold operator="&gt;" defaultvalue="5" stateid="Major"/>
                </Thresholds>
            </Metric>
            <Metric id="tranRollbackRate" style="PerformanceMetric" name="事务回滚率" description="事务回滚率" unit="%">
                <IsDisplay displayOrder="401400150">true</IsDisplay>
                <IsMonitor>true</IsMonitor>
                <IsEdit>false</IsEdit>
                <DefaultMonitorFreq>min5</DefaultMonitorFreq>
                <SupportMonitorFreq>min1,min5,min10,min30,hour1,hour4,hour8</SupportMonitorFreq>
                <IsAlert>false</IsAlert>
                <DefaultFlapping>1</DefaultFlapping>
                <Thresholds>
                    <Threshold operator="&lt;" defaultvalue="90" stateid="Normal"/>
                    <Threshold operator="&gt;=" defaultvalue="90" stateid="Minor"/>
                    <Threshold operator="&gt;=" defaultvalue="95" stateid="Major"/>
                </Thresholds>
            </Metric>
            <Metric id="parallelState" style="InformationMetric" name="并行状态" description="并行状态" unit="">
                <IsDisplay displayOrder="401400180">true</IsDisplay>
                <IsMonitor>true</IsMonitor>
                <IsEdit>false</IsEdit>
                <DefaultMonitorFreq>day1</DefaultMonitorFreq>
                <SupportMonitorFreq>hour1,day1</SupportMonitorFreq>
                <IsAlert>false</IsAlert>
                <DefaultFlapping>1</DefaultFlapping>
            </Metric>
            <Metric id="sqlTOP10Rank" style="InformationMetric" name="SQL语句TOP10排名" description="SQL语句TOP10排名" unit="" isTable="true">
                <IsDisplay displayOrder="499100009">false</IsDisplay>
                <IsMonitor>false</IsMonitor>
                <IsEdit>false</IsEdit>
                <DefaultMonitorFreq>day1</DefaultMonitorFreq>
                <SupportMonitorFreq>hour1,day1</SupportMonitorFreq>
                <IsAlert>false</IsAlert>
                <DefaultFlapping>1</DefaultFlapping>
            </Metric>
            <Metric id="tabSpaMaxBlocks" style="InformationMetric" name="最大空闲块" description="最大空闲块" unit="个">
                <IsDisplay displayOrder="401400490">true</IsDisplay>
                <IsMonitor>true</IsMonitor>
                <IsEdit>false</IsEdit>
                <DefaultMonitorFreq>day1</DefaultMonitorFreq>
                <SupportMonitorFreq>hour1,day1</SupportMonitorFreq>
                <IsAlert>false</IsAlert>
                <DefaultFlapping>1</DefaultFlapping>
            </Metric>
            <Metric id="dataFileRWCount" style="InformationMetric" name="数据文件读写次数" description="数据文件读写次数" unit="次">
                <IsDisplay displayOrder="401400500">true</IsDisplay>
                <IsMonitor>true</IsMonitor>
                <IsEdit>false</IsEdit>
                <DefaultMonitorFreq>min5</DefaultMonitorFreq>
                <SupportMonitorFreq>min1,min5,min10,min30,hour1,hour4,hour8</SupportMonitorFreq>
                <IsAlert>false</IsAlert>
                <DefaultFlapping>1</DefaultFlapping>
            </Metric>
            <Metric id="dataFileRWTime" style="InformationMetric" name="数据文件读写时间" description="数据文件读写时间" unit="秒">
                <IsDisplay displayOrder="401400510">true</IsDisplay>
                <IsMonitor>true</IsMonitor>
                <IsEdit>false</IsEdit>
                <DefaultMonitorFreq>min5</DefaultMonitorFreq>
                <SupportMonitorFreq>min1,min5,min10,min30,hour1,hour4,hour8</SupportMonitorFreq>
                <IsAlert>false</IsAlert>
                <DefaultFlapping>1</DefaultFlapping>
            </Metric>
            <Metric id="freeSessionConnNum" style="InformationMetric" name="会话空闲的连接数" description="会话空闲的连接数" unit="个">
                <IsDisplay displayOrder="401400520">true</IsDisplay>
                <IsMonitor>true</IsMonitor>
                <IsEdit>false</IsEdit>
                <DefaultMonitorFreq>day1</DefaultMonitorFreq>
                <SupportMonitorFreq>hour1,day1</SupportMonitorFreq>
                <IsAlert>false</IsAlert>
                <DefaultFlapping>1</DefaultFlapping>
            </Metric>
            <Metric id="appCpuRate" style="PerformanceMetric" name="数据库CPU利用率" description="数据库CPU利用率" unit="%">
                <IsDisplay displayOrder="401400010">true</IsDisplay>
                <IsMonitor>true</IsMonitor>
                <IsEdit>false</IsEdit>
                <DefaultMonitorFreq>min5</DefaultMonitorFreq>
                <SupportMonitorFreq>min1,min5,min10,min30,hour1,hour4,hour8</SupportMonitorFreq>
                <IsAlert>false</IsAlert>
                <DefaultFlapping>1</DefaultFlapping>
                <Thresholds>
                    <Threshold operator="&lt;" defaultvalue="90" stateid="Normal"/>
                    <Threshold operator="&gt;=" defaultvalue="90" stateid="Minor"/>
                    <Threshold operator="&gt;=" defaultvalue="95" stateid="Major"/>
                </Thresholds>
            </Metric>
            <Metric id="appMemRate" style="PerformanceMetric" name="数据库内存利用率" description="数据库内存利用率" unit="%">
                <IsDisplay displayOrder="401400020">true</IsDisplay>
                <IsMonitor>true</IsMonitor>
                <IsEdit>false</IsEdit>
                <DefaultMonitorFreq>min5</DefaultMonitorFreq>
                <SupportMonitorFreq>min1,min5,min10,min30,hour1,hour4,hour8</SupportMonitorFreq>
                <IsAlert>false</IsAlert>
                <DefaultFlapping>1</DefaultFlapping>
                <Thresholds>
                    <Threshold operator="&lt;" defaultvalue="90" stateid="Normal"/>
                    <Threshold operator="&gt;=" defaultvalue="90" stateid="Minor"/>
                    <Threshold operator="&gt;=" defaultvalue="95" stateid="Major"/>
                </Thresholds>
            </Metric>
            <Metric id="dbBufferCacheSize" style="InformationMetric" name="高速缓冲池" description="高速缓冲池" unit="MB">
                <IsDisplay displayOrder="401500030">true</IsDisplay>
                <IsMonitor>true</IsMonitor>
                <IsEdit>false</IsEdit>
                <DefaultMonitorFreq>day1</DefaultMonitorFreq>
                <SupportMonitorFreq>hour1,day1</SupportMonitorFreq>
                <IsAlert>false</IsAlert>
                <DefaultFlapping>1</DefaultFlapping>
            </Metric>
            <Metric id="sharePoolSize" style="InformationMetric" name="共享池" description="共享池" unit="MB">
                <IsDisplay displayOrder="401500040">true</IsDisplay>
                <IsMonitor>true</IsMonitor>
                <IsEdit>false</IsEdit>
                <DefaultMonitorFreq>day1</DefaultMonitorFreq>
                <SupportMonitorFreq>hour1,day1</SupportMonitorFreq>
                <IsAlert>false</IsAlert>
                <DefaultFlapping>1</DefaultFlapping>
            </Metric>
            <Metric id="sgaSize" style="InformationMetric" name="SGA" description="SGA" unit="MB">
                <IsDisplay displayOrder="401500080">true</IsDisplay>
                <IsMonitor>true</IsMonitor>
                <IsEdit>false</IsEdit>
                <DefaultMonitorFreq>day1</DefaultMonitorFreq>
                <SupportMonitorFreq>hour1,day1</SupportMonitorFreq>
                <IsAlert>false</IsAlert>
                <DefaultFlapping>1</DefaultFlapping>
            </Metric>
            <Metric id="pgaHitRate" style="PerformanceMetric" name="PGA命中率" description="PGA命中率" unit="%">
                <IsDisplay displayOrder="401400030">true</IsDisplay>
                <IsMonitor>true</IsMonitor>
                <IsEdit>false</IsEdit>
                <DefaultMonitorFreq>min5</DefaultMonitorFreq>
                <SupportMonitorFreq>min1,min5,min10,min30,hour1,hour4,hour8</SupportMonitorFreq>
                <IsAlert>false</IsAlert>
                <DefaultFlapping>1</DefaultFlapping>
                <Thresholds>
                    <Threshold operator="&gt;" defaultvalue="95" stateid="Normal"/>
                    <Threshold operator="&lt;=" defaultvalue="95" stateid="Minor"/>
                    <Threshold operator="&lt;=" defaultvalue="85" stateid="Major"/>
                </Thresholds>
            </Metric>
            <Metric id="shareMEMRate" style="PerformanceMetric" name="共享内存使用率" description="共享内存使用率" unit="%">
                <IsDisplay displayOrder="401400060">true</IsDisplay>
                <IsMonitor>true</IsMonitor>
                <IsEdit>false</IsEdit>
                <DefaultMonitorFreq>min5</DefaultMonitorFreq>
                <SupportMonitorFreq>min1,min5,min10,min30,hour1,hour4,hour8</SupportMonitorFreq>
                <IsAlert>false</IsAlert>
                <DefaultFlapping>1</DefaultFlapping>
                <Thresholds>
                    <Threshold operator="&lt;" defaultvalue="90" stateid="Normal"/>
                    <Threshold operator="&gt;=" defaultvalue="90" stateid="Minor"/>
                    <Threshold operator="&gt;=" defaultvalue="95" stateid="Major"/>
                </Thresholds>
            </Metric>
            <Metric id="redoLogWaitRate" style="PerformanceMetric" name="重做日志等待率" description="重做日志等待率" unit="%">
                <IsDisplay displayOrder="401400170">true</IsDisplay>
                <IsMonitor>true</IsMonitor>
                <IsEdit>false</IsEdit>
                <DefaultMonitorFreq>min5</DefaultMonitorFreq>
                <SupportMonitorFreq>min1,min5,min10,min30,hour1,hour4,hour8</SupportMonitorFreq>
                <IsAlert>false</IsAlert>
                <DefaultFlapping>1</DefaultFlapping>
                <Thresholds>
                    <Threshold operator="&lt;" defaultvalue="90" stateid="Normal"/>
                    <Threshold operator="&gt;=" defaultvalue="90" stateid="Minor"/>
                    <Threshold operator="&gt;=" defaultvalue="95" stateid="Major"/>
                </Thresholds>
            </Metric>
            <Metric id="dataBaseSize" style="InformationMetric" name="数据库大小" description="数据库大小" unit="MB">
                <IsDisplay displayOrder="401500020">true</IsDisplay>
                <IsMonitor>true</IsMonitor>
                <IsEdit>false</IsEdit>
                <DefaultMonitorFreq>day1</DefaultMonitorFreq>
                <SupportMonitorFreq>hour1,day1</SupportMonitorFreq>
                <IsAlert>false</IsAlert>
                <DefaultFlapping>1</DefaultFlapping>
            </Metric>
            <Metric id="OraclesInstanceID" style="InformationMetric" name="资源实例ID" description="资源实例ID" unit="">
                <IsDisplay displayOrder="1500">false</IsDisplay>
                <IsMonitor>false</IsMonitor>
                <IsEdit>false</IsEdit>
                <DefaultMonitorFreq>hour1</DefaultMonitorFreq>
                <SupportMonitorFreq>hour1,day1</SupportMonitorFreq>
                <IsAlert>false</IsAlert>
                <DefaultFlapping>1</DefaultFlapping>
            </Metric>
            <Metric id="SessionInfo" style="InformationMetric" name="会话" description="会话" unit="" isTable="true">
                <IsDisplay displayOrder="499900010">false</IsDisplay>
                <IsMonitor>false</IsMonitor>
                <IsEdit>false</IsEdit>
                <DefaultMonitorFreq>day1</DefaultMonitorFreq>
                <SupportMonitorFreq>hour1,day1</SupportMonitorFreq>
                <IsAlert>false</IsAlert>
                <DefaultFlapping>1</DefaultFlapping>
            </Metric>
            <Metric id="SessionEvent" style="InformationMetric" name="非空闲等待事件" description="非空闲等待事件" unit="" isTable="true">
                <IsDisplay displayOrder="499900011">false</IsDisplay>
                <IsMonitor>false</IsMonitor>
                <IsEdit>false</IsEdit>
                <DefaultMonitorFreq>day1</DefaultMonitorFreq>
                <SupportMonitorFreq>hour1,day1</SupportMonitorFreq>
                <IsAlert>false</IsAlert>
                <DefaultFlapping>1</DefaultFlapping>
            </Metric>
            <Metric id="Rollback" style="InformationMetric" name="回滚" description="回滚" unit="" isTable="true">
                <IsDisplay displayOrder="499900012">true</IsDisplay>
                <IsMonitor>false</IsMonitor>
                <IsEdit>false</IsEdit>
                <DefaultMonitorFreq>day1</DefaultMonitorFreq>
                <SupportMonitorFreq>hour1,day1</SupportMonitorFreq>
                <IsAlert>false</IsAlert>
                <DefaultFlapping>1</DefaultFlapping>
            </Metric>
            <Metric id="OperatingSystem" style="InformationMetric" name="操作系统" description="操作系统" unit="">
                <IsDisplay displayOrder="100">true</IsDisplay>
                <IsMonitor>true</IsMonitor>
                <DefaultMonitorFreq>day1</DefaultMonitorFreq>
                <IsEdit>false</IsEdit>
                <SupportMonitorFreq>hour1,day1</SupportMonitorFreq>
                <IsAlert>false</IsAlert>
                <DefaultFlapping>1</DefaultFlapping>
            </Metric>
            <Metric id="totalMemSize" style="InformationMetric" name="内存总容量" description="内存总容量" unit="KB">
                <IsDisplay displayOrder="100">true</IsDisplay>
                <IsMonitor>true</IsMonitor>
                <DefaultMonitorFreq>day1</DefaultMonitorFreq>
                <IsEdit>false</IsEdit>
                <SupportMonitorFreq>hour1,day1</SupportMonitorFreq>
                <IsAlert>false</IsAlert>
                <DefaultFlapping>1</DefaultFlapping>
            </Metric>
            <Metric id="dataBaseCharacter" style="InformationMetric" name="数据库字符集" description="数据库字符集" unit="">
                <IsDisplay displayOrder="110">true</IsDisplay>
                <IsMonitor>true</IsMonitor>
                <DefaultMonitorFreq>day1</DefaultMonitorFreq>
                <IsEdit>false</IsEdit>
                <SupportMonitorFreq>hour1,day1</SupportMonitorFreq>
                <IsAlert>false</IsAlert>
                <DefaultFlapping>1</DefaultFlapping>
            </Metric>
            <Metric id="dataBaseBlockSize" style="InformationMetric" name="数据库块大小" description="数据库块大小" unit="KB">
                <IsDisplay displayOrder="120">true</IsDisplay>
                <IsMonitor>true</IsMonitor>
                <DefaultMonitorFreq>min30</DefaultMonitorFreq>
                <IsEdit>false</IsEdit>
                <SupportMonitorFreq>min1,min5,min10,min30,hour1,hour4,hour8</SupportMonitorFreq>
                <IsAlert>false</IsAlert>
                <DefaultFlapping>1</DefaultFlapping>
            </Metric>
            <Metric id="deadlockTable" style="InformationMetric" name="死锁进程表" description="死锁进程表" unit="" isTable="true">
                <IsDisplay displayOrder="1510">true</IsDisplay>
                <IsMonitor>false</IsMonitor>
                <IsEdit>false</IsEdit>
                <DefaultMonitorFreq>day1</DefaultMonitorFreq>
                <SupportMonitorFreq>hour1,day1</SupportMonitorFreq>
                <IsAlert>false</IsAlert>
                <DefaultFlapping>1</DefaultFlapping>
            </Metric>
        </Metrics>
        <Properties>
            <Property id="hostName" name="hostName" metricid="hostName"/>
            <Property id="OraclesInstanceID" name="OraclesInstanceID" metricid="OraclesInstanceID"/>
            <Property id="totalMemSize" name="totalMemSize" metricid="totalMemSize"/>
        </Properties>
        <Instantiation InstanceId="OraclesInstanceID" InstanceName="OraclesInstanceID"/>
    </Resource>
    <Resource id="Oracle12cDataFile" type="DataFile" icon="" name="数据文件" description="数据文件" parentid="Oracle12c">
        <Metrics>
            <Metric id="dataFileId" style="InformationMetric" name="数据文件ID" description="数据文件ID" unit="">
                <IsDisplay displayOrder="2010">false</IsDisplay>
                <IsMonitor>false</IsMonitor>
                <IsEdit>false</IsEdit>
                <DefaultMonitorFreq>day1</DefaultMonitorFreq>
                <SupportMonitorFreq>hour1,day1</SupportMonitorFreq>
                <IsAlert>false</IsAlert>
                <DefaultFlapping>1</DefaultFlapping>
            </Metric>
            <Metric id="dataFileName" style="InformationMetric" name="数据文件名称" description="数据文件名称" unit="">
                <IsDisplay displayOrder="2011">false</IsDisplay>
                <IsMonitor>true</IsMonitor>
                <IsEdit>false</IsEdit>
                <DefaultMonitorFreq>day1</DefaultMonitorFreq>
                <SupportMonitorFreq>hour1,day1</SupportMonitorFreq>
                <IsAlert>false</IsAlert>
                <DefaultFlapping>1</DefaultFlapping>
            </Metric>
            <Metric id="dfautoExtend" style="InformationMetric" name="是否自动扩展" description="是否自动扩展" unit="">
                <IsDisplay displayOrder="2012">true</IsDisplay>
                <IsMonitor>true</IsMonitor>
                <IsEdit>false</IsEdit>
                <DefaultMonitorFreq>day1</DefaultMonitorFreq>
                <SupportMonitorFreq>hour1,day1</SupportMonitorFreq>
                <IsAlert>false</IsAlert>
                <DefaultFlapping>1</DefaultFlapping>
            </Metric>
            <Metric id="dataFileSize" style="PerformanceMetric" name="数据文件大小" description="数据文件大小" unit="MB">
                <IsDisplay displayOrder="2013">true</IsDisplay>
                <IsMonitor>true</IsMonitor>
                <IsEdit>false</IsEdit>
                <DefaultMonitorFreq>min5</DefaultMonitorFreq>
                <SupportMonitorFreq>min1,min5,min10,min30,hour1,hour4,hour8</SupportMonitorFreq>
                <IsAlert>false</IsAlert>
                <DefaultFlapping>1</DefaultFlapping>
                <Thresholds>
                    <Threshold operator="&lt;=" defaultvalue="29491" stateid="Normal"/>
                    <Threshold operator="&gt;" defaultvalue="29491" stateid="Minor"/>
                    <Threshold operator="&gt;" defaultvalue="31129" stateid="Major"/>
                </Thresholds>
            </Metric>
            <Metric id="dataFileUsedSize" style="InformationMetric" name="数据文件已用空间" description="数据文件已用空间" unit="MB">
                <IsDisplay displayOrder="2014">true</IsDisplay>
                <IsMonitor>true</IsMonitor>
                <IsEdit>false</IsEdit>
                <DefaultMonitorFreq>day1</DefaultMonitorFreq>
                <SupportMonitorFreq>hour1,day1</SupportMonitorFreq>
                <IsAlert>false</IsAlert>
                <DefaultFlapping>1</DefaultFlapping>
            </Metric>
            <Metric id="dfPhyReadRateAltF" style="PerformanceMetric" name="物理读速率" description="物理读速率" unit="块/秒">
                <IsDisplay displayOrder="2015">true</IsDisplay>
                <IsMonitor>true</IsMonitor>
                <IsEdit>false</IsEdit>
                <DefaultMonitorFreq>min5</DefaultMonitorFreq>
                <SupportMonitorFreq>min1,min5,min10,min30,hour1,hour4,hour8</SupportMonitorFreq>
                <IsAlert>false</IsAlert>
                <DefaultFlapping>1</DefaultFlapping>
                <Thresholds>
                    <Threshold operator="&lt;=" defaultvalue="80" stateid="Normal"/>
                    <Threshold operator="&gt;" defaultvalue="80" stateid="Minor"/>
                    <Threshold operator="&gt;" defaultvalue="100" stateid="Major"/>
                </Thresholds>
            </Metric>
            <Metric id="dfPhyWriteRateAltF" style="PerformanceMetric" name="物理写速率" description="物理写速率" unit="块/秒">
                <IsDisplay displayOrder="2016">true</IsDisplay>
                <IsMonitor>true</IsMonitor>
                <IsEdit>false</IsEdit>
                <DefaultMonitorFreq>min5</DefaultMonitorFreq>
                <SupportMonitorFreq>min1,min5,min10,min30,hour1,hour4,hour8</SupportMonitorFreq>
                <IsAlert>false</IsAlert>
                <DefaultFlapping>1</DefaultFlapping>
                <Thresholds>
                    <Threshold operator="&lt;=" defaultvalue="80" stateid="Normal"/>
                    <Threshold operator="&gt;" defaultvalue="80" stateid="Minor"/>
                    <Threshold operator="&gt;" defaultvalue="100" stateid="Major"/>
                </Thresholds>
            </Metric>
            <Metric id="dataFileAvail" style="AvailabilityMetric" name="数据文件状态" description="数据文件状态" unit="">
                <IsDisplay displayOrder="2000">true</IsDisplay>
                <IsMonitor>true</IsMonitor>
                <IsEdit>false</IsEdit>
                <DefaultMonitorFreq>min1</DefaultMonitorFreq>
                <SupportMonitorFreq>sec30,min1,min5,min10,min30,hour1</SupportMonitorFreq>
                <IsAlert>false</IsAlert>
                <DefaultFlapping>2</DefaultFlapping>
            </Metric>
            <Metric id="dataFileRiseRate" style="PerformanceMetric" name="数据文件增长率" description="数据文件增长率" unit="%">
                <IsDisplay displayOrder="2003">true</IsDisplay>
                <IsMonitor>true</IsMonitor>
                <IsEdit>false</IsEdit>
                <DefaultMonitorFreq>min5</DefaultMonitorFreq>
                <SupportMonitorFreq>min1,min5,min10,min30,hour1,hour4,hour8</SupportMonitorFreq>
                <IsAlert>false</IsAlert>
                <DefaultFlapping>1</DefaultFlapping>
                <Thresholds>
                    <Threshold operator="&lt;" defaultvalue="90" stateid="Normal"/>
                    <Threshold operator="&gt;=" defaultvalue="90" stateid="Minor"/>
                    <Threshold operator="&gt;=" defaultvalue="95" stateid="Major"/>
                </Thresholds>
            </Metric>
            <Metric id="dataFileUtil" style="PerformanceMetric" name="数据文件利用率" description="数据文件利用率" unit="%">
                <IsDisplay displayOrder="2004">true</IsDisplay>
                <IsMonitor>true</IsMonitor>
                <IsEdit>false</IsEdit>
                <DefaultMonitorFreq>min5</DefaultMonitorFreq>
                <SupportMonitorFreq>min1,min5,min10,min30,hour1,hour4,hour8</SupportMonitorFreq>
                <IsAlert>false</IsAlert>
                <DefaultFlapping>1</DefaultFlapping>
                <Thresholds>
                    <Threshold operator="&lt;" defaultvalue="90" stateid="Normal"/>
                    <Threshold operator="&gt;=" defaultvalue="90" stateid="Minor"/>
                    <Threshold operator="&gt;=" defaultvalue="95" stateid="Major"/>
                </Thresholds>
            </Metric>
        </Metrics>
        <Properties>
            <Property id="dataFileId" name="dataFileId" metricid="dataFileId"/>
            <Property id="dataFileName" name="dataFileName" metricid="dataFileName"/>
        </Properties>
        <Instantiation InstanceId="dataFileId" InstanceName="dataFileName"/>
    </Resource>
    <Resource id="Oracle12cDatabaseProcess" type="OracleProcess" icon="" name="后台进程" description="后台进程" parentid="Oracle12c">
        <Metrics>
            <Metric id="proPocessName" style="InformationMetric" name="进程名称" description="进程名称" unit="">
                <IsDisplay displayOrder="2017">false</IsDisplay>
                <IsMonitor>false</IsMonitor>
                <IsEdit>false</IsEdit>
                <DefaultMonitorFreq>day1</DefaultMonitorFreq>
                <SupportMonitorFreq>hour1,day1</SupportMonitorFreq>
                <IsAlert>false</IsAlert>
                <DefaultFlapping>1</DefaultFlapping>
            </Metric>
            <Metric id="proInstanceName" style="InformationMetric" name="进程实例名称" description="进程实例名称" unit="">
                <IsDisplay displayOrder="2018">true</IsDisplay>
                <IsMonitor>true</IsMonitor>
                <IsEdit>false</IsEdit>
                <DefaultMonitorFreq>day1</DefaultMonitorFreq>
                <SupportMonitorFreq>hour1,day1</SupportMonitorFreq>
                <IsAlert>false</IsAlert>
                <DefaultFlapping>1</DefaultFlapping>
            </Metric>
            <Metric id="proProcessDesc" style="InformationMetric" name="进程描述" description="进程描述" unit="">
                <IsDisplay displayOrder="2019">true</IsDisplay>
                <IsMonitor>true</IsMonitor>
                <IsEdit>false</IsEdit>
                <DefaultMonitorFreq>day1</DefaultMonitorFreq>
                <SupportMonitorFreq>hour1,day1</SupportMonitorFreq>
                <IsAlert>false</IsAlert>
                <DefaultFlapping>1</DefaultFlapping>
            </Metric>
            <Metric id="proProcessStatus" style="AvailabilityMetric" name="进程状态" description="进程状态" unit="">
                <IsDisplay displayOrder="2001">true</IsDisplay>
                <IsMonitor>true</IsMonitor>
                <IsEdit>false</IsEdit>
                <DefaultMonitorFreq>min1</DefaultMonitorFreq>
                <SupportMonitorFreq>sec30,min1,min5,min10,min30,hour1</SupportMonitorFreq>
                <IsAlert>false</IsAlert>
                <DefaultFlapping>2</DefaultFlapping>
            </Metric>
        </Metrics>
        <Properties>
            <Property id="proPocessName" name="proPocessName" metricid="proPocessName"/>
        </Properties>
        <Instantiation InstanceId="proPocessName" InstanceName="proPocessName"/>
    </Resource>
    <Resource id="Oracle12cDbFileSystem" type="FileSystem" icon="" name="文件系统" description="文件系统" parentid="Oracle12c">
        <Metrics>
            <Metric id="fileSystemName" style="InformationMetric" name="文件系统名称" description="文件系统名称" unit="">
                <IsDisplay displayOrder="2020">false</IsDisplay>
                <IsMonitor>false</IsMonitor>
                <IsEdit>false</IsEdit>
                <DefaultMonitorFreq>day1</DefaultMonitorFreq>
                <SupportMonitorFreq>hour1,day1</SupportMonitorFreq>
                <IsAlert>false</IsAlert>
                <DefaultFlapping>1</DefaultFlapping>
            </Metric>
            <Metric id="fileSystemType" style="InformationMetric" name="文件类型" description="文件类型" unit="">
                <IsDisplay displayOrder="2021">true</IsDisplay>
                <IsMonitor>true</IsMonitor>
                <IsEdit>false</IsEdit>
                <DefaultMonitorFreq>day1</DefaultMonitorFreq>
                <SupportMonitorFreq>hour1,day1</SupportMonitorFreq>
                <IsAlert>false</IsAlert>
                <DefaultFlapping>1</DefaultFlapping>
            </Metric>
        </Metrics>
        <Properties>
            <Property id="fileSystemName" name="fileSystemName" metricid="fileSystemName"/>
        </Properties>
        <Instantiation InstanceId="fileSystemName" InstanceName="fileSystemName"/>
    </Resource>
    <Resource id="Oracle12cJob" type="Job" icon="" name="作业" description="作业" parentid="Oracle12c">
        <Metrics>
            <Metric id="jobId" style="InformationMetric" name="作业ID" description="作业ID" unit="">
                <IsDisplay displayOrder="2022">false</IsDisplay>
                <IsMonitor>false</IsMonitor>
                <IsEdit>false</IsEdit>
                <DefaultMonitorFreq>day1</DefaultMonitorFreq>
                <SupportMonitorFreq>hour1,day1</SupportMonitorFreq>
                <IsAlert>false</IsAlert>
                <DefaultFlapping>1</DefaultFlapping>
            </Metric>
            <Metric id="jobIsOff" style="InformationMetric" name="是否断开" description="是否断开" unit="">
                <IsDisplay displayOrder="2023">true</IsDisplay>
                <IsMonitor>true</IsMonitor>
                <IsEdit>false</IsEdit>
                <DefaultMonitorFreq>day1</DefaultMonitorFreq>
                <SupportMonitorFreq>hour1,day1</SupportMonitorFreq>
                <IsAlert>false</IsAlert>
                <DefaultFlapping>1</DefaultFlapping>
            </Metric>
            <Metric id="jobFailNum" style="InformationMetric" name="失败次数" description="失败次数" unit="次">
                <IsDisplay displayOrder="2024">true</IsDisplay>
                <IsMonitor>true</IsMonitor>
                <IsEdit>false</IsEdit>
                <DefaultMonitorFreq>day1</DefaultMonitorFreq>
                <SupportMonitorFreq>hour1,day1</SupportMonitorFreq>
                <IsAlert>false</IsAlert>
                <DefaultFlapping>1</DefaultFlapping>
            </Metric>
            <Metric id="jobInstanceName" style="InformationMetric" name="可执行或正在执行任务实例的ID" description="可执行或正在执行任务实例的ID" unit="">
                <IsDisplay displayOrder="2025">true</IsDisplay>
                <IsMonitor>true</IsMonitor>
                <IsEdit>false</IsEdit>
                <DefaultMonitorFreq>day1</DefaultMonitorFreq>
                <SupportMonitorFreq>hour1,day1</SupportMonitorFreq>
                <IsAlert>false</IsAlert>
                <DefaultFlapping>1</DefaultFlapping>
            </Metric>
            <Metric id="jobLastOperSucTime" style="InformationMetric" name="上次成功执行日期" description="上次成功执行日期" unit="">
                <IsDisplay displayOrder="2026">true</IsDisplay>
                <IsMonitor>true</IsMonitor>
                <IsEdit>false</IsEdit>
                <DefaultMonitorFreq>day1</DefaultMonitorFreq>
                <SupportMonitorFreq>hour1,day1</SupportMonitorFreq>
                <IsAlert>false</IsAlert>
                <DefaultFlapping>1</DefaultFlapping>
            </Metric>
            <Metric id="jobLastOperStaTime" style="InformationMetric" name="上次执行开始时间" description="上次执行开始时间" unit="">
                <IsDisplay displayOrder="2027">true</IsDisplay>
                <IsMonitor>true</IsMonitor>
                <IsEdit>false</IsEdit>
                <DefaultMonitorFreq>day1</DefaultMonitorFreq>
                <SupportMonitorFreq>hour1,day1</SupportMonitorFreq>
                <IsAlert>false</IsAlert>
                <DefaultFlapping>1</DefaultFlapping>
            </Metric>
            <Metric id="jobNextOperDate" style="InformationMetric" name="下次执行日期" description="下次执行日期" unit="">
                <IsDisplay displayOrder="2028">true</IsDisplay>
                <IsMonitor>true</IsMonitor>
                <IsEdit>false</IsEdit>
                <DefaultMonitorFreq>day1</DefaultMonitorFreq>
                <SupportMonitorFreq>hour1,day1</SupportMonitorFreq>
                <IsAlert>false</IsAlert>
                <DefaultFlapping>1</DefaultFlapping>
            </Metric>
            <Metric id="jobNextOperTime" style="InformationMetric" name="下次执行时间" description="下次执行时间" unit="">
                <IsDisplay displayOrder="2029">true</IsDisplay>
                <IsMonitor>true</IsMonitor>
                <IsEdit>false</IsEdit>
                <DefaultMonitorFreq>day1</DefaultMonitorFreq>
                <SupportMonitorFreq>hour1,day1</SupportMonitorFreq>
                <IsAlert>false</IsAlert>
                <DefaultFlapping>1</DefaultFlapping>
            </Metric>
            <Metric id="jobRunTotalTime" style="InformationMetric" name="运行总时长" description="运行总时长" unit="秒">
                <IsDisplay displayOrder="2030">true</IsDisplay>
                <IsMonitor>true</IsMonitor>
                <IsEdit>false</IsEdit>
                <DefaultMonitorFreq>day1</DefaultMonitorFreq>
                <SupportMonitorFreq>hour1,day1</SupportMonitorFreq>
                <IsAlert>false</IsAlert>
                <DefaultFlapping>1</DefaultFlapping>
            </Metric>
            <Metric id="jobLogUser" style="InformationMetric" name="日志用户" description="日志用户" unit="">
                <IsDisplay displayOrder="2031">true</IsDisplay>
                <IsMonitor>true</IsMonitor>
                <IsEdit>false</IsEdit>
                <DefaultMonitorFreq>day1</DefaultMonitorFreq>
                <SupportMonitorFreq>hour1,day1</SupportMonitorFreq>
                <IsAlert>false</IsAlert>
                <DefaultFlapping>1</DefaultFlapping>
            </Metric>
            <Metric id="jobPriUser" style="InformationMetric" name="私有用户" description="私有用户" unit="">
                <IsDisplay displayOrder="2032">true</IsDisplay>
                <IsMonitor>true</IsMonitor>
                <IsEdit>false</IsEdit>
                <DefaultMonitorFreq>day1</DefaultMonitorFreq>
                <SupportMonitorFreq>hour1,day1</SupportMonitorFreq>
                <IsAlert>false</IsAlert>
                <DefaultFlapping>1</DefaultFlapping>
            </Metric>
            <Metric id="jobSchemaUser" style="InformationMetric" name="Schema用户" description="Schema用户" unit="">
                <IsDisplay displayOrder="2033">true</IsDisplay>
                <IsMonitor>true</IsMonitor>
                <IsEdit>false</IsEdit>
                <DefaultMonitorFreq>day1</DefaultMonitorFreq>
                <SupportMonitorFreq>hour1,day1</SupportMonitorFreq>
                <IsAlert>false</IsAlert>
                <DefaultFlapping>1</DefaultFlapping>
            </Metric>
        </Metrics>
        <Properties>
            <Property id="jobId" name="jobId" metricid="jobId"/>
        </Properties>
        <Instantiation InstanceId="jobId" InstanceName="jobId"/>
    </Resource>
    <Resource id="Oracle12cLogFile" type="LogFile" icon="" name="日志文件" description="日志文件" parentid="Oracle12c">
        <Metrics>
            <Metric id="logGroupFileSize" style="InformationMetric" name="日志文件大小" description="日志文件大小" unit="Byte">
                <IsDisplay displayOrder="2035">true</IsDisplay>
                <IsMonitor>true</IsMonitor>
                <IsEdit>false</IsEdit>
                <DefaultMonitorFreq>day1</DefaultMonitorFreq>
                <SupportMonitorFreq>hour1,day1</SupportMonitorFreq>
                <IsAlert>false</IsAlert>
                <DefaultFlapping>1</DefaultFlapping>
            </Metric>
            <Metric id="logGroupFileName" style="InformationMetric" name="日志文件名称" description="日志文件名称" unit="">
                <IsDisplay displayOrder="2036">false</IsDisplay>
                <IsMonitor>true</IsMonitor>
                <IsEdit>false</IsEdit>
                <DefaultMonitorFreq>day1</DefaultMonitorFreq>
                <SupportMonitorFreq>hour1,day1</SupportMonitorFreq>
                <IsAlert>false</IsAlert>
                <DefaultFlapping>1</DefaultFlapping>
            </Metric>
            <Metric id="logGroupArchive" style="InformationMetric" name="是否归档" description="是否归档" unit="">
                <IsDisplay displayOrder="2037">true</IsDisplay>
                <IsMonitor>true</IsMonitor>
                <IsEdit>false</IsEdit>
                <DefaultMonitorFreq>day1</DefaultMonitorFreq>
                <SupportMonitorFreq>hour1,day1</SupportMonitorFreq>
                <IsAlert>false</IsAlert>
                <DefaultFlapping>1</DefaultFlapping>
            </Metric>
            <Metric id="logGroupStatus" style="InformationMetric" name="日志文件状态" description="日志文件状态" unit="">
                <IsDisplay displayOrder="2038">true</IsDisplay>
                <IsMonitor>true</IsMonitor>
                <IsEdit>false</IsEdit>
                <DefaultMonitorFreq>min5</DefaultMonitorFreq>
                <SupportMonitorFreq>min1,min5,min10,min30,hour1,hour4,hour8</SupportMonitorFreq>
                <IsAlert>false</IsAlert>
                <DefaultFlapping>1</DefaultFlapping>
            </Metric>
            <Metric id="logGroupFirChange" style="InformationMetric" name="第一次改变系统检查点号" description="第一次改变系统检查点号" unit="">
                <IsDisplay displayOrder="2039">true</IsDisplay>
                <IsMonitor>true</IsMonitor>
                <IsEdit>false</IsEdit>
                <DefaultMonitorFreq>day1</DefaultMonitorFreq>
                <SupportMonitorFreq>hour1,day1</SupportMonitorFreq>
                <IsAlert>false</IsAlert>
                <DefaultFlapping>1</DefaultFlapping>
            </Metric>
            <Metric id="logGroupFirTime" style="InformationMetric" name="第一次改变时间" description="第一次改变时间" unit="">
                <IsDisplay displayOrder="2040">true</IsDisplay>
                <IsMonitor>true</IsMonitor>
                <IsEdit>false</IsEdit>
                <DefaultMonitorFreq>day1</DefaultMonitorFreq>
                <SupportMonitorFreq>hour1,day1</SupportMonitorFreq>
                <IsAlert>false</IsAlert>
                <DefaultFlapping>1</DefaultFlapping>
            </Metric>
        </Metrics>
        <Properties>
            <Property id="logGroupFileName" name="logGroupFileName" metricid="logGroupFileName"/>
        </Properties>
        <Instantiation InstanceId="logGroupFileName" InstanceName="logGroupFileName"/>
    </Resource>
    <Resource id="Oracle12cTableSpace" type="TableSpace" icon="" name="表空间" description="表空间" parentid="Oracle12c">
        <Metrics>
            <Metric id="tableSpaceName" style="InformationMetric" name="表空间名称" description="表空间名称" unit="">
                <IsDisplay displayOrder="2064">false</IsDisplay>
                <IsMonitor>false</IsMonitor>
                <IsEdit>false</IsEdit>
                <DefaultMonitorFreq>day1</DefaultMonitorFreq>
                <SupportMonitorFreq>hour1,day1</SupportMonitorFreq>
                <IsAlert>false</IsAlert>
                <DefaultFlapping>1</DefaultFlapping>
            </Metric>
            <Metric id="tableSpaceSize" style="InformationMetric" name="表空间大小" description="表空间大小" unit="MB">
                <IsDisplay displayOrder="2065">true</IsDisplay>
                <IsMonitor>true</IsMonitor>
                <IsEdit>false</IsEdit>
                <DefaultMonitorFreq>day1</DefaultMonitorFreq>
                <SupportMonitorFreq>hour1,day1</SupportMonitorFreq>
                <IsAlert>false</IsAlert>
                <DefaultFlapping>1</DefaultFlapping>
            </Metric>
            <Metric id="tableSpaceUsedSize" style="InformationMetric" name="表空间已用空间" description="表空间已用空间" unit="MB">
                <IsDisplay displayOrder="2066">true</IsDisplay>
                <IsMonitor>true</IsMonitor>
                <IsEdit>false</IsEdit>
                <DefaultMonitorFreq>day1</DefaultMonitorFreq>
                <SupportMonitorFreq>hour1,day1</SupportMonitorFreq>
                <IsAlert>false</IsAlert>
                <DefaultFlapping>1</DefaultFlapping>
            </Metric>
            <Metric id="tableSpaceDataFile" style="InformationMetric" name="数据文件" description="数据文件" unit="">
                <IsDisplay displayOrder="2067">true</IsDisplay>
                <IsMonitor>true</IsMonitor>
                <IsEdit>false</IsEdit>
                <DefaultMonitorFreq>day1</DefaultMonitorFreq>
                <SupportMonitorFreq>hour1,day1</SupportMonitorFreq>
                <IsAlert>false</IsAlert>
                <DefaultFlapping>1</DefaultFlapping>
            </Metric>
            <Metric id="tableSpaceAvail" style="AvailabilityMetric" name="表空间状态" description="表空间状态" unit="">
                <IsDisplay displayOrder="2002">true</IsDisplay>
                <IsMonitor>true</IsMonitor>
                <IsEdit>false</IsEdit>
                <DefaultMonitorFreq>min1</DefaultMonitorFreq>
                <SupportMonitorFreq>sec30,min1,min5,min10,min30,hour1</SupportMonitorFreq>
                <IsAlert>false</IsAlert>
                <DefaultFlapping>2</DefaultFlapping>
            </Metric>
            <Metric id="tableSpaceRiseRate" style="PerformanceMetric" name="表空间增长率" description="表空间增长率" unit="%">
                <IsDisplay displayOrder="2007">true</IsDisplay>
                <IsMonitor>true</IsMonitor>
                <IsEdit>false</IsEdit>
                <DefaultMonitorFreq>min5</DefaultMonitorFreq>
                <SupportMonitorFreq>min1,min5,min10,min30,hour1,hour4,hour8</SupportMonitorFreq>
                <IsAlert>false</IsAlert>
                <DefaultFlapping>1</DefaultFlapping>
                <Thresholds>
                    <Threshold operator="&lt;" defaultvalue="90" stateid="Normal"/>
                    <Threshold operator="&gt;=" defaultvalue="90" stateid="Minor"/>
                    <Threshold operator="&gt;=" defaultvalue="95" stateid="Major"/>
                </Thresholds>
            </Metric>
            <Metric id="tableSpaceUtil" style="PerformanceMetric" name="表空间利用率" description="表空间利用率" unit="%">
                <IsDisplay displayOrder="2008">true</IsDisplay>
                <IsMonitor>true</IsMonitor>
                <IsEdit>false</IsEdit>
                <DefaultMonitorFreq>min5</DefaultMonitorFreq>
                <SupportMonitorFreq>min1,min5,min10,min30,hour1,hour4,hour8</SupportMonitorFreq>
                <IsAlert>false</IsAlert>
                <DefaultFlapping>1</DefaultFlapping>
                <Thresholds>
                    <Threshold operator="&lt;" defaultvalue="90" stateid="Normal"/>
                    <Threshold operator="&gt;=" defaultvalue="90" stateid="Minor"/>
                    <Threshold operator="&gt;=" defaultvalue="95" stateid="Major"/>
                </Thresholds>
            </Metric>
            <Metric id="tableSpaceFSFIUtil" style="PerformanceMetric" name="FSFI" description="FSFI" unit="%">
                <IsDisplay displayOrder="2009">true</IsDisplay>
                <IsMonitor>true</IsMonitor>
                <IsEdit>false</IsEdit>
                <DefaultMonitorFreq>min5</DefaultMonitorFreq>
                <SupportMonitorFreq>min1,min5,min10,min30,hour1,hour4,hour8</SupportMonitorFreq>
                <IsAlert>false</IsAlert>
                <DefaultFlapping>1</DefaultFlapping>
                <Thresholds>
                    <Threshold operator="&lt;" defaultvalue="90" stateid="Normal"/>
                    <Threshold operator="&gt;=" defaultvalue="90" stateid="Minor"/>
                    <Threshold operator="&gt;=" defaultvalue="95" stateid="Major"/>
                </Thresholds>
            </Metric>
            <Metric id="tabSpaReadOprRate" style="PerformanceMetric" name="读操作变化速率" description="读操作变化速率" unit="Reads/s">
                <IsDisplay displayOrder="2068">true</IsDisplay>
                <IsMonitor>true</IsMonitor>
                <IsEdit>false</IsEdit>
                <DefaultMonitorFreq>min5</DefaultMonitorFreq>
                <SupportMonitorFreq>min1,min5,min10,min30,hour1,hour4,hour8</SupportMonitorFreq>
                <IsAlert>false</IsAlert>
                <DefaultFlapping>1</DefaultFlapping>
                <Thresholds>
                    <Threshold operator="&lt;=" defaultvalue="100" stateid="Normal"/>
                    <Threshold operator="&gt;" defaultvalue="100" stateid="Minor"/>
                    <Threshold operator="&gt;" defaultvalue="200" stateid="Major"/>
                </Thresholds>
            </Metric>
            <Metric id="tabSpaWriteOprRate" style="PerformanceMetric" name="写操作变化速率" description="写操作变化速率" unit="Writs/s">
                <IsDisplay displayOrder="2069">true</IsDisplay>
                <IsMonitor>true</IsMonitor>
                <IsEdit>false</IsEdit>
                <DefaultMonitorFreq>min5</DefaultMonitorFreq>
                <SupportMonitorFreq>min1,min5,min10,min30,hour1,hour4,hour8</SupportMonitorFreq>
                <IsAlert>false</IsAlert>
                <DefaultFlapping>1</DefaultFlapping>
                <Thresholds>
                    <Threshold operator="&lt;=" defaultvalue="100" stateid="Normal"/>
                    <Threshold operator="&gt;" defaultvalue="100" stateid="Minor"/>
                    <Threshold operator="&gt;" defaultvalue="200" stateid="Major"/>
                </Thresholds>
            </Metric>
            <Metric id="tabSpaBlocksSize" style="InformationMetric" name="空闲块个数" description="空闲块个数" unit="个">
                <IsDisplay displayOrder="2070">true</IsDisplay>
                <IsMonitor>true</IsMonitor>
                <IsEdit>false</IsEdit>
                <DefaultMonitorFreq>day1</DefaultMonitorFreq>
                <SupportMonitorFreq>hour1,day1</SupportMonitorFreq>
                <IsAlert>false</IsAlert>
                <DefaultFlapping>1</DefaultFlapping>
            </Metric>
            <Metric id="tabSpaAutoExtends" style="InformationMetric" name="自动扩展" description="自动扩展" unit="">
                <IsDisplay displayOrder="2071">true</IsDisplay>
                <IsMonitor>true</IsMonitor>
                <IsEdit>false</IsEdit>
                <DefaultMonitorFreq>day1</DefaultMonitorFreq>
                <SupportMonitorFreq>hour1,day1</SupportMonitorFreq>
                <IsAlert>false</IsAlert>
                <DefaultFlapping>1</DefaultFlapping>
            </Metric>
        </Metrics>
        <Properties>
            <Property id="tableSpaceName" name="tableSpaceName" metricid="tableSpaceName"/>
        </Properties>
        <Instantiation InstanceId="tableSpaceName" InstanceName="tableSpaceName"/>
    </Resource>
</Capacity>
