<?xml version="1.0" encoding="UTF-8"?>

<Capacity xmlns:xsi="http://www.w3.org/2001/XMLSchema-instance" version="1.0" xsi:noNamespaceSchemaLocation="../../../schema/Resource.xsd">
    <SupportInfo>
        <SupportName>Hardware</SupportName>
        <PreSupportVersion>Inspur NF系列</PreSupportVersion>
        <ActualSupportVersion>Inspur NF系列</ActualSupportVersion>
    </SupportInfo>
    <GlobalMetricSetting isEncrypt="FALSE" version="4.1.0">
        <GlobalIsEdit>false</GlobalIsEdit>
        <GlobalIsMonitor>true</GlobalIsMonitor>
        <GlobalDefaultMonitorFreq>day1</GlobalDefaultMonitorFreq>
        <GlobalsupportMonitorFreq>min1,min5,min10,hour1,day1</GlobalsupportMonitorFreq>
        <GlobalIsAlert>true</GlobalIsAlert>
        <GlobalDefaultFlapping>1</GlobalDefaultFlapping>
    </GlobalMetricSetting>
    <Resource id="InspurNF" category="InspurServer" icon="InspurIpmi.png" name="Inspur NF系列" description="Inspur NF系列">
        <Metrics>
            <Metric id="PowerStatus" style="AvailabilityMetric" name="电源状态" description="电源状态" unit="">
                <IsDisplay displayOrder="1000">true</IsDisplay>
                <IsMonitor>true</IsMonitor>
                <IsEdit>false</IsEdit>
                <DefaultMonitorFreq>min1</DefaultMonitorFreq>
                <SupportMonitorFreq>sec30,min1,min5,min10,min30,hour1</SupportMonitorFreq>
                <IsAlert>true</IsAlert>
                <DefaultFlapping>2</DefaultFlapping>
            </Metric>
            <Metric id="ProductName" style="InformationMetric" name="产品名称" description="产品名称" unit="">
                <IsDisplay displayOrder="1300">true</IsDisplay>
                <IsMonitor>true</IsMonitor>
                <IsEdit>false</IsEdit>
                <DefaultMonitorFreq>day1</DefaultMonitorFreq>
                <SupportMonitorFreq>hour1,day1</SupportMonitorFreq>
                <IsAlert>false</IsAlert>
                <DefaultFlapping>1</DefaultFlapping>
            </Metric>
            <Metric id="BoardMfgDate" style="InformationMetric" name="主板生产日期" description="主板生产日期" unit="">
                <IsDisplay displayOrder="1310">true</IsDisplay>
                <IsMonitor>true</IsMonitor>
                <IsEdit>false</IsEdit>
                <DefaultMonitorFreq>day1</DefaultMonitorFreq>
                <SupportMonitorFreq>hour1,day1</SupportMonitorFreq>
                <IsAlert>false</IsAlert>
                <DefaultFlapping>1</DefaultFlapping>
            </Metric>
            <Metric id="BoardMfg" style="InformationMetric" name="主板制造商" description="主板制造商" unit="">
                <IsDisplay displayOrder="1320">true</IsDisplay>
                <IsMonitor>true</IsMonitor>
                <IsEdit>false</IsEdit>
                <DefaultMonitorFreq>day1</DefaultMonitorFreq>
                <SupportMonitorFreq>hour1,day1</SupportMonitorFreq>
                <IsAlert>false</IsAlert>
                <DefaultFlapping>1</DefaultFlapping>
            </Metric>
            <Metric id="BoardProduct" style="InformationMetric" name="主板型号" description="主板型号" unit="">
                <IsDisplay displayOrder="1330">true</IsDisplay>
                <IsMonitor>true</IsMonitor>
                <IsEdit>false</IsEdit>
                <DefaultMonitorFreq>day1</DefaultMonitorFreq>
                <SupportMonitorFreq>hour1,day1</SupportMonitorFreq>
                <IsAlert>false</IsAlert>
                <DefaultFlapping>1</DefaultFlapping>
            </Metric>
            <Metric id="ProductSerial" style="InformationMetric" name="产品序列号" description="产品序列号" unit="">
                <IsDisplay displayOrder="1340">true</IsDisplay>
                <IsMonitor>true</IsMonitor>
                <IsEdit>false</IsEdit>
                <DefaultMonitorFreq>day1</DefaultMonitorFreq>
                <SupportMonitorFreq>hour1,day1</SupportMonitorFreq>
                <IsAlert>false</IsAlert>
                <DefaultFlapping>1</DefaultFlapping>
            </Metric>
            <Metric id="PowerOverloadStatus" style="InformationMetric" name="电源过载状态" description="电源过载状态" unit="">
                <IsDisplay displayOrder="1350">true</IsDisplay>
                <IsMonitor>true</IsMonitor>
                <IsEdit>false</IsEdit>
                <DefaultMonitorFreq>day1</DefaultMonitorFreq>
                <SupportMonitorFreq>hour1,day1</SupportMonitorFreq>
                <IsAlert>false</IsAlert>
                <DefaultFlapping>1</DefaultFlapping>
            </Metric>
            <Metric id="PowerOverInterlock" style="InformationMetric" name="电源锁启用状态 " description="电源锁启用状态 " unit="">
                <IsDisplay displayOrder="1360">true</IsDisplay>
                <IsMonitor>true</IsMonitor>
                <IsEdit>false</IsEdit>
                <DefaultMonitorFreq>day1</DefaultMonitorFreq>
                <SupportMonitorFreq>hour1,day1</SupportMonitorFreq>
                <IsAlert>false</IsAlert>
                <DefaultFlapping>1</DefaultFlapping>
            </Metric>
            <Metric id="PowerControlFault" style="InformationMetric" name="控制电源错误 " description="控制电源错误 " unit="">
                <IsDisplay displayOrder="1370">true</IsDisplay>
                <IsMonitor>true</IsMonitor>
                <IsEdit>false</IsEdit>
                <DefaultMonitorFreq>day1</DefaultMonitorFreq>
                <SupportMonitorFreq>hour1,day1</SupportMonitorFreq>
                <IsAlert>false</IsAlert>
                <DefaultFlapping>1</DefaultFlapping>
            </Metric>
            <Metric id="PowerRestorePolicy" style="InformationMetric" name="电源恢复策略 " description="电源恢复策略 " unit="">
                <IsDisplay displayOrder="1380">true</IsDisplay>
                <IsMonitor>true</IsMonitor>
                <IsEdit>false</IsEdit>
                <DefaultMonitorFreq>day1</DefaultMonitorFreq>
                <SupportMonitorFreq>hour1,day1</SupportMonitorFreq>
                <IsAlert>false</IsAlert>
                <DefaultFlapping>1</DefaultFlapping>
            </Metric>
            <Metric id="LastPowerEvent" style="InformationMetric" name="上一次电源事件 " description="上一次电源事件 " unit="">
                <IsDisplay displayOrder="1390">true</IsDisplay>
                <IsMonitor>true</IsMonitor>
                <IsEdit>false</IsEdit>
                <DefaultMonitorFreq>day1</DefaultMonitorFreq>
                <SupportMonitorFreq>hour1,day1</SupportMonitorFreq>
                <IsAlert>false</IsAlert>
                <DefaultFlapping>1</DefaultFlapping>
            </Metric>
            <Metric id="ChassisIntrusion" style="InformationMetric" name="机箱入侵检测 " description="机箱入侵检测 " unit="">
                <IsDisplay displayOrder="1400">true</IsDisplay>
                <IsMonitor>true</IsMonitor>
                <IsEdit>false</IsEdit>
                <DefaultMonitorFreq>day1</DefaultMonitorFreq>
                <SupportMonitorFreq>hour1,day1</SupportMonitorFreq>
                <IsAlert>false</IsAlert>
                <DefaultFlapping>1</DefaultFlapping>
            </Metric>
            <Metric id="FrontPanelLockout" style="InformationMetric" name="前面板锁定 " description="前面板锁定 " unit="">
                <IsDisplay displayOrder="1410">true</IsDisplay>
                <IsMonitor>true</IsMonitor>
                <IsEdit>false</IsEdit>
                <DefaultMonitorFreq>day1</DefaultMonitorFreq>
                <SupportMonitorFreq>hour1,day1</SupportMonitorFreq>
                <IsAlert>false</IsAlert>
                <DefaultFlapping>1</DefaultFlapping>
            </Metric>
            <Metric id="DriveFault" style="InformationMetric" name="驱动错误 " description="驱动错误 " unit="">
                <IsDisplay displayOrder="1420">true</IsDisplay>
                <IsMonitor>true</IsMonitor>
                <IsEdit>false</IsEdit>
                <DefaultMonitorFreq>day1</DefaultMonitorFreq>
                <SupportMonitorFreq>hour1,day1</SupportMonitorFreq>
                <IsAlert>false</IsAlert>
                <DefaultFlapping>1</DefaultFlapping>
            </Metric>
            <Metric id="FanFault" style="InformationMetric" name="风扇错误 " description="风扇错误 " unit="">
                <IsDisplay displayOrder="1430">true</IsDisplay>
                <IsMonitor>true</IsMonitor>
                <IsEdit>false</IsEdit>
                <DefaultMonitorFreq>day1</DefaultMonitorFreq>
                <SupportMonitorFreq>hour1,day1</SupportMonitorFreq>
                <IsAlert>false</IsAlert>
                <DefaultFlapping>1</DefaultFlapping>
            </Metric>
        </Metrics>
        <Properties>
            <Property id="ProductSerial" name="ProductSerial" metricid="ProductSerial"/>
            <Property id="BoardProduct" name="BoardProduct" metricid="BoardProduct"/>
        </Properties>
        <Instantiation InstanceId="ProductSerial,BoardProduct" InstanceName="ProductSerial"/>
    </Resource>
    <Resource id="InspurNFFan" type="Fan" icon="" name="风扇" description="风扇" parentid="InspurNF">
        <Metrics>
            <Metric id="fanIndex" style="InformationMetric" name="风扇索引" description="风扇索引" unit="">
                <IsDisplay displayOrder="4000">false</IsDisplay>
                <IsMonitor>false</IsMonitor>
                <IsEdit>false</IsEdit>
                <DefaultMonitorFreq>day1</DefaultMonitorFreq>
                <SupportMonitorFreq>hour1,day1</SupportMonitorFreq>
                <IsAlert>false</IsAlert>
                <DefaultFlapping>1</DefaultFlapping>
            </Metric>
            <Metric id="fanName" style="InformationMetric" name="风扇名称" description="风扇名称" unit="">
                <IsDisplay displayOrder="4010">false</IsDisplay>
                <IsMonitor>false</IsMonitor>
                <IsEdit>false</IsEdit>
                <DefaultMonitorFreq>day1</DefaultMonitorFreq>
                <SupportMonitorFreq>hour1,day1</SupportMonitorFreq>
                <IsAlert>false</IsAlert>
                <DefaultFlapping>1</DefaultFlapping>
            </Metric>
            <Metric id="fanStatus" style="AvailabilityMetric" name="风扇状态" description="风扇状态" unit="">
                <IsDisplay displayOrder="4020">true</IsDisplay>
                <IsMonitor>true</IsMonitor>
                <IsEdit>false</IsEdit>
                <DefaultMonitorFreq>min1</DefaultMonitorFreq>
                <SupportMonitorFreq>sec30,min1,min5,min10,min30,hour1</SupportMonitorFreq>
                <IsAlert>false</IsAlert>
                <DefaultFlapping>2</DefaultFlapping>
            </Metric>
            <Metric id="fanRevolution" style="PerformanceMetric" name="风扇转数" description="风扇转数" unit="RPM">
                <IsDisplay displayOrder="4030">true</IsDisplay>
                <IsMonitor>true</IsMonitor>
                <IsEdit>false</IsEdit>
                <DefaultMonitorFreq>min5</DefaultMonitorFreq>
                <SupportMonitorFreq>min1,min5,min10,min30,hour1,hour4,hour8</SupportMonitorFreq>
                <IsAlert>false</IsAlert>
                <DefaultFlapping>1</DefaultFlapping>
                <Thresholds>
                    <Threshold operator="&gt;" defaultvalue="720" stateid="Normal"/>
                    <Threshold operator="&gt;" defaultvalue="5000" stateid="Minor"/>
                    <Threshold operator="&gt;" defaultvalue="6000" stateid="Major"/>
                </Thresholds>
            </Metric>
        </Metrics>
        <Properties>
            <Property id="fanIndex" name="fanIndex" metricid="fanIndex"/>
            <Property id="fanName" name="fanName" metricid="fanName"/>
        </Properties>
        <Instantiation InstanceId="fanIndex" InstanceName="fanName"/>
    </Resource>
    <Resource id="InspurNFHdd" type="HardDisk" icon="" name="磁盘" description="磁盘" parentid="InspurNF">
        <Metrics>
            <Metric id="hddIndex" style="InformationMetric" name="磁盘索引" description="磁盘索引" unit="">
                <IsDisplay displayOrder="4000">false</IsDisplay>
                <IsMonitor>false</IsMonitor>
                <IsEdit>false</IsEdit>
                <DefaultMonitorFreq>day1</DefaultMonitorFreq>
                <SupportMonitorFreq>hour1,day1</SupportMonitorFreq>
                <IsAlert>false</IsAlert>
                <DefaultFlapping>1</DefaultFlapping>
            </Metric>
            <Metric id="hddName" style="InformationMetric" name="磁盘接口编号" description="磁盘接口编号" unit="">
                <IsDisplay displayOrder="4010">false</IsDisplay>
                <IsMonitor>false</IsMonitor>
                <IsEdit>false</IsEdit>
                <DefaultMonitorFreq>day1</DefaultMonitorFreq>
                <SupportMonitorFreq>hour1,day1</SupportMonitorFreq>
                <IsAlert>false</IsAlert>
                <DefaultFlapping>1</DefaultFlapping>
            </Metric>
            <Metric id="hddStatus" style="AvailabilityMetric" name="硬件状态" description="硬件状态" unit="">
                <IsDisplay displayOrder="4020">true</IsDisplay>
                <IsMonitor>true</IsMonitor>
                <IsEdit>false</IsEdit>
                <DefaultMonitorFreq>min1</DefaultMonitorFreq>
                <SupportMonitorFreq>sec30,min1,min5,min10,min30,hour1</SupportMonitorFreq>
                <IsAlert>false</IsAlert>
                <DefaultFlapping>2</DefaultFlapping>
            </Metric>
            <Metric id="drivePresent" style="InformationMetric" name="运行状态" description="运行状态" unit="">
                <IsDisplay displayOrder="4040">true</IsDisplay>
                <IsMonitor>true</IsMonitor>
                <IsEdit>false</IsEdit>
                <DefaultMonitorFreq>min1</DefaultMonitorFreq>
                <SupportMonitorFreq>sec30,min1,min5,min10,min30,hour1</SupportMonitorFreq>
                <IsAlert>false</IsAlert>
                <DefaultFlapping>2</DefaultFlapping>
            </Metric>
        </Metrics>
        <Properties>
            <Property id="hddIndex" name="hddIndex" metricid="hddIndex"/>
            <Property id="hddName" name="hddName" metricid="hddName"/>
        </Properties>
        <Instantiation InstanceId="hddIndex" InstanceName="hddName"/>
    </Resource>
    <Resource id="InspurNFProcessor" type="Processor" icon="" name="处理器" description="处理器" parentid="InspurNF">
        <Metrics>
            <Metric id="processorIndex" style="InformationMetric" name="处理器索引" description="处理器索引" unit="">
                <IsDisplay displayOrder="4000">false</IsDisplay>
                <IsMonitor>false</IsMonitor>
                <IsEdit>false</IsEdit>
                <DefaultMonitorFreq>day1</DefaultMonitorFreq>
                <SupportMonitorFreq>hour1,day1</SupportMonitorFreq>
                <IsAlert>false</IsAlert>
                <DefaultFlapping>1</DefaultFlapping>
            </Metric>
            <Metric id="processorName" style="InformationMetric" name="处理器名称" description="处理器名称" unit="">
                <IsDisplay displayOrder="4010">false</IsDisplay>
                <IsMonitor>false</IsMonitor>
                <IsEdit>false</IsEdit>
                <DefaultMonitorFreq>day1</DefaultMonitorFreq>
                <SupportMonitorFreq>hour1,day1</SupportMonitorFreq>
                <IsAlert>false</IsAlert>
                <DefaultFlapping>1</DefaultFlapping>
            </Metric>
            <Metric id="processorStatus" style="AvailabilityMetric" name="处理器状态" description="处理器状态" unit="">
                <IsDisplay displayOrder="4020">true</IsDisplay>
                <IsMonitor>true</IsMonitor>
                <IsEdit>false</IsEdit>
                <DefaultMonitorFreq>min1</DefaultMonitorFreq>
                <SupportMonitorFreq>sec30,min1,min5,min10,min30,hour1</SupportMonitorFreq>
                <IsAlert>false</IsAlert>
                <DefaultFlapping>2</DefaultFlapping>
            </Metric>
        </Metrics>
        <Properties>
            <Property id="processorIndex" name="processorIndex" metricid="processorIndex"/>
            <Property id="processorName" name="processorName" metricid="processorName"/>
        </Properties>
        <Instantiation InstanceId="processorIndex" InstanceName="processorName"/>
    </Resource>
    <Resource id="InspurNFPower" type="Power" icon="" name="电源" description="电源" parentid="InspurNF">
        <Metrics>
            <Metric id="powerIndex" style="InformationMetric" name="电源索引" description="电源索引" unit="">
                <IsDisplay displayOrder="6000">false</IsDisplay>
                <IsMonitor>false</IsMonitor>
                <IsEdit>false</IsEdit>
                <DefaultMonitorFreq>day1</DefaultMonitorFreq>
                <SupportMonitorFreq>hour1,day1</SupportMonitorFreq>
                <IsAlert>false</IsAlert>
                <DefaultFlapping>1</DefaultFlapping>
            </Metric>
            <Metric id="powerName" style="InformationMetric" name="电源名称" description="电源名称" unit="">
                <IsDisplay displayOrder="6010">false</IsDisplay>
                <IsMonitor>false</IsMonitor>
                <IsEdit>false</IsEdit>
                <DefaultMonitorFreq>day1</DefaultMonitorFreq>
                <SupportMonitorFreq>hour1,day1</SupportMonitorFreq>
                <IsAlert>false</IsAlert>
                <DefaultFlapping>1</DefaultFlapping>
            </Metric>
            <Metric id="powerStatus" style="AvailabilityMetric" name="电源状态" description="电源状态" unit="">
                <IsDisplay displayOrder="6020">true</IsDisplay>
                <IsMonitor>true</IsMonitor>
                <IsEdit>false</IsEdit>
                <DefaultMonitorFreq>min1</DefaultMonitorFreq>
                <SupportMonitorFreq>sec30,min1,min5,min10,min30,hour1</SupportMonitorFreq>
                <IsAlert>false</IsAlert>
                <DefaultFlapping>2</DefaultFlapping>
            </Metric>
        </Metrics>
        <Properties>
            <Property id="powerIndex" name="powerIndex" metricid="powerIndex"/>
            <Property id="powerName" name="powerName" metricid="powerName"/>
        </Properties>
        <Instantiation InstanceId="powerIndex" InstanceName="powerName"/>
    </Resource>
    <Resource id="InspurNFDIMM" type="DIMM" icon="" name="内存插槽" description="内存插槽" parentid="InspurNF">
        <Metrics>
            <Metric id="DIMMIndex" style="InformationMetric" name="插槽索引" description="插槽索引" unit="">
                <IsDisplay displayOrder="6000">false</IsDisplay>
                <IsMonitor>false</IsMonitor>
                <IsEdit>false</IsEdit>
                <DefaultMonitorFreq>day1</DefaultMonitorFreq>
                <SupportMonitorFreq>hour1,day1</SupportMonitorFreq>
                <IsAlert>false</IsAlert>
                <DefaultFlapping>1</DefaultFlapping>
            </Metric>
            <Metric id="DIMMStatus" style="AvailabilityMetric" name="插槽状态" description="插槽状态" unit="">
                <IsDisplay displayOrder="6020">true</IsDisplay>
                <IsMonitor>true</IsMonitor>
                <IsEdit>false</IsEdit>
                <DefaultMonitorFreq>min1</DefaultMonitorFreq>
                <SupportMonitorFreq>sec30,min1,min5,min10,min30,hour1</SupportMonitorFreq>
                <IsAlert>false</IsAlert>
                <DefaultFlapping>2</DefaultFlapping>
            </Metric>
        </Metrics>
        <Properties>
            <Property id="DIMMIndex" name="DIMMIndex" metricid="DIMMIndex"/>
        </Properties>
        <Instantiation InstanceId="DIMMIndex" InstanceName="DIMMIndex"/>
    </Resource>
</Capacity>
