<?xml version="1.0" encoding="UTF-8"?>

<Capacity xmlns:xsi="http://www.w3.org/2001/XMLSchema-instance" version="1.0" xsi:noNamespaceSchemaLocation="../../../schema/Resource.xsd">
    <SupportInfo>
        <SupportName>Mysql Database</SupportName>
        <PreSupportVersion>MySQL 5</PreSupportVersion>
        <ActualSupportVersion>MySQL 5/windows2003</ActualSupportVersion>
    </SupportInfo>
    <GlobalMetricSetting isEncrypt="FALSE" version="4.1.0">
        <GlobalIsEdit>false</GlobalIsEdit>
        <GlobalIsMonitor>true</GlobalIsMonitor>
        <GlobalDefaultMonitorFreq>day1</GlobalDefaultMonitorFreq>
        <GlobalsupportMonitorFreq>min1,min5,min10,hour1,day1</GlobalsupportMonitorFreq>
        <GlobalIsAlert>true</GlobalIsAlert>
        <GlobalDefaultFlapping>1</GlobalDefaultFlapping>
    </GlobalMetricSetting>
    <Resource id="MySQL" category="MySQLs" icon="MySQL.png" name="MySQL" description="MySQL数据库">
        <Metrics>
            <Metric id="cpuRate" style="PerformanceMetric" name="CPU利用率" description="CPU利用率" unit="%">
                <IsDisplay displayOrder="1400">true</IsDisplay>
                <IsMonitor>true</IsMonitor>
                <IsEdit>false</IsEdit>
                <DefaultMonitorFreq>min5</DefaultMonitorFreq>
                <SupportMonitorFreq>min1,min5,min10,min30,hour1,hour4,hour8</SupportMonitorFreq>
                <IsAlert>false</IsAlert>
                <DefaultFlapping>1</DefaultFlapping>
                <Thresholds>
                    <Threshold operator="&lt;" defaultvalue="90" stateid="Normal"/>
                    <Threshold operator="&gt;=" defaultvalue="90" stateid="Minor"/>
                    <Threshold operator="&gt;=" defaultvalue="95" stateid="Major"/>
                </Thresholds>
            </Metric>
            <Metric id="memRate" style="PerformanceMetric" name="内存利用率" description="内存利用率" unit="%">
                <IsDisplay displayOrder="2500">true</IsDisplay>
                <IsMonitor>true</IsMonitor>
                <IsEdit>false</IsEdit>
                <DefaultMonitorFreq>min5</DefaultMonitorFreq>
                <SupportMonitorFreq>min1,min5,min10,min30,hour1,hour4,hour8</SupportMonitorFreq>
                <IsAlert>false</IsAlert>
                <DefaultFlapping>1</DefaultFlapping>
                <Thresholds>
                    <Threshold operator="&lt;" defaultvalue="90" stateid="Normal"/>
                    <Threshold operator="&gt;=" defaultvalue="90" stateid="Minor"/>
                    <Threshold operator="&gt;=" defaultvalue="95" stateid="Major"/>
                </Thresholds>
            </Metric>
            <Metric id="OperatingSystem" style="InformationMetric" name="操作系统" description="主机操作系统" unit="">
                <IsDisplay displayOrder="401600080">true</IsDisplay>
                <IsMonitor>true</IsMonitor>
                <IsEdit>false</IsEdit>
                <DefaultMonitorFreq>day1</DefaultMonitorFreq>
                <SupportMonitorFreq>hour1,day1</SupportMonitorFreq>
                <IsAlert>false</IsAlert>
                <DefaultFlapping>1</DefaultFlapping>
            </Metric>
            <Metric id="hostName" style="InformationMetric" name="主机名称" description="主机名称" unit="">
                <IsDisplay displayOrder="401600070">true</IsDisplay>
                <IsMonitor>true</IsMonitor>
                <IsEdit>false</IsEdit>
                <DefaultMonitorFreq>day1</DefaultMonitorFreq>
                <SupportMonitorFreq>hour1,day1</SupportMonitorFreq>
                <IsAlert>false</IsAlert>
                <DefaultFlapping>1</DefaultFlapping>
            </Metric>
            <Metric id="totalMemSize" style="InformationMetric" name="内存总容量" description="安装内存" unit="KB">
                <IsDisplay displayOrder="401500061">true</IsDisplay>
                <IsMonitor>true</IsMonitor>
                <IsEdit>false</IsEdit>
                <DefaultMonitorFreq>day1</DefaultMonitorFreq>
                <SupportMonitorFreq>hour1,day1</SupportMonitorFreq>
                <IsAlert>false</IsAlert>
                <DefaultFlapping>1</DefaultFlapping>
            </Metric>
            <Metric id="appCpuRate" style="PerformanceMetric" name="数据库CPU利用率" description="数据库CPU利用率" unit="%">
                <IsDisplay displayOrder="401400010">true</IsDisplay>
                <IsMonitor>true</IsMonitor>
                <IsEdit>false</IsEdit>
                <DefaultMonitorFreq>min5</DefaultMonitorFreq>
                <SupportMonitorFreq>min1,min5,min10,min30,hour1,hour4,hour8</SupportMonitorFreq>
                <IsAlert>false</IsAlert>
                <DefaultFlapping>1</DefaultFlapping>
                <Thresholds>
                    <Threshold operator="&lt;" defaultvalue="90" stateid="Normal"/>
                    <Threshold operator="&gt;=" defaultvalue="90" stateid="Minor"/>
                    <Threshold operator="&gt;=" defaultvalue="95" stateid="Major"/>
                </Thresholds>
            </Metric>
            <Metric id="appMemRate" style="PerformanceMetric" name="数据库内存利用率" description="数据库内存利用率" unit="%">
                <IsDisplay displayOrder="401400020">true</IsDisplay>
                <IsMonitor>true</IsMonitor>
                <IsEdit>false</IsEdit>
                <DefaultMonitorFreq>min5</DefaultMonitorFreq>
                <SupportMonitorFreq>min1,min5,min10,min30,hour1,hour4,hour8</SupportMonitorFreq>
                <IsAlert>false</IsAlert>
                <DefaultFlapping>1</DefaultFlapping>
                <Thresholds>
                    <Threshold operator="&lt;" defaultvalue="90" stateid="Normal"/>
                    <Threshold operator="&gt;=" defaultvalue="90" stateid="Minor"/>
                    <Threshold operator="&gt;=" defaultvalue="95" stateid="Major"/>
                </Thresholds>
            </Metric>
            <Metric id="Version" style="InformationMetric" name="数据库版本" description="数据库版本" unit="">
                <IsDisplay displayOrder="401600030">true</IsDisplay>
                <IsMonitor>true</IsMonitor>
                <IsEdit>false</IsEdit>
                <DefaultMonitorFreq>day1</DefaultMonitorFreq>
                <SupportMonitorFreq>hour1,day1</SupportMonitorFreq>
                <IsAlert>false</IsAlert>
                <DefaultFlapping>1</DefaultFlapping>
            </Metric>
            <Metric id="sysUpTime" style="InformationMetric" name="连续运行时间" description="连续运行时间" unit="秒">
                <IsDisplay displayOrder="401500010">true</IsDisplay>
                <IsMonitor>true</IsMonitor>
                <IsEdit>false</IsEdit>
                <DefaultMonitorFreq>hour1</DefaultMonitorFreq>
                <SupportMonitorFreq>hour1,day1</SupportMonitorFreq>
                <IsAlert>false</IsAlert>
                <DefaultFlapping>1</DefaultFlapping>
            </Metric>
            <Metric id="character" style="InformationMetric" name="默认字符集" description="默认字符集" unit="">
                <IsDisplay displayOrder="401600074">true</IsDisplay>
                <IsMonitor>true</IsMonitor>
                <IsEdit>false</IsEdit>
                <DefaultMonitorFreq>day1</DefaultMonitorFreq>
                <SupportMonitorFreq>hour1,day1</SupportMonitorFreq>
                <IsAlert>false</IsAlert>
                <DefaultFlapping>1</DefaultFlapping>
            </Metric>
            <Metric id="dataDirectory" style="InformationMetric" name="数据目录" description="数据目录" unit="">
                <IsDisplay displayOrder="401600064">true</IsDisplay>
                <IsMonitor>true</IsMonitor>
                <IsEdit>false</IsEdit>
                <DefaultMonitorFreq>day1</DefaultMonitorFreq>
                <SupportMonitorFreq>hour1,day1</SupportMonitorFreq>
                <IsAlert>false</IsAlert>
                <DefaultFlapping>1</DefaultFlapping>
            </Metric>
            <Metric id="installDirectory" style="InformationMetric" name="安装目录" description="安装目录" unit="">
                <IsDisplay displayOrder="401600051">true</IsDisplay>
                <IsMonitor>true</IsMonitor>
                <IsEdit>false</IsEdit>
                <DefaultMonitorFreq>day1</DefaultMonitorFreq>
                <SupportMonitorFreq>hour1,day1</SupportMonitorFreq>
                <IsAlert>false</IsAlert>
                <DefaultFlapping>1</DefaultFlapping>
            </Metric>
            <Metric id="connCount" style="InformationMetric" name="连接次数" description="连接次数" unit="次">
                <IsDisplay displayOrder="401400055">true</IsDisplay>
                <IsMonitor>true</IsMonitor>
                <IsEdit>false</IsEdit>
                <DefaultMonitorFreq>day1</DefaultMonitorFreq>
                <SupportMonitorFreq>hour1,day1</SupportMonitorFreq>
                <IsAlert>false</IsAlert>
                <DefaultFlapping>1</DefaultFlapping>
            </Metric>
            <Metric id="waitedLockCount" style="InformationMetric" name="锁等待次数" description="锁等待次数" unit="次">
                <IsDisplay displayOrder="401400300">true</IsDisplay>
                <IsMonitor>true</IsMonitor>
                <IsEdit>false</IsEdit>
                <DefaultMonitorFreq>day1</DefaultMonitorFreq>
                <SupportMonitorFreq>hour1,day1</SupportMonitorFreq>
                <IsAlert>false</IsAlert>
                <DefaultFlapping>1</DefaultFlapping>
            </Metric>
            <Metric id="immediateLockCount" style="InformationMetric" name="直接锁定次数" description="直接锁定次数" unit="次">
                <IsDisplay displayOrder="401400310">true</IsDisplay>
                <IsMonitor>true</IsMonitor>
                <IsEdit>false</IsEdit>
                <DefaultMonitorFreq>day1</DefaultMonitorFreq>
                <SupportMonitorFreq>hour1,day1</SupportMonitorFreq>
                <IsAlert>false</IsAlert>
                <DefaultFlapping>1</DefaultFlapping>
            </Metric>
            <Metric id="qcacheInsertCount" style="InformationMetric" name="插入数" description="插入数" unit="个">
                <IsDisplay displayOrder="401400320">true</IsDisplay>
                <IsMonitor>true</IsMonitor>
                <IsEdit>false</IsEdit>
                <DefaultMonitorFreq>day1</DefaultMonitorFreq>
                <SupportMonitorFreq>hour1,day1</SupportMonitorFreq>
                <IsAlert>false</IsAlert>
                <DefaultFlapping>1</DefaultFlapping>
            </Metric>
            <Metric id="availability" style="AvailabilityMetric" name="实例可用性" description="实例可用性" unit="">
                <IsDisplay displayOrder="401300010">true</IsDisplay>
                <IsMonitor>true</IsMonitor>
                <IsEdit>false</IsEdit>
                <DefaultMonitorFreq>min1</DefaultMonitorFreq>
                <SupportMonitorFreq>sec30,min1,min5,min10,min30,hour1</SupportMonitorFreq>
                <IsAlert>true</IsAlert>
                <DefaultFlapping>2</DefaultFlapping>
            </Metric>
            <Metric id="storageEngine" style="InformationMetric" name="数据库存储引擎" description="数据库存储引擎" unit="">
                <IsDisplay displayOrder="401500094">true</IsDisplay>
                <IsMonitor>true</IsMonitor>
                <IsEdit>false</IsEdit>
                <DefaultMonitorFreq>day1</DefaultMonitorFreq>
                <SupportMonitorFreq>hour1,day1</SupportMonitorFreq>
                <IsAlert>false</IsAlert>
                <DefaultFlapping>1</DefaultFlapping>
            </Metric>
            <Metric id="maxConnCount" style="InformationMetric" name="最大连接数" description="最大连接数" unit="个">
                <IsDisplay displayOrder="401590034">true</IsDisplay>
                <IsMonitor>true</IsMonitor>
                <IsEdit>false</IsEdit>
                <DefaultMonitorFreq>day1</DefaultMonitorFreq>
                <SupportMonitorFreq>hour1,day1</SupportMonitorFreq>
                <IsAlert>false</IsAlert>
                <DefaultFlapping>1</DefaultFlapping>
            </Metric>
            <Metric id="keyBufferSize" style="InformationMetric" name="主键缓存大小" description="主键缓存大小" unit="Byte">
                <IsDisplay displayOrder="401500200">true</IsDisplay>
                <IsMonitor>true</IsMonitor>
                <IsEdit>false</IsEdit>
                <DefaultMonitorFreq>day1</DefaultMonitorFreq>
                <SupportMonitorFreq>hour1,day1</SupportMonitorFreq>
                <IsAlert>false</IsAlert>
                <DefaultFlapping>1</DefaultFlapping>
            </Metric>
            <Metric id="queryBufferSize" style="InformationMetric" name="查询缓存大小" description="查询缓存大小" unit="Byte">
                <IsDisplay displayOrder="401500300">true</IsDisplay>
                <IsMonitor>true</IsMonitor>
                <IsEdit>false</IsEdit>
                <DefaultMonitorFreq>day1</DefaultMonitorFreq>
                <SupportMonitorFreq>hour1,day1</SupportMonitorFreq>
                <IsAlert>false</IsAlert>
                <DefaultFlapping>1</DefaultFlapping>
            </Metric>
            <Metric id="diskRequestCount" style="InformationMetric" name="硬盘请求数" description="硬盘请求数" unit="个">
                <IsDisplay displayOrder="401400094">true</IsDisplay>
                <IsMonitor>true</IsMonitor>
                <IsEdit>false</IsEdit>
                <DefaultMonitorFreq>day1</DefaultMonitorFreq>
                <SupportMonitorFreq>hour1,day1</SupportMonitorFreq>
                <IsAlert>false</IsAlert>
                <DefaultFlapping>1</DefaultFlapping>
            </Metric>
            <Metric id="cacheRequestCount" style="InformationMetric" name="缓存请求数" description="缓存请求数" unit="个">
                <IsDisplay displayOrder="401400104">true</IsDisplay>
                <IsMonitor>true</IsMonitor>
                <IsEdit>false</IsEdit>
                <DefaultMonitorFreq>day1</DefaultMonitorFreq>
                <SupportMonitorFreq>hour1,day1</SupportMonitorFreq>
                <IsAlert>false</IsAlert>
                <DefaultFlapping>1</DefaultFlapping>
            </Metric>
            <Metric id="connThreadCount" style="PerformanceMetric" name="连接线程数" description="连接线程数" unit="个">
                <IsDisplay displayOrder="401400044">true</IsDisplay>
                <IsMonitor>true</IsMonitor>
                <IsEdit>false</IsEdit>
                <DefaultMonitorFreq>min5</DefaultMonitorFreq>
                <SupportMonitorFreq>min1,min5,min10,min30,hour1,hour4,hour8</SupportMonitorFreq>
                <IsAlert>false</IsAlert>
                <DefaultFlapping>1</DefaultFlapping>
                <Thresholds>
                    <Threshold operator="&lt;" defaultvalue="80" stateid="Normal"/>
                    <Threshold operator="&gt;=" defaultvalue="80" stateid="Minor"/>
                    <Threshold operator="&gt;=" defaultvalue="100" stateid="Major"/>
                </Thresholds>
            </Metric>
            <Metric id="activeThreadCount" style="PerformanceMetric" name="运行线程数" description="运行线程数" unit="个">
                <IsDisplay displayOrder="401400064">true</IsDisplay>
                <IsMonitor>true</IsMonitor>
                <IsEdit>false</IsEdit>
                <DefaultMonitorFreq>min5</DefaultMonitorFreq>
                <SupportMonitorFreq>min1,min5,min10,min30,hour1,hour4,hour8</SupportMonitorFreq>
                <IsAlert>false</IsAlert>
                <DefaultFlapping>1</DefaultFlapping>
                <Thresholds>
                    <Threshold operator="&lt;" defaultvalue="80" stateid="Normal"/>
                    <Threshold operator="&gt;=" defaultvalue="80" stateid="Minor"/>
                    <Threshold operator="&gt;=" defaultvalue="100" stateid="Major"/>
                </Thresholds>
            </Metric>
            <Metric id="cachedThreadCount" style="PerformanceMetric" name="缓存线程数" description="缓存线程数" unit="个">
                <IsDisplay displayOrder="401400074">true</IsDisplay>
                <IsMonitor>true</IsMonitor>
                <IsEdit>false</IsEdit>
                <DefaultMonitorFreq>min5</DefaultMonitorFreq>
                <SupportMonitorFreq>min1,min5,min10,min30,hour1,hour4,hour8</SupportMonitorFreq>
                <IsAlert>false</IsAlert>
                <DefaultFlapping>1</DefaultFlapping>
                <Thresholds>
                    <Threshold operator="&lt;" defaultvalue="400" stateid="Normal"/>
                    <Threshold operator="&gt;=" defaultvalue="400" stateid="Minor"/>
                    <Threshold operator="&gt;=" defaultvalue="500" stateid="Major"/>
                </Thresholds>
            </Metric>
            <Metric id="curSessionCount" style="PerformanceMetric" name="会话数" description="会话数" unit="个">
                <IsDisplay displayOrder="401400046">true</IsDisplay>
                <IsMonitor>true</IsMonitor>
                <IsEdit>false</IsEdit>
                <DefaultMonitorFreq>min5</DefaultMonitorFreq>
                <SupportMonitorFreq>min1,min5,min10,min30,hour1,hour4,hour8</SupportMonitorFreq>
                <IsAlert>false</IsAlert>
                <DefaultFlapping>1</DefaultFlapping>
                <Thresholds>
                    <Threshold operator="&lt;" defaultvalue="400" stateid="Normal"/>
                    <Threshold operator="&gt;=" defaultvalue="400" stateid="Minor"/>
                    <Threshold operator="&gt;=" defaultvalue="500" stateid="Major"/>
                </Thresholds>
            </Metric>
            <Metric id="cacheAccessRate" style="PerformanceMetric" name="缓存线程访问率" description="缓存线程访问率" unit="%">
                <IsDisplay displayOrder="401400114">true</IsDisplay>
                <IsMonitor>true</IsMonitor>
                <IsEdit>false</IsEdit>
                <DefaultMonitorFreq>min5</DefaultMonitorFreq>
                <SupportMonitorFreq>min1,min5,min10,min30,hour1,hour4,hour8</SupportMonitorFreq>
                <IsAlert>false</IsAlert>
                <DefaultFlapping>1</DefaultFlapping>
                <Thresholds>
                    <Threshold operator="&lt;" defaultvalue="90" stateid="Normal"/>
                    <Threshold operator="&gt;=" defaultvalue="90" stateid="Minor"/>
                    <Threshold operator="&gt;=" defaultvalue="95" stateid="Major"/>
                </Thresholds>
            </Metric>
            <Metric id="dataFileRequest" style="InformationMetric" name="数据文件请求数" description="数据文件请求数" unit="个">
                <IsDisplay displayOrder="401400124">true</IsDisplay>
                <IsMonitor>true</IsMonitor>
                <IsEdit>false</IsEdit>
                <DefaultMonitorFreq>day1</DefaultMonitorFreq>
                <SupportMonitorFreq>hour1,day1</SupportMonitorFreq>
                <IsAlert>false</IsAlert>
                <DefaultFlapping>1</DefaultFlapping>
            </Metric>
            <Metric id="comSelect" style="InformationMetric" name="comSelect" description="comSelect" unit="">
                <IsDisplay displayOrder="401400134">true</IsDisplay>
                <IsMonitor>true</IsMonitor>
                <IsEdit>false</IsEdit>
                <DefaultMonitorFreq>day1</DefaultMonitorFreq>
                <SupportMonitorFreq>hour1,day1</SupportMonitorFreq>
                <IsAlert>false</IsAlert>
                <DefaultFlapping>1</DefaultFlapping>
            </Metric>
            <Metric id="tableScanRate" style="PerformanceMetric" name="表扫描比率" description="表扫描比率" unit="%">
                <IsDisplay displayOrder="401400144">true</IsDisplay>
                <IsMonitor>true</IsMonitor>
                <IsEdit>false</IsEdit>
                <DefaultMonitorFreq>min5</DefaultMonitorFreq>
                <SupportMonitorFreq>min1,min5,min10,min30,hour1,hour4,hour8</SupportMonitorFreq>
                <IsAlert>false</IsAlert>
                <DefaultFlapping>1</DefaultFlapping>
                <Thresholds>
                    <Threshold operator="&lt;" defaultvalue="90" stateid="Normal"/>
                    <Threshold operator="&gt;=" defaultvalue="90" stateid="Minor"/>
                    <Threshold operator="&gt;=" defaultvalue="95" stateid="Major"/>
                </Thresholds>
            </Metric>
            <Metric id="qcacheHitCount" style="PerformanceMetric" name="QcacheHits" description="QcacheHits" unit="">
                <IsDisplay displayOrder="401400154">true</IsDisplay>
                <IsMonitor>true</IsMonitor>
                <IsEdit>false</IsEdit>
                <DefaultMonitorFreq>min5</DefaultMonitorFreq>
                <SupportMonitorFreq>min1,min5,min10,min30,hour1,hour4,hour8</SupportMonitorFreq>
                <IsAlert>false</IsAlert>
                <DefaultFlapping>1</DefaultFlapping>
                <Thresholds>
                    <Threshold operator="&lt;=" defaultvalue="100" stateid="Normal"/>
                    <Threshold operator="&lt;" defaultvalue="90" stateid="Minor"/>
                    <Threshold operator="&lt;" defaultvalue="80" stateid="Major"/>
                </Thresholds>
            </Metric>
            <Metric id="qcacheHitRate" style="PerformanceMetric" name="查询缓存命中率" description="查询缓存命中率" unit="%">
                <IsDisplay displayOrder="401400164">true</IsDisplay>
                <IsMonitor>true</IsMonitor>
                <IsEdit>false</IsEdit>
                <DefaultMonitorFreq>min5</DefaultMonitorFreq>
                <SupportMonitorFreq>min1,min5,min10,min30,hour1,hour4,hour8</SupportMonitorFreq>
                <IsAlert>false</IsAlert>
                <DefaultFlapping>1</DefaultFlapping>
                <Thresholds>
                    <Threshold operator="&gt;" defaultvalue="95" stateid="Normal"/>
                    <Threshold operator="&lt;=" defaultvalue="95" stateid="Minor"/>
                    <Threshold operator="&lt;=" defaultvalue="85" stateid="Major"/>
                </Thresholds>
            </Metric>
            <Metric id="qcacheUsesRate" style="PerformanceMetric" name="查询缓存利用率" description="查询缓存利用率" unit="%">
                <IsDisplay displayOrder="401400166">true</IsDisplay>
                <IsMonitor>true</IsMonitor>
                <IsEdit>false</IsEdit>
                <DefaultMonitorFreq>min5</DefaultMonitorFreq>
                <SupportMonitorFreq>min1,min5,min10,min30,hour1,hour4,hour8</SupportMonitorFreq>
                <IsAlert>false</IsAlert>
                <DefaultFlapping>1</DefaultFlapping>
                <Thresholds>
                    <Threshold operator="&lt;" defaultvalue="90" stateid="Normal"/>
                    <Threshold operator="&gt;=" defaultvalue="90" stateid="Minor"/>
                    <Threshold operator="&gt;=" defaultvalue="95" stateid="Major"/>
                </Thresholds>
            </Metric>
            <Metric id="qcacheBlockRate" style="PerformanceMetric" name="查询缓存碎片率" description="查询缓存碎片率" unit="%">
                <IsDisplay displayOrder="401400165">true</IsDisplay>
                <IsMonitor>true</IsMonitor>
                <IsEdit>false</IsEdit>
                <DefaultMonitorFreq>min5</DefaultMonitorFreq>
                <SupportMonitorFreq>min1,min5,min10,min30,hour1,hour4,hour8</SupportMonitorFreq>
                <IsAlert>false</IsAlert>
                <DefaultFlapping>1</DefaultFlapping>
                <Thresholds>
                    <Threshold operator="&lt;" defaultvalue="90" stateid="Normal"/>
                    <Threshold operator="&gt;=" defaultvalue="90" stateid="Minor"/>
                    <Threshold operator="&gt;=" defaultvalue="95" stateid="Major"/>
                </Thresholds>
            </Metric>
            <Metric id="curProcessCount" style="InformationMetric" name="数据库服务进程数" description="数据库服务进程数" unit="个">
                <IsDisplay displayOrder="401400110">true</IsDisplay>
                <IsMonitor>true</IsMonitor>
                <IsEdit>false</IsEdit>
                <DefaultMonitorFreq>day1</DefaultMonitorFreq>
                <SupportMonitorFreq>hour1,day1</SupportMonitorFreq>
                <IsAlert>false</IsAlert>
                <DefaultFlapping>1</DefaultFlapping>
            </Metric>
            <Metric id="Aborted_clients" style="InformationMetric" name="客户端未正确关闭连接已死掉或放弃的数量" description="客户端未正确关闭连接已死掉或放弃的数量" unit="个">
                <IsDisplay displayOrder="499900030">true</IsDisplay>
                <IsMonitor>true</IsMonitor>
                <IsEdit>false</IsEdit>
                <DefaultMonitorFreq>day1</DefaultMonitorFreq>
                <SupportMonitorFreq>hour1,day1</SupportMonitorFreq>
                <IsAlert>false</IsAlert>
                <DefaultFlapping>1</DefaultFlapping>
            </Metric>
            <Metric id="Aborted_connects" style="InformationMetric" name="尝试连接服务器失败次数" description="尝试连接服务器失败次数" unit="次">
                <IsDisplay displayOrder="499900035">true</IsDisplay>
                <IsMonitor>true</IsMonitor>
                <IsEdit>false</IsEdit>
                <DefaultMonitorFreq>day1</DefaultMonitorFreq>
                <SupportMonitorFreq>hour1,day1</SupportMonitorFreq>
                <IsAlert>false</IsAlert>
                <DefaultFlapping>1</DefaultFlapping>
            </Metric>
            <Metric id="Bytes_received" style="InformationMetric" name="服务器接收字节数" description="服务器接收字节数" unit="Byte">
                <IsDisplay displayOrder="499900040">true</IsDisplay>
                <IsMonitor>true</IsMonitor>
                <IsEdit>false</IsEdit>
                <DefaultMonitorFreq>day1</DefaultMonitorFreq>
                <SupportMonitorFreq>hour1,day1</SupportMonitorFreq>
                <IsAlert>false</IsAlert>
                <DefaultFlapping>1</DefaultFlapping>
            </Metric>
            <Metric id="Bytes_sent" style="InformationMetric" name="服务器发送字节数" description="服务器发送字节数" unit="Byte">
                <IsDisplay displayOrder="499900045">true</IsDisplay>
                <IsMonitor>true</IsMonitor>
                <IsEdit>false</IsEdit>
                <DefaultMonitorFreq>day1</DefaultMonitorFreq>
                <SupportMonitorFreq>hour1,day1</SupportMonitorFreq>
                <IsAlert>false</IsAlert>
                <DefaultFlapping>1</DefaultFlapping>
            </Metric>
            <Metric id="Connections" style="InformationMetric" name="连接服务器次数" description="连接服务器次数" unit="次">
                <IsDisplay displayOrder="499900050">true</IsDisplay>
                <IsMonitor>true</IsMonitor>
                <IsEdit>false</IsEdit>
                <DefaultMonitorFreq>day1</DefaultMonitorFreq>
                <SupportMonitorFreq>hour1,day1</SupportMonitorFreq>
                <IsAlert>false</IsAlert>
                <DefaultFlapping>1</DefaultFlapping>
            </Metric>
            <Metric id="Delayedthreads" style="InformationMetric" name="处理器延迟处理线程数" description="处理器延迟处理线程数" unit="个">
                <IsDisplay displayOrder="499900055">true</IsDisplay>
                <IsMonitor>true</IsMonitor>
                <IsEdit>false</IsEdit>
                <DefaultMonitorFreq>day1</DefaultMonitorFreq>
                <SupportMonitorFreq>hour1,day1</SupportMonitorFreq>
                <IsAlert>false</IsAlert>
                <DefaultFlapping>1</DefaultFlapping>
            </Metric>
            <Metric id="Delayed_errors" style="InformationMetric" name="INSERT DELAYED写入错误行数" description="INSERT DELAYED写入错误行数" unit="行">
                <IsDisplay displayOrder="499900060">true</IsDisplay>
                <IsMonitor>true</IsMonitor>
                <IsEdit>false</IsEdit>
                <DefaultMonitorFreq>day1</DefaultMonitorFreq>
                <SupportMonitorFreq>hour1,day1</SupportMonitorFreq>
                <IsAlert>false</IsAlert>
                <DefaultFlapping>1</DefaultFlapping>
            </Metric>
            <Metric id="Flush_commands" style="InformationMetric" name="FLUSH命令执行次数" description="FLUSH命令执行次数" unit="次">
                <IsDisplay displayOrder="499900065">true</IsDisplay>
                <IsMonitor>true</IsMonitor>
                <IsEdit>false</IsEdit>
                <DefaultMonitorFreq>day1</DefaultMonitorFreq>
                <SupportMonitorFreq>hour1,day1</SupportMonitorFreq>
                <IsAlert>false</IsAlert>
                <DefaultFlapping>1</DefaultFlapping>
            </Metric>
            <Metric id="Handler_delete" style="InformationMetric" name="请求删除行的次数" description="请求删除行的次数" unit="次">
                <IsDisplay displayOrder="499900070">true</IsDisplay>
                <IsMonitor>true</IsMonitor>
                <IsEdit>false</IsEdit>
                <DefaultMonitorFreq>day1</DefaultMonitorFreq>
                <SupportMonitorFreq>hour1,day1</SupportMonitorFreq>
                <IsAlert>false</IsAlert>
                <DefaultFlapping>1</DefaultFlapping>
            </Metric>
            <Metric id="Handreadfirst" style="InformationMetric" name="请求读取第一行的次数" description="请求读取第一行的次数" unit="次">
                <IsDisplay displayOrder="499900075">true</IsDisplay>
                <IsMonitor>true</IsMonitor>
                <IsEdit>false</IsEdit>
                <DefaultMonitorFreq>day1</DefaultMonitorFreq>
                <SupportMonitorFreq>hour1,day1</SupportMonitorFreq>
                <IsAlert>false</IsAlert>
                <DefaultFlapping>1</DefaultFlapping>
            </Metric>
            <Metric id="Handnext" style="InformationMetric" name="请求读取下一行的次数" description="请求读取下一行的次数" unit="次">
                <IsDisplay displayOrder="499900080">true</IsDisplay>
                <IsMonitor>true</IsMonitor>
                <IsEdit>false</IsEdit>
                <DefaultMonitorFreq>day1</DefaultMonitorFreq>
                <SupportMonitorFreq>hour1,day1</SupportMonitorFreq>
                <IsAlert>false</IsAlert>
                <DefaultFlapping>1</DefaultFlapping>
            </Metric>
            <Metric id="Handlerrnd" style="InformationMetric" name="请求读取某行的次数" description="请求读取某行的次数" unit="次">
                <IsDisplay displayOrder="499900085">true</IsDisplay>
                <IsMonitor>true</IsMonitor>
                <IsEdit>false</IsEdit>
                <DefaultMonitorFreq>day1</DefaultMonitorFreq>
                <SupportMonitorFreq>hour1,day1</SupportMonitorFreq>
                <IsAlert>false</IsAlert>
                <DefaultFlapping>1</DefaultFlapping>
            </Metric>
            <Metric id="Handler_update" style="InformationMetric" name="请求更新一行的次数" description="请求更新一行的次数" unit="次">
                <IsDisplay displayOrder="499900090">true</IsDisplay>
                <IsMonitor>true</IsMonitor>
                <IsEdit>false</IsEdit>
                <DefaultMonitorFreq>day1</DefaultMonitorFreq>
                <SupportMonitorFreq>hour1,day1</SupportMonitorFreq>
                <IsAlert>false</IsAlert>
                <DefaultFlapping>1</DefaultFlapping>
            </Metric>
            <Metric id="Handler_write" style="InformationMetric" name="请求写入一行的次数" description="请求写入一行的次数" unit="次">
                <IsDisplay displayOrder="499900095">true</IsDisplay>
                <IsMonitor>true</IsMonitor>
                <IsEdit>false</IsEdit>
                <DefaultMonitorFreq>day1</DefaultMonitorFreq>
                <SupportMonitorFreq>hour1,day1</SupportMonitorFreq>
                <IsAlert>false</IsAlert>
                <DefaultFlapping>1</DefaultFlapping>
            </Metric>
            <Metric id="Keyblocksused" style="InformationMetric" name="主键缓存块数" description="主键缓存块数" unit="个">
                <IsDisplay displayOrder="499900100">true</IsDisplay>
                <IsMonitor>true</IsMonitor>
                <IsEdit>false</IsEdit>
                <DefaultMonitorFreq>day1</DefaultMonitorFreq>
                <SupportMonitorFreq>hour1,day1</SupportMonitorFreq>
                <IsAlert>false</IsAlert>
                <DefaultFlapping>1</DefaultFlapping>
            </Metric>
            <Metric id="Keyreadreqs" style="InformationMetric" name="请求从缓存读入键值次数" description="请求从缓存读入键值次数" unit="次">
                <IsDisplay displayOrder="499900105">true</IsDisplay>
                <IsMonitor>true</IsMonitor>
                <IsEdit>false</IsEdit>
                <DefaultMonitorFreq>day1</DefaultMonitorFreq>
                <SupportMonitorFreq>hour1,day1</SupportMonitorFreq>
                <IsAlert>false</IsAlert>
                <DefaultFlapping>1</DefaultFlapping>
            </Metric>
            <Metric id="Key_reads" style="InformationMetric" name="请求从磁盘读入键值的次数" description="请求从磁盘读入键值的次数" unit="次">
                <IsDisplay displayOrder="499900110">true</IsDisplay>
                <IsMonitor>true</IsMonitor>
                <IsEdit>false</IsEdit>
                <DefaultMonitorFreq>day1</DefaultMonitorFreq>
                <SupportMonitorFreq>hour1,day1</SupportMonitorFreq>
                <IsAlert>false</IsAlert>
                <DefaultFlapping>1</DefaultFlapping>
            </Metric>
            <Metric id="cacheMissRate" style="PerformanceMetric" name="缓存失效率" description="缓存失效率" unit="%">
                <IsDisplay displayOrder="401400167">true</IsDisplay>
                <IsMonitor>true</IsMonitor>
                <IsEdit>false</IsEdit>
                <DefaultMonitorFreq>min5</DefaultMonitorFreq>
                <SupportMonitorFreq>min1,min5,min10,min30,hour1,hour4,hour8</SupportMonitorFreq>
                <IsAlert>false</IsAlert>
                <DefaultFlapping>1</DefaultFlapping>
                <Thresholds>
                    <Threshold operator="&lt;" defaultvalue="90" stateid="Normal"/>
                    <Threshold operator="&gt;=" defaultvalue="90" stateid="Minor"/>
                    <Threshold operator="&gt;=" defaultvalue="95" stateid="Major"/>
                </Thresholds>
            </Metric>
            <Metric id="Key_writes" style="InformationMetric" name="键值写入磁盘的次数" description="键值写入磁盘的次数" unit="次">
                <IsDisplay displayOrder="499900115">true</IsDisplay>
                <IsMonitor>true</IsMonitor>
                <IsEdit>false</IsEdit>
                <DefaultMonitorFreq>day1</DefaultMonitorFreq>
                <SupportMonitorFreq>hour1,day1</SupportMonitorFreq>
                <IsAlert>false</IsAlert>
                <DefaultFlapping>1</DefaultFlapping>
            </Metric>
            <Metric id="Maxusedconns" style="InformationMetric" name="最大并发连接数" description="最大并发连接数" unit="个">
                <IsDisplay displayOrder="499900120">true</IsDisplay>
                <IsMonitor>true</IsMonitor>
                <IsEdit>false</IsEdit>
                <DefaultMonitorFreq>day1</DefaultMonitorFreq>
                <SupportMonitorFreq>hour1,day1</SupportMonitorFreq>
                <IsAlert>false</IsAlert>
                <DefaultFlapping>1</DefaultFlapping>
            </Metric>
            <Metric id="Open_tables" style="InformationMetric" name="当前打开表的数量" description="当前打开表的数量" unit="个">
                <IsDisplay displayOrder="499900125">true</IsDisplay>
                <IsMonitor>true</IsMonitor>
                <IsEdit>false</IsEdit>
                <DefaultMonitorFreq>day1</DefaultMonitorFreq>
                <SupportMonitorFreq>hour1,day1</SupportMonitorFreq>
                <IsAlert>false</IsAlert>
                <DefaultFlapping>1</DefaultFlapping>
            </Metric>
            <Metric id="Open_files" style="InformationMetric" name="打开文件的数量" description="打开文件的数量" unit="个">
                <IsDisplay displayOrder="499900130">true</IsDisplay>
                <IsMonitor>true</IsMonitor>
                <IsEdit>false</IsEdit>
                <DefaultMonitorFreq>day1</DefaultMonitorFreq>
                <SupportMonitorFreq>hour1,day1</SupportMonitorFreq>
                <IsAlert>false</IsAlert>
                <DefaultFlapping>1</DefaultFlapping>
            </Metric>
            <Metric id="Open_streams" style="InformationMetric" name="打开流的数量" description="打开流的数量" unit="个">
                <IsDisplay displayOrder="499900135">true</IsDisplay>
                <IsMonitor>true</IsMonitor>
                <IsEdit>false</IsEdit>
                <DefaultMonitorFreq>day1</DefaultMonitorFreq>
                <SupportMonitorFreq>hour1,day1</SupportMonitorFreq>
                <IsAlert>false</IsAlert>
                <DefaultFlapping>1</DefaultFlapping>
            </Metric>
            <Metric id="Opened_tables" style="InformationMetric" name="自启动起打开表的数量" description="自启动起打开表的数量" unit="个">
                <IsDisplay displayOrder="499900140">true</IsDisplay>
                <IsMonitor>true</IsMonitor>
                <IsEdit>false</IsEdit>
                <DefaultMonitorFreq>day1</DefaultMonitorFreq>
                <SupportMonitorFreq>hour1,day1</SupportMonitorFreq>
                <IsAlert>false</IsAlert>
                <DefaultFlapping>1</DefaultFlapping>
            </Metric>
            <Metric id="Questions" style="InformationMetric" name="查询请求数" description="查询请求数" unit="个">
                <IsDisplay displayOrder="499900145">true</IsDisplay>
                <IsMonitor>true</IsMonitor>
                <IsEdit>false</IsEdit>
                <DefaultMonitorFreq>day1</DefaultMonitorFreq>
                <SupportMonitorFreq>hour1,day1</SupportMonitorFreq>
                <IsAlert>false</IsAlert>
                <DefaultFlapping>1</DefaultFlapping>
            </Metric>
            <Metric id="Slow_queries" style="InformationMetric" name="时间超长的查询数量" description="时间超长的查询数量" unit="个">
                <IsDisplay displayOrder="499900150">true</IsDisplay>
                <IsMonitor>true</IsMonitor>
                <IsEdit>false</IsEdit>
                <DefaultMonitorFreq>day1</DefaultMonitorFreq>
                <SupportMonitorFreq>hour1,day1</SupportMonitorFreq>
                <IsAlert>false</IsAlert>
                <DefaultFlapping>1</DefaultFlapping>
            </Metric>
            <Metric id="MySQLsInstanceID" style="InformationMetric" name="资源实例ID" description="资源实例ID" unit="">
                <IsDisplay displayOrder="1500">false</IsDisplay>
                <IsMonitor>false</IsMonitor>
                <IsEdit>false</IsEdit>
                <DefaultMonitorFreq>hour1</DefaultMonitorFreq>
                <SupportMonitorFreq>hour1,day1</SupportMonitorFreq>
                <IsAlert>false</IsAlert>
                <DefaultFlapping>1</DefaultFlapping>
            </Metric>
            <Metric id="deadlockTable" style="InformationMetric" name="死锁进程表" description="死锁进程表" unit="" isTable="true">
                <IsDisplay displayOrder="1510">true</IsDisplay>
                <IsMonitor>false</IsMonitor>
                <IsEdit>false</IsEdit>
                <DefaultMonitorFreq>day1</DefaultMonitorFreq>
                <SupportMonitorFreq>hour1,day1</SupportMonitorFreq>
                <IsAlert>false</IsAlert>
                <DefaultFlapping>1</DefaultFlapping>
            </Metric>
        </Metrics>
        <Properties>
            <Property id="hostName" name="hostName" metricid="hostName"/>
            <Property id="MySQLsInstanceID" name="MySQLsInstanceID" metricid="MySQLsInstanceID"/>
            <Property id="totalMemSize" name="totalMemSize" metricid="totalMemSize"/>
        </Properties>
        <Instantiation InstanceId="MySQLsInstanceID" InstanceName="MySQLsInstanceID"/>
    </Resource>
    <Resource id="MySQLDatabase" type="Database" icon="" name="数据库" description="数据库" parentid="MySQL">
        <Metrics>
            <Metric id="dbdataBaseName" style="InformationMetric" name="数据库名称" description="数据库名称" unit="">
                <IsDisplay displayOrder="2001">false</IsDisplay>
                <IsMonitor>false</IsMonitor>
                <IsEdit>false</IsEdit>
                <DefaultMonitorFreq>day1</DefaultMonitorFreq>
                <SupportMonitorFreq>hour1,day1</SupportMonitorFreq>
                <IsAlert>false</IsAlert>
                <DefaultFlapping>1</DefaultFlapping>
            </Metric>
            <Metric id="dbdatabaseSpace" style="InformationMetric" name="数据库大小" description="数据库大小" unit="MB">
                <IsDisplay displayOrder="2002">true</IsDisplay>
                <IsMonitor>true</IsMonitor>
                <IsEdit>false</IsEdit>
                <DefaultMonitorFreq>day1</DefaultMonitorFreq>
                <SupportMonitorFreq>hour1,day1</SupportMonitorFreq>
                <IsAlert>false</IsAlert>
                <DefaultFlapping>1</DefaultFlapping>
            </Metric>
            <Metric id="dbTableQty" style="InformationMetric" name="表个数" description="表个数" unit="个">
                <IsDisplay displayOrder="2003">true</IsDisplay>
                <IsMonitor>true</IsMonitor>
                <IsEdit>false</IsEdit>
                <DefaultMonitorFreq>day1</DefaultMonitorFreq>
                <SupportMonitorFreq>hour1,day1</SupportMonitorFreq>
                <IsAlert>false</IsAlert>
                <DefaultFlapping>1</DefaultFlapping>
            </Metric>
            <Metric id="dbAvailability" style="AvailabilityMetric" name="数据库可用性" description="数据库可用性" unit="">
                <IsDisplay displayOrder="2000">true</IsDisplay>
                <IsMonitor>true</IsMonitor>
                <IsEdit>false</IsEdit>
                <DefaultMonitorFreq>min1</DefaultMonitorFreq>
                <SupportMonitorFreq>sec30,min1,min5,min10,min30,hour1</SupportMonitorFreq>
                <IsAlert>false</IsAlert>
                <DefaultFlapping>2</DefaultFlapping>
            </Metric>
        </Metrics>
        <Properties>
            <Property id="dbdataBaseName" name="dbdataBaseName" metricid="dbdataBaseName"/>
        </Properties>
        <Instantiation InstanceId="dbdataBaseName" InstanceName="dbdataBaseName"/>
    </Resource>
</Capacity>
