<?xml version="1.0" encoding="UTF-8"?>

<MetricPlugins xmlns:xsi="http://www.w3.org/2001/XMLSchema-instance"
	version="1.0" xsi:noNamespaceSchemaLocation="../../../schema/Collect.xsd">
	<GlobalMetricSetting isEncrypt="FALSE" version="4.1.0" />
	<PluginClassAliasList>
		<PluginClassAlias id="defaultProcessor"
			class="com.mainsteam.stm.plugin.common.DefaultResultSetProcessor" />
		<PluginClassAlias id="defaultConverter"
			class="com.mainsteam.stm.plugin.common.DefaultResultSetConverter" />
		<PluginClassAlias id="selectProcessor"
			class="com.mainsteam.stm.plugin.common.SelectResultSetProcessor" />
		<PluginClassAlias id="columnPasteProcessor"
			class="com.mainsteam.stm.plugin.common.ColumnPasteProcessor" />
		<PluginClassAlias id="RegularFilter"
			class="com.mainsteam.stm.plugin.common.RegularFilter" />
		<PluginClassAlias id="subInstConverter"
			class="com.mainsteam.stm.plugin.common.SubInstResultSetConverter" />
		<PluginClassAlias id="availableConverter"
			class="com.mainsteam.stm.plugin.common.AvailableConverter" />
		<PluginClassAlias id="tableConverter"
			class="com.mainsteam.stm.plugin.common.TableResultSetConverter" />
		<PluginClassAlias id="translateProcessor"
			class="com.mainsteam.stm.plugin.common.TranslateResultSetProcessor" />
		<PluginClassAlias id="ChangeRateProcessor"
			class="com.mainsteam.stm.plugin.common.ChangeRateProcessor" />
		<PluginClassAlias id="rowFilterProcessor"
			class="com.mainsteam.stm.plugin.common.RowFilterProcessor" />
		<PluginClassAlias id="FormatProcessor"
			class="com.mainsteam.stm.plugin.common.FormatProcessor" />
	</PluginClassAliasList>
	<MetricPlugin metricid="PowerStatus" collectType=""
		pluginid="IpmiPlugin">
		<PluginResultMetaInfo columns="" />
		<PluginParameter type="ArrayType">
			<Parameter key="tool" value="ipmitool" />
			<Parameter key="command" value="chassis power status" />
		</PluginParameter>
		<PluginDataHandlers>
			<PluginDataHandler classKey="RegularFilter">
				<Parameter type="" key="REGULAR" value="Chassis\s+Power\s+is\s+(on)" />
			</PluginDataHandler>
			<PluginDataHandler classKey="translateProcessor">
				<Parameter type="" key="" value="on,1;0" />
			</PluginDataHandler>
			<PluginDataHandler classKey="availableConverter" />
		</PluginDataHandlers>
	</MetricPlugin>
	<MetricPlugin metricid="BoardMfgDate" collectType=""
		pluginid="IpmiPlugin">
		<PluginResultMetaInfo columns="model" />
		<PluginParameter type="ArrayType">
			<Parameter key="tool" value="ipmitool" />
			<Parameter type="" key="command" value="fru" />
		</PluginParameter>
		<PluginDataHandlers>
			<PluginDataHandler classKey="RegularFilter">
				<Parameter type="" key="REGULAR" value="Board\s+Mfg\s+Date\s+\:\s+(.+)" />
			</PluginDataHandler>
			<PluginDataHandler classKey="selectProcessor">
				<Parameter value="select first(model) as model" key="SELECT" />
			</PluginDataHandler>
		</PluginDataHandlers>
	</MetricPlugin>
	<MetricPlugin metricid="BoardMfg" collectType="" pluginid="IpmiPlugin">
		<PluginResultMetaInfo columns="model" />
		<PluginParameter type="ArrayType">
			<Parameter key="tool" value="ipmitool" />
			<Parameter type="" key="command" value="fru" />
		</PluginParameter>
		<PluginDataHandlers>
			<PluginDataHandler classKey="RegularFilter">
				<Parameter type="" key="REGULAR" value="Board\s+Mfg\s+:\s+(.+)" />
			</PluginDataHandler>
			<PluginDataHandler classKey="selectProcessor">
				<Parameter value="select first(model) as model" key="SELECT" />
			</PluginDataHandler>
		</PluginDataHandlers>
	</MetricPlugin>
	<MetricPlugin metricid="BoardProduct" collectType=""
		pluginid="IpmiPlugin">
		<PluginResultMetaInfo columns="model" />
		<PluginParameter type="ArrayType">
			<Parameter key="tool" value="ipmitool" />
			<Parameter type="" key="command" value="fru" />
		</PluginParameter>
		<PluginDataHandlers>
			<PluginDataHandler classKey="RegularFilter">
				<Parameter type="" key="REGULAR" value="Board\s+Product\s+:\s+(.+)" />
			</PluginDataHandler>
			<PluginDataHandler classKey="selectProcessor">
				<Parameter value="select first(model) as model" key="SELECT" />
			</PluginDataHandler>
		</PluginDataHandlers>
	</MetricPlugin>
	<MetricPlugin metricid="BoardSerial" collectType=""
		pluginid="IpmiPlugin">
		<PluginResultMetaInfo columns="model" />
		<PluginParameter type="ArrayType">
			<Parameter key="tool" value="ipmitool" />
			<Parameter type="" key="command" value="fru" />
		</PluginParameter>
		<PluginDataHandlers>
			<PluginDataHandler classKey="RegularFilter">
				<Parameter type="" key="REGULAR" value="Board\s+Serial\s+:\s+(.+)" />
			</PluginDataHandler>
			<PluginDataHandler classKey="selectProcessor">
				<Parameter value="select first(model) as model" key="SELECT" />
			</PluginDataHandler>
		</PluginDataHandlers>
	</MetricPlugin>
	<MetricPlugin metricid="BoardNumber" collectType=""
		pluginid="IpmiPlugin">
		<PluginResultMetaInfo columns="model" />
		<PluginParameter type="ArrayType">
			<Parameter key="tool" value="ipmitool" />
			<Parameter type="" key="command" value="fru" />
		</PluginParameter>
		<PluginDataHandlers>
			<PluginDataHandler classKey="RegularFilter">
				<Parameter type="" key="REGULAR" value="Board\s+Part\s+Number\s+:\s+(.+)" />
			</PluginDataHandler>
			<PluginDataHandler classKey="selectProcessor">
				<Parameter value="select first(model) as model" key="SELECT" />
			</PluginDataHandler>
		</PluginDataHandlers>
	</MetricPlugin>
	<MetricPlugin metricid="ProductManu" collectType=""
		pluginid="IpmiPlugin">
		<PluginResultMetaInfo columns="model" />
		<PluginParameter type="ArrayType">
			<Parameter key="tool" value="ipmitool" />
			<Parameter type="" key="command" value="fru" />
		</PluginParameter>
		<PluginDataHandlers>
			<PluginDataHandler classKey="RegularFilter">
				<Parameter type="" key="REGULAR" value="Product\s+Manufacturer\s+:\s+(.+)" />
			</PluginDataHandler>
			<PluginDataHandler classKey="selectProcessor">
				<Parameter value="select first(model) as model" key="SELECT" />
			</PluginDataHandler>
		</PluginDataHandlers>
	</MetricPlugin>
	<MetricPlugin metricid="ProductName" collectType=""
		pluginid="IpmiPlugin">
		<PluginResultMetaInfo columns="model" />
		<PluginParameter type="ArrayType">
			<Parameter key="tool" value="ipmitool" />
			<Parameter type="" key="command" value="fru" />
		</PluginParameter>
		<PluginDataHandlers>
			<PluginDataHandler classKey="RegularFilter">
				<Parameter type="" key="REGULAR" value="Product\s+Name\s+:\s+(.+)" />
			</PluginDataHandler>
			<PluginDataHandler classKey="selectProcessor">
				<Parameter value="select first(model) as model" key="SELECT" />
			</PluginDataHandler>
		</PluginDataHandlers>
	</MetricPlugin>
	<MetricPlugin metricid="ProductNumber" collectType=""
		pluginid="IpmiPlugin">
		<PluginResultMetaInfo columns="model" />
		<PluginParameter type="ArrayType">
			<Parameter key="tool" value="ipmitool" />
			<Parameter type="" key="command" value="fru" />
		</PluginParameter>
		<PluginDataHandlers>
			<PluginDataHandler classKey="RegularFilter">
				<Parameter type="" key="REGULAR" value="Board\s+Part\s+Number\s+\S+(.+)" />
			</PluginDataHandler>
			<PluginDataHandler classKey="selectProcessor">
				<Parameter value="select first(model) as model" key="SELECT" />
			</PluginDataHandler>
		</PluginDataHandlers>
	</MetricPlugin>
	<MetricPlugin metricid="ProductSerial" collectType=""
		pluginid="IpmiPlugin">
		<PluginResultMetaInfo columns="model" />
		<PluginParameter type="ArrayType">
			<Parameter key="tool" value="ipmitool" />
			<Parameter type="" key="command" value="fru" />
		</PluginParameter>
		<PluginDataHandlers>
			<PluginDataHandler classKey="RegularFilter">
				<Parameter type="" key="REGULAR" value="Board\s+Serial\s+\S+\s+(.+)" />
			</PluginDataHandler>
			<PluginDataHandler classKey="selectProcessor">
				<Parameter value="select first(model) as model" key="SELECT" />
			</PluginDataHandler>
		</PluginDataHandlers>
	</MetricPlugin>
	<MetricPlugin metricid="PowerSystem" collectType=""
		pluginid="IpmiPlugin">
		<PluginResultMetaInfo columns="" />
		<PluginParameter type="ArrayType">
			<Parameter key="tool" value="ipmitool" />
			<Parameter key="command" value="chassis status" />
		</PluginParameter>
		<PluginDataHandlers>
			<PluginDataHandler classKey="RegularFilter">
				<Parameter type="" key="REGULAR" value="System\s+Power\s+\S+\s+(\S+)" />
			</PluginDataHandler>
			<PluginDataHandler classKey="translateProcessor">
				<Parameter type="" key="" value="on,打开;关闭" />
			</PluginDataHandler>
		</PluginDataHandlers>
	</MetricPlugin>
	<MetricPlugin metricid="PowerOverload" collectType=""
		pluginid="IpmiPlugin">
		<PluginResultMetaInfo columns="" />
		<PluginParameter type="ArrayType">
			<Parameter key="tool" value="ipmitool" />
			<Parameter key="command" value="chassis status" />
		</PluginParameter>
		<PluginDataHandlers>
			<PluginDataHandler classKey="RegularFilter">
				<Parameter type="" key="REGULAR" value="Power\s+Overload\s+\S+\s+(\S+)" />
			</PluginDataHandler>
			<PluginDataHandler classKey="translateProcessor">
				<Parameter type="" key="" value="false,正常;过载" />
			</PluginDataHandler>
		</PluginDataHandlers>
	</MetricPlugin>
	<MetricPlugin metricid="PowerInterlock" collectType=""
		pluginid="IpmiPlugin">
		<PluginResultMetaInfo columns="" />
		<PluginParameter type="ArrayType">
			<Parameter key="tool" value="ipmitool" />
			<Parameter key="command" value="chassis status" />
		</PluginParameter>
		<PluginDataHandlers>
			<PluginDataHandler classKey="RegularFilter">
				<Parameter type="" key="REGULAR" value="Power\s+Interlock\s+\S+\s+(\S+)" />
			</PluginDataHandler>
			<PluginDataHandler classKey="translateProcessor">
				<Parameter type="" key="" value="inactive,未激活;激活" />
			</PluginDataHandler>
		</PluginDataHandlers>
	</MetricPlugin>
	<MetricPlugin metricid="MainPowerFault" collectType=""
		pluginid="IpmiPlugin">
		<PluginResultMetaInfo columns="" />
		<PluginParameter type="ArrayType">
			<Parameter key="tool" value="ipmitool" />
			<Parameter key="command" value="chassis status" />
		</PluginParameter>
		<PluginDataHandlers>
			<PluginDataHandler classKey="RegularFilter">
				<Parameter type="" key="REGULAR"
					value="Main\s+Power\s+Fault\s+\S+\s+(\S+)" />
			</PluginDataHandler>
			<PluginDataHandler classKey="translateProcessor">
				<Parameter type="" key="" value="false,正常;有错误" />
			</PluginDataHandler>
		</PluginDataHandlers>
	</MetricPlugin>
	<MetricPlugin metricid="PowerControl" collectType=""
		pluginid="IpmiPlugin">
		<PluginResultMetaInfo columns="" />
		<PluginParameter type="ArrayType">
			<Parameter key="tool" value="ipmitool" />
			<Parameter key="command" value="chassis status" />
		</PluginParameter>
		<PluginDataHandlers>
			<PluginDataHandler classKey="RegularFilter">
				<Parameter type="" key="REGULAR"
					value="Power\s+Control\s+Fault\s+\S+\s+(\S+)" />
			</PluginDataHandler>
			<PluginDataHandler classKey="translateProcessor">
				<Parameter type="" key="" value="false,正常;有错误" />
			</PluginDataHandler>
		</PluginDataHandlers>
	</MetricPlugin>
	<MetricPlugin metricid="PowerRestore" collectType=""
		pluginid="IpmiPlugin">
		<PluginResultMetaInfo columns="" />
		<PluginParameter type="ArrayType">
			<Parameter key="tool" value="ipmitool" />
			<Parameter key="command" value="chassis status" />
		</PluginParameter>
		<PluginDataHandlers>
			<PluginDataHandler classKey="RegularFilter">
				<Parameter type="" key="REGULAR"
					value="Power\s+Restore\s+Policy\s+\S+\s+(\S+)" />
			</PluginDataHandler>
		</PluginDataHandlers>
	</MetricPlugin>
	<MetricPlugin metricid="ChassisIntrusion" collectType=""
		pluginid="IpmiPlugin">
		<PluginResultMetaInfo columns="" />
		<PluginParameter type="ArrayType">
			<Parameter key="tool" value="ipmitool" />
			<Parameter key="command" value="chassis status" />
		</PluginParameter>
		<PluginDataHandlers>
			<PluginDataHandler classKey="RegularFilter">
				<Parameter type="" key="REGULAR" value="Chassis\s+Intrusion\s+\S+\s+(\S+)" />
			</PluginDataHandler>
			<PluginDataHandler classKey="translateProcessor">
				<Parameter type="" key="" value="inactive,未激活;激活" />
			</PluginDataHandler>
		</PluginDataHandlers>
	</MetricPlugin>
	<MetricPlugin metricid="FrontPanel" collectType=""
		pluginid="IpmiPlugin">
		<PluginResultMetaInfo columns="" />
		<PluginParameter type="ArrayType">
			<Parameter key="tool" value="ipmitool" />
			<Parameter key="command" value="chassis status" />
		</PluginParameter>
		<PluginDataHandlers>
			<PluginDataHandler classKey="RegularFilter">
				<Parameter type="" key="REGULAR"
					value="Front-Panel\s+Lockout\s+\S+\s+(\S+)" />
			</PluginDataHandler>
			<PluginDataHandler classKey="translateProcessor">
				<Parameter type="" key="" value="inactive,未激活;激活" />
			</PluginDataHandler>
		</PluginDataHandlers>
	</MetricPlugin>
	<MetricPlugin metricid="DriveFault" collectType=""
		pluginid="IpmiPlugin">
		<PluginResultMetaInfo columns="" />
		<PluginParameter type="ArrayType">
			<Parameter key="tool" value="ipmitool" />
			<Parameter key="command" value="chassis status" />
		</PluginParameter>
		<PluginDataHandlers>
			<PluginDataHandler classKey="RegularFilter">
				<Parameter type="" key="REGULAR" value="Drive\s+Fault\s+\S+\s+(\S+)" />
			</PluginDataHandler>
			<PluginDataHandler classKey="translateProcessor">
				<Parameter type="" key="" value="false,正常;有错误" />
			</PluginDataHandler>
		</PluginDataHandlers>
	</MetricPlugin>
	<MetricPlugin metricid="FanFault" collectType="" pluginid="IpmiPlugin">
		<PluginResultMetaInfo columns="" />
		<PluginParameter type="ArrayType">
			<Parameter key="tool" value="ipmitool" />
			<Parameter key="command" value="chassis status" />
		</PluginParameter>
		<PluginDataHandlers>
			<PluginDataHandler classKey="RegularFilter">
				<Parameter type="" key="REGULAR" value="Cooling/Fan\s+Fault\s+\S+\s+(\S+)" />
			</PluginDataHandler>
			<PluginDataHandler classKey="translateProcessor">
				<Parameter type="" key="" value="false,正常;有错误" />
			</PluginDataHandler>
		</PluginDataHandlers>
	</MetricPlugin>
	<MetricPlugin metricid="InletOneTemp" collectType=""
		pluginid="IpmiPlugin">
		<PluginResultMetaInfo columns="" />
		<PluginParameter type="ArrayType">
			<Parameter key="tool" value="ipmitool" />
			<Parameter key="command" value="sdr type Temperature" />
		</PluginParameter>
		<PluginDataHandlers>
			<PluginDataHandler classKey="RegularFilter">
				<Parameter type="" key="REGULAR"
					value="Inlet\s+1\s+Temp\s+\|\s+\S+\s+\|\s+\S+\s+\|\s+\S+\s+\|\s+(\S+)\s+degrees C" />
			</PluginDataHandler>
		</PluginDataHandlers>
	</MetricPlugin>
	<MetricPlugin metricid="InletTwoTemp" collectType=""
		pluginid="IpmiPlugin">
		<PluginResultMetaInfo columns="" />
		<PluginParameter type="ArrayType">
			<Parameter key="tool" value="ipmitool" />
			<Parameter key="command" value="sdr type Temperature" />
		</PluginParameter>
		<PluginDataHandlers>
			<PluginDataHandler classKey="RegularFilter">
				<Parameter type="" key="REGULAR"
					value="Inlet\s+2\s+Temp\s+\|\s+\S+\s+\|\s+\S+\s+\|\s+\S+\s+\|\s+(\S+)\s+degrees C" />
			</PluginDataHandler>
		</PluginDataHandlers>
	</MetricPlugin>
	<!-- CPU -->
	<MetricPlugin metricid="cpuIndex" collectType=""
		pluginid="IpmiPlugin">
		<PluginResultMetaInfo columns="cpuIndex" />
		<PluginParameter type="ArrayType">
			<Parameter key="tool" value="ipmitool" />
			<Parameter type="" key="command" value="sdr type Temperature" />
		</PluginParameter>
		<PluginDataHandlers>
			<PluginDataHandler classKey="RegularFilter">
				<Parameter type="" key="REGULAR" value="(CPU\s*\d+)\s+Temp" />
			</PluginDataHandler>
		</PluginDataHandlers>
		<PluginDataConverter classKey="subInstConverter">
			<Parameter type="" key="IndexColumnTitle" value="cpuIndex" />
			<Parameter type="" key="ValueColumnTitle" value="cpuIndex" />
		</PluginDataConverter>
	</MetricPlugin>
	<MetricPlugin metricid="cpuStatus" collectType=""
		pluginid="IpmiPlugin">
		<PluginResultMetaInfo columns="cpuStatus" />
		<PluginParameter type="ArrayType">
			<Parameter key="tool" value="ipmitool" />
			<Parameter type="" key="command" value="sdr type Temperature" />
		</PluginParameter>
		<PluginDataHandlers>
			<PluginDataHandler classKey="RegularFilter">
				<Parameter type="ResourceProperty" key="cpuIndex"
					value="cpuIndex" />
				<Parameter type="" key="REGULAR"
					value="${cpuIndex}\s+Temp\s+\|\s+\S+\s+\|\s+(\S+)" />
			</PluginDataHandler>
			<PluginDataHandler classKey="translateProcessor">
				<Parameter type="" key="cpuStatus" value="ok,1;0" />
			</PluginDataHandler>
		</PluginDataHandlers>
	</MetricPlugin>
	<MetricPlugin metricid="cpuTemp" collectType=""
		pluginid="IpmiPlugin">
		<PluginResultMetaInfo columns="" />
		<PluginParameter type="ArrayType">
			<Parameter key="tool" value="ipmitool" />
			<Parameter type="" key="command" value="sdr type Temperature" />
		</PluginParameter>
		<PluginDataHandlers>
			<PluginDataHandler classKey="RegularFilter">
				<Parameter type="ResourceProperty" key="cpuIndex"
					value="cpuIndex" />
				<Parameter type="" key="REGULAR"
					value="${cpuIndex}\s+Temp\s+\|\s+\S+\s+\|\s+\S+\s+\|\s+\S+\s+\|\s+(\d+)\s+degrees C" />
			</PluginDataHandler>
		</PluginDataHandlers>
	</MetricPlugin>
	<!-- Drive -->
	<MetricPlugin metricid="DriveIndex" collectType=""
		pluginid="IpmiPlugin">
		<PluginResultMetaInfo columns="DriveIndex" />
		<PluginParameter type="ArrayType">
			<Parameter key="tool" value="ipmitool" />
			<Parameter type="" key="command" value="sdr type 'Drive Slot / Bay'" />
		</PluginParameter>
		<PluginDataHandlers>
			<PluginDataHandler classKey="RegularFilter">
				<Parameter type="" key="REGULAR" value="(Drive\s+\d+)" />
			</PluginDataHandler>
		</PluginDataHandlers>
		<PluginDataConverter classKey="subInstConverter">
			<Parameter type="" key="IndexColumnTitle" value="DriveIndex" />
			<Parameter type="" key="ValueColumnTitle" value="DriveIndex" />
		</PluginDataConverter>
	</MetricPlugin>
	<MetricPlugin metricid="DriveStatus" collectType=""
		pluginid="IpmiPlugin">
		<PluginResultMetaInfo columns="DriveStatus" />
		<PluginParameter type="ArrayType">
			<Parameter key="tool" value="ipmitool" />
			<Parameter type="" key="command" value="sdr type 'Drive Slot / Bay'" />
		</PluginParameter>
		<PluginDataHandlers>
			<PluginDataHandler classKey="RegularFilter">
				<Parameter type="ResourceProperty" key="DriveIndex" value="DriveIndex" />
				<Parameter type="" key="REGULAR"
					value="${DriveIndex}\s+\|\s+\S+\s+\|\s+(\S+)" />
			</PluginDataHandler>
			<PluginDataHandler classKey="translateProcessor">
				<Parameter type="" key="DriveStatus" value="ok,1;0" />
			</PluginDataHandler>
		</PluginDataHandlers>
	</MetricPlugin>
	<MetricPlugin metricid="DriveState" collectType=""
		pluginid="IpmiPlugin">
		<PluginResultMetaInfo columns="DriveState" />
		<PluginParameter type="ArrayType">
			<Parameter key="tool" value="ipmitool" />
			<Parameter type="" key="command" value="sdr type 'Drive Slot / Bay'" />
		</PluginParameter>
		<PluginDataHandlers>
			<PluginDataHandler classKey="RegularFilter">
				<Parameter type="ResourceProperty" key="DriveIndex" value="DriveIndex" />
				<Parameter type="" key="REGULAR"
					value="${DriveIndex}\s+\|\s+\S+\s+\|\s+\S+\s+\|\s+\S+\s+\|(.+)" />
			</PluginDataHandler>
			<PluginDataHandler classKey="translateProcessor">
				<Parameter type="" key="DriveState" value=" Drive Present,1;0" />
			</PluginDataHandler>
		</PluginDataHandlers>
	</MetricPlugin>
	<!-- 内存卡 -->
	<MetricPlugin metricid="DIMMIndex" collectType=""
		pluginid="IpmiPlugin">
		<PluginResultMetaInfo columns="DIMMIndex" />
		<PluginParameter type="ArrayType">
			<Parameter key="tool" value="ipmitool" />
			<Parameter type="" key="command" value="sdr type Memory" />
		</PluginParameter>
		<PluginDataHandlers>
			<PluginDataHandler classKey="RegularFilter">
				<Parameter type="" key="REGULAR" value="(DIMM\s+\d+)" />
			</PluginDataHandler>
		</PluginDataHandlers>
		<PluginDataConverter classKey="subInstConverter">
			<Parameter type="" key="IndexColumnTitle" value="DIMMIndex" />
			<Parameter type="" key="ValueColumnTitle" value="DIMMIndex" />
		</PluginDataConverter>
	</MetricPlugin>
	<MetricPlugin metricid="DIMMStatus" collectType=""
		pluginid="IpmiPlugin">
		<PluginResultMetaInfo columns="DIMMStatus" />
		<PluginParameter type="ArrayType">
			<Parameter key="tool" value="ipmitool" />
			<Parameter type="" key="command" value="sdr type Memory" />
		</PluginParameter>
		<PluginDataHandlers>
			<PluginDataHandler classKey="RegularFilter">
				<Parameter type="ResourceProperty" key="DIMMIndex" value="DIMMIndex" />
				<Parameter type="" key="REGULAR"
					value="${DIMMIndex}\s+\|\s+\S+\s+\|\s+(\S+)" />
			</PluginDataHandler>
			<PluginDataHandler classKey="translateProcessor">
				<Parameter type="" key="DIMMStatus" value="ok,1;0" />
			</PluginDataHandler>
		</PluginDataHandlers>
	</MetricPlugin>
	<MetricPlugin metricid="DIMMState" collectType=""
		pluginid="IpmiPlugin">
		<PluginResultMetaInfo columns="DIMMState" />
		<PluginParameter type="ArrayType">
			<Parameter key="tool" value="ipmitool" />
			<Parameter type="" key="command" value="sdr type Memory" />
		</PluginParameter>
		<PluginDataHandlers>
			<PluginDataHandler classKey="RegularFilter">
				<Parameter type="ResourceProperty" key="DIMMIndex" value="DIMMIndex" />
				<Parameter type="" key="REGULAR"
					value="${DIMMIndex}\s+\|\s+\S+\s+\|\s+\S+\s+\|\s+\S+\s+\|(.+)" />
			</PluginDataHandler>
			<PluginDataHandler classKey="translateProcessor">
				<Parameter type="" key="DIMMState" value=" Presence Detected,1;0" />
			</PluginDataHandler>
		</PluginDataHandlers>
	</MetricPlugin>
</MetricPlugins>
