<?xml version="1.0" encoding="UTF-8"?>

<MetricPlugins xmlns:xsi="http://www.w3.org/2001/XMLSchema-instance" version="1.0" xsi:noNamespaceSchemaLocation="../../../schema/Collect.xsd">
    <GlobalMetricSetting isEncrypt="FALSE" version="4.1.0"/>
    <PluginClassAliasList>
        <PluginClassAlias id="defaultProcessor" class="com.mainsteam.stm.plugin.common.DefaultResultSetProcessor"/>
        <PluginClassAlias id="defaultConverter" class="com.mainsteam.stm.plugin.common.DefaultResultSetConverter"/>
        <PluginClassAlias id="selectProcessor" class="com.mainsteam.stm.plugin.common.SelectResultSetProcessor"/>
        <PluginClassAlias id="columnPasteProcessor" class="com.mainsteam.stm.plugin.common.ColumnPasteProcessor"/>
        <PluginClassAlias id="RegularFilter" class="com.mainsteam.stm.plugin.common.RegularFilter"/>
        <PluginClassAlias id="subInstConverter" class="com.mainsteam.stm.plugin.common.SubInstResultSetConverter"/>
        <PluginClassAlias id="availableConverter" class="com.mainsteam.stm.plugin.common.AvailableConverter"/>
        <PluginClassAlias id="tableConverter" class="com.mainsteam.stm.plugin.common.TableResultSetConverter"/>
        <PluginClassAlias id="translateProcessor" class="com.mainsteam.stm.plugin.common.TranslateResultSetProcessor"/>
        <PluginClassAlias id="ChangeRateProcessor" class="com.mainsteam.stm.plugin.common.ChangeRateProcessor"/>
        <PluginClassAlias id="rowFilterProcessor" class="com.mainsteam.stm.plugin.common.RowFilterProcessor"/>
        <PluginClassAlias id="FormatProcessor" class="com.mainsteam.stm.plugin.common.FormatProcessor"/>
        <PluginClassAlias id="RowFilterByInstPropertyProcessor" class="com.mainsteam.stm.plugin.common.RowFilterByInstPropertyProcessor"/>
        <PluginClassAlias id="rangeCheckProcessor" class="com.mainsteam.stm.plugin.common.RangeCheckProcessor"/>
    </PluginClassAliasList>
    <MetricPlugin metricid="snmpAvailability" collectType="SNMP" pluginid="SnmpPlugin">
        <PluginResultMetaInfo columns="sysoid"/>
        <PluginParameter type="ArrayType">
            <Parameter type="" key="method" value="get"/>
            <Parameter type="" key="" value="1.3.6.1.2.1.1.2.0"/>
        </PluginParameter>
        <PluginDataHandlers>
            <PluginDataHandler classKey="selectProcessor">
                <Parameter type="" key="SELECT" value="SELECT (count(sysoid)) as availability"/>
            </PluginDataHandler>
            <PluginDataHandler classKey="translateProcessor">
                <Parameter type="" key="availability" value="0,16;1"/>
            </PluginDataHandler>
        </PluginDataHandlers>
    </MetricPlugin>
    <MetricPlugin metricid="macAddress" collectType="SNMP" pluginid="SnmpPlugin">
        <PluginResultMetaInfo columns="NICIndex,NICPhysAddress"/>
        <PluginParameter type="ArrayType">
            <Parameter type="" key="method" value="walk"/>
            <Parameter type="" key="" value="1.3.6.1.2.1.2.2.1.6"/>
        </PluginParameter>
        <PluginDataHandlers>
            <PluginDataHandler classKey="selectProcessor">
                <Parameter type="" key="SELECT" value="SELECT NICPhysAddress"/>
            </PluginDataHandler>
            <PluginDataHandler classKey="RegularFilter">
                <Parameter type="" key="REGULAR" value="(\S+)"/>
            </PluginDataHandler>
            <PluginDataHandler classKey="rowFilterProcessor">
                <Parameter value="" key="MacAddress"/>
            </PluginDataHandler>
        </PluginDataHandlers>
    </MetricPlugin>
    <MetricPlugin metricid="Name" collectType="SNMP" pluginid="SnmpPlugin">
        <PluginResultMetaInfo columns=""/>
        <PluginParameter type="ArrayType">
            <Parameter type="" key="method" value="get"/>
            <Parameter type="" key="" value="1.3.6.1.2.1.1.5.0"/>
        </PluginParameter>
    </MetricPlugin>
    <MetricPlugin metricid="availability" collectType="" pluginid="IcmpPlugin">
        <PluginResultMetaInfo columns="ip,isAlive,ResponseTime"/>
        <PluginParameter type="ArrayType">
            <Parameter type="DiscoveryInfo" key="IP" value="IP"/>
        </PluginParameter>
        <PluginDataHandlers>
            <PluginDataHandler classKey="selectProcessor">
                <Parameter type="" key="SELECT" value="SELECT isAlive"/>
            </PluginDataHandler>
        </PluginDataHandlers>
    </MetricPlugin>
    <MetricPlugin metricid="icmpDelayTime" collectType="" pluginid="IcmpPlugin">
        <PluginResultMetaInfo columns="ip,isAlive,ResponseTime"/>
        <PluginParameter type="ArrayType">
            <Parameter type="DiscoveryInfo" key="IP" value="IP"/>
        </PluginParameter>
        <PluginDataHandlers>
            <PluginDataHandler classKey="selectProcessor">
                <Parameter type="" key="SELECT" value="SELECT ResponseTime"/>
            </PluginDataHandler>
        </PluginDataHandlers>
    </MetricPlugin>
    <MetricPlugin metricid="sysObjectID" collectType="SNMP" pluginid="SnmpPlugin">
        <PluginResultMetaInfo columns=""/>
        <PluginParameter type="ArrayType">
            <Parameter type="" key="method" value="get"/>
            <Parameter type="" key="" value="1.3.6.1.2.1.1.2.0"/>
        </PluginParameter>
    </MetricPlugin>
    <MetricPlugin metricid="sysUpTime" collectType="SNMP" pluginid="SnmpPlugin">
        <PluginResultMetaInfo columns="sysUpTime"/>
        <PluginParameter type="ArrayType">
            <Parameter type="" key="method" value="get"/>
            <Parameter type="" key="" value="1.3.6.1.2.1.1.3.0"/>
        </PluginParameter>
        <PluginDataHandlers>
            <PluginDataHandler classKey="selectProcessor">
                <Parameter type="" key="SELECT" value="SELECT sysUpTime/100 as sysUpTime"/>
            </PluginDataHandler>
        </PluginDataHandlers>
    </MetricPlugin>
    <MetricPlugin metricid="sysDescr" collectType="SNMP" pluginid="SnmpPlugin">
        <PluginResultMetaInfo columns=""/>
        <PluginParameter type="ArrayType">
            <Parameter type="" key="method" value="get"/>
            <Parameter type="" key="" value="1.3.6.1.2.1.1.1.0"/>
        </PluginParameter>
    </MetricPlugin>
    <MetricPlugin metricid="ip" collectType="SNMP" pluginid="SnmpPlugin">
        <PluginResultMetaInfo columns=""/>
        <PluginParameter type="ArrayType">
            <Parameter type="" key="method" value="walk"/>
            <Parameter type="" key="" value="1.3.6.1.2.1.4.20.1.1"/>
        </PluginParameter>
    </MetricPlugin>
    <MetricPlugin metricid="airFlow" collectType="SNMP" pluginid="SnmpPlugin">
        <PluginResultMetaInfo columns=""/>
        <PluginParameter type="ArrayType">
            <Parameter type="" key="method" value="get"/>
            <Parameter type="" key="" value="1.3.6.1.4.1.318.1.1.13.3.3.1.1.1.2.0"/>
        </PluginParameter>
    </MetricPlugin>
    <MetricPlugin metricid="airMaxInletTempt" collectType="SNMP" pluginid="SnmpPlugin">
        <PluginResultMetaInfo columns="airMaxInletTempt"/>
        <PluginParameter type="ArrayType">
            <Parameter type="" key="method" value="get"/>
            <Parameter type="" key="" value="1.3.6.1.4.1.318.1.1.13.3.3.1.1.1.4.0"/>
        </PluginParameter>
        <PluginDataHandlers>
            <PluginDataHandler classKey="selectProcessor">
                <Parameter type="" key="SELECT" value="SELECT airMaxInletTempt/10 as airMaxInletTempt"/>
            </PluginDataHandler>
        </PluginDataHandlers>
    </MetricPlugin>
    <MetricPlugin metricid="airMinInletTempt" collectType="SNMP" pluginid="SnmpPlugin">
        <PluginResultMetaInfo columns="airMinInletTempt"/>
        <PluginParameter type="ArrayType">
            <Parameter type="" key="method" value="get"/>
            <Parameter type="" key="" value="1.3.6.1.4.1.318.1.1.13.3.3.1.1.1.6.0"/>
        </PluginParameter>
        <PluginDataHandlers>
            <PluginDataHandler classKey="selectProcessor">
                <Parameter type="" key="SELECT" value="SELECT airMinInletTempt/10 as airMinInletTempt"/>
            </PluginDataHandler>
        </PluginDataHandlers>
    </MetricPlugin>
    <MetricPlugin metricid="airCoolDemand" collectType="SNMP" pluginid="SnmpPlugin">
        <PluginResultMetaInfo columns="airCoolDemand"/>
        <PluginParameter type="ArrayType">
            <Parameter type="" key="method" value="get"/>
            <Parameter type="" key="" value="1.3.6.1.4.1.318.1.1.13.3.3.1.1.1.7.0"/>
        </PluginParameter>
        <PluginDataHandlers>
            <PluginDataHandler classKey="selectProcessor">
                <Parameter type="" key="SELECT" value="SELECT airCoolDemand/10 as airCoolDemand"/>
            </PluginDataHandler>
        </PluginDataHandlers>
    </MetricPlugin>
    <MetricPlugin metricid="airCoolOutput" collectType="SNMP" pluginid="SnmpPlugin">
        <PluginResultMetaInfo columns="airCoolOutput"/>
        <PluginParameter type="ArrayType">
            <Parameter type="" key="method" value="get"/>
            <Parameter type="" key="" value="1.3.6.1.4.1.318.1.1.13.3.3.1.1.1.8.0"/>
        </PluginParameter>
        <PluginDataHandlers>
            <PluginDataHandler classKey="selectProcessor">
                <Parameter type="" key="SELECT" value="SELECT airCoolOutput/10 as airCoolOutput"/>
            </PluginDataHandler>
        </PluginDataHandlers>
    </MetricPlugin>
    <MetricPlugin metricid="airHumidifyDemand" collectType="SNMP" pluginid="SnmpPlugin">
        <PluginResultMetaInfo columns=""/>
        <PluginParameter type="ArrayType">
            <Parameter type="" key="method" value="get"/>
            <Parameter type="" key="" value="1.3.6.1.4.1.318.1.1.13.3.3.1.1.1.9.0"/>
        </PluginParameter>
    </MetricPlugin>
    <MetricPlugin metricid="airHumidifyOutput" collectType="SNMP" pluginid="SnmpPlugin">
        <PluginResultMetaInfo columns=""/>
        <PluginParameter type="ArrayType">
            <Parameter type="" key="method" value="get"/>
            <Parameter type="" key="" value="1.3.6.1.4.1.318.1.1.13.3.3.1.1.1.10.0"/>
        </PluginParameter>
    </MetricPlugin>
    <MetricPlugin metricid="airDehumidifyDemand" collectType="SNMP" pluginid="SnmpPlugin">
        <PluginResultMetaInfo columns=""/>
        <PluginParameter type="ArrayType">
            <Parameter type="" key="method" value="get"/>
            <Parameter type="" key="" value="1.3.6.1.4.1.318.1.1.13.3.3.1.1.1.11.0"/>
        </PluginParameter>
    </MetricPlugin>
    <MetricPlugin metricid="airDehumidifyOutput" collectType="SNMP" pluginid="SnmpPlugin">
        <PluginResultMetaInfo columns=""/>
        <PluginParameter type="ArrayType">
            <Parameter type="" key="method" value="get"/>
            <Parameter type="" key="" value="1.3.6.1.4.1.318.1.1.13.3.3.1.1.1.12.0"/>
        </PluginParameter>
    </MetricPlugin>
    <MetricPlugin metricid="airReheatDemand" collectType="SNMP" pluginid="SnmpPlugin">
        <PluginResultMetaInfo columns=""/>
        <PluginParameter type="ArrayType">
            <Parameter type="" key="method" value="get"/>
            <Parameter type="" key="" value="1.3.6.1.4.1.318.1.1.13.3.3.1.1.1.13.0"/>
        </PluginParameter>
    </MetricPlugin>
    <MetricPlugin metricid="airReheatOutput" collectType="SNMP" pluginid="SnmpPlugin">
        <PluginResultMetaInfo columns=""/>
        <PluginParameter type="ArrayType">
            <Parameter type="" key="method" value="get"/>
            <Parameter type="" key="" value="1.3.6.1.4.1.318.1.1.13.3.3.1.1.1.14.0"/>
        </PluginParameter>
    </MetricPlugin>
    <MetricPlugin metricid="airModelNumber" collectType="SNMP" pluginid="SnmpPlugin">
        <PluginResultMetaInfo columns=""/>
        <PluginParameter type="ArrayType">
            <Parameter type="" key="method" value="get"/>
            <Parameter type="" key="" value="1.3.6.1.4.1.318.1.1.13.3.3.1.2.1.4.0"/>
        </PluginParameter>
    </MetricPlugin>
    <MetricPlugin metricid="airSerialNumber" collectType="SNMP" pluginid="SnmpPlugin">
        <PluginResultMetaInfo columns=""/>
        <PluginParameter type="ArrayType">
            <Parameter type="" key="method" value="get"/>
            <Parameter type="" key="" value="1.3.6.1.4.1.318.1.1.13.3.3.1.2.1.5.0"/>
        </PluginParameter>
    </MetricPlugin>
    <MetricPlugin metricid="airFirmwareVersion" collectType="SNMP" pluginid="SnmpPlugin">
        <PluginResultMetaInfo columns=""/>
        <PluginParameter type="ArrayType">
            <Parameter type="" key="method" value="get"/>
            <Parameter type="" key="" value="1.3.6.1.4.1.318.1.1.13.3.3.1.2.1.6.0"/>
        </PluginParameter>
    </MetricPlugin>
    <MetricPlugin metricid="airHardwareRevision" collectType="SNMP" pluginid="SnmpPlugin">
        <PluginResultMetaInfo columns=""/>
        <PluginParameter type="ArrayType">
            <Parameter type="" key="method" value="get"/>
            <Parameter type="" key="" value="1.3.6.1.4.1.318.1.1.13.3.3.1.2.1.7.0"/>
        </PluginParameter>
    </MetricPlugin>
    <MetricPlugin metricid="airManufactureDate" collectType="SNMP" pluginid="SnmpPlugin">
        <PluginResultMetaInfo columns=""/>
        <PluginParameter type="ArrayType">
            <Parameter type="" key="method" value="get"/>
            <Parameter type="" key="" value="1.3.6.1.4.1.318.1.1.13.3.3.1.2.1.8.0"/>
        </PluginParameter>
    </MetricPlugin>
    <MetricPlugin metricid="airOperatingMode" collectType="SNMP" pluginid="SnmpPlugin">
        <PluginResultMetaInfo columns="airOperatingMode"/>
        <PluginParameter type="ArrayType">
            <Parameter type="" key="method" value="get"/>
            <Parameter type="" key="" value="1.3.6.1.4.1.318.1.1.13.3.3.1.2.2.1.0"/>
        </PluginParameter>
        <PluginDataHandlers>
        	<PluginDataHandler classKey="translateProcessor">
                <Parameter type="" key="airOperatingMode" value="1,standby;2,on;3,idle;4,prestart;5,service;6,backup;7,assist;other"/>
            </PluginDataHandler>
        </PluginDataHandlers>
    </MetricPlugin>
    <MetricPlugin metricid="airSupplyAirTempt" collectType="SNMP" pluginid="SnmpPlugin">
        <PluginResultMetaInfo columns="airSupplyAirTempt"/>
        <PluginParameter type="ArrayType">
            <Parameter type="" key="method" value="get"/>
            <Parameter type="" key="" value="1.3.6.1.4.1.318.1.1.13.3.3.1.2.2.5.0"/>
        </PluginParameter>
        <PluginDataHandlers>
            <PluginDataHandler classKey="selectProcessor">
                <Parameter type="" key="SELECT" value="SELECT airSupplyAirTempt/10 as airSupplyAirTempt"/>
            </PluginDataHandler>
        </PluginDataHandlers>
    </MetricPlugin>
    <MetricPlugin metricid="airReturnAirTempt" collectType="SNMP" pluginid="SnmpPlugin">
        <PluginResultMetaInfo columns="airReturnAirTempt"/>
        <PluginParameter type="ArrayType">
            <Parameter type="" key="method" value="get"/>
            <Parameter type="" key="" value="1.3.6.1.4.1.318.1.1.13.3.3.1.2.2.7.0"/>
        </PluginParameter>
        <PluginDataHandlers>
            <PluginDataHandler classKey="selectProcessor">
                <Parameter type="" key="SELECT" value="SELECT airReturnAirTempt/10 as airReturnAirTempt"/>
            </PluginDataHandler>
        </PluginDataHandlers>
    </MetricPlugin>
    <MetricPlugin metricid="airSupplyHumidity" collectType="SNMP" pluginid="SnmpPlugin">
        <PluginResultMetaInfo columns="airSupplyHumidity"/>
        <PluginParameter type="ArrayType">
            <Parameter type="" key="method" value="get"/>
            <Parameter type="" key="" value="1.3.6.1.4.1.318.1.1.13.3.3.1.2.2.8.0"/>
        </PluginParameter>
        <PluginDataHandlers>
            <PluginDataHandler classKey="selectProcessor">
                <Parameter type="" key="SELECT" value="SELECT airSupplyHumidity/10 as airSupplyHumidity"/>
            </PluginDataHandler>
        </PluginDataHandlers>
    </MetricPlugin>
    <MetricPlugin metricid="airFanSpeed" collectType="SNMP" pluginid="SnmpPlugin">
        <PluginResultMetaInfo columns="airFanSpeed"/>
        <PluginParameter type="ArrayType">
            <Parameter type="" key="method" value="get"/>
            <Parameter type="" key="" value="1.3.6.1.4.1.318.1.1.13.3.3.1.2.2.12.0"/>
        </PluginParameter>
        <PluginDataHandlers>
            <PluginDataHandler classKey="selectProcessor">
                <Parameter type="" key="SELECT" value="SELECT airFanSpeed/10 as airFanSpeed"/>
            </PluginDataHandler>
        </PluginDataHandlers>
    </MetricPlugin>
    <MetricPlugin metricid="airInputState" collectType="SNMP" pluginid="SnmpPlugin">
        <PluginResultMetaInfo columns="airInputState"/>
        <PluginParameter type="ArrayType">
            <Parameter type="" key="method" value="get"/>
            <Parameter type="" key="" value="1.3.6.1.4.1.318.1.1.13.3.3.1.2.2.21.0"/>
        </PluginParameter>
        <PluginDataHandlers>
            <PluginDataHandler classKey="translateProcessor">
                <Parameter type="" key="airInputState" value="1,open;2,closed;other"/>
            </PluginDataHandler>
        </PluginDataHandlers>
    </MetricPlugin>
    <MetricPlugin metricid="airOutputState" collectType="SNMP" pluginid="SnmpPlugin">
        <PluginResultMetaInfo columns="airOutputState"/>
        <PluginParameter type="ArrayType">
            <Parameter type="" key="method" value="get"/>
            <Parameter type="" key="" value="1.3.6.1.4.1.318.1.1.13.3.3.1.2.2.21.0"/>
        </PluginParameter>
        <PluginDataHandlers>
            <PluginDataHandler classKey="translateProcessor">
                <Parameter type="" key="airOutputState" value="1,open;2,closed;other"/>
            </PluginDataHandler>
        </PluginDataHandlers>
    </MetricPlugin>
    <MetricPlugin metricid="airInletSensorTempt1" collectType="SNMP" pluginid="SnmpPlugin">
        <PluginResultMetaInfo columns="airInletSensorTempt1"/>
        <PluginParameter type="ArrayType">
            <Parameter type="" key="method" value="get"/>
            <Parameter type="" key="" value="1.3.6.1.4.1.318.1.1.13.3.3.1.2.2.24.0"/>
        </PluginParameter>
        <PluginDataHandlers>
            <PluginDataHandler classKey="selectProcessor">
                <Parameter type="" key="SELECT" value="SELECT airInletSensorTempt1/10 as airInletSensorTempt1"/>
            </PluginDataHandler>
        </PluginDataHandlers>
    </MetricPlugin>
    <MetricPlugin metricid="airInletSensorTempt2" collectType="SNMP" pluginid="SnmpPlugin">
        <PluginResultMetaInfo columns="airInletSensorTempt2"/>
        <PluginParameter type="ArrayType">
            <Parameter type="" key="method" value="get"/>
            <Parameter type="" key="" value="1.3.6.1.4.1.318.1.1.13.3.3.1.2.2.26.0"/>
        </PluginParameter>
        <PluginDataHandlers>
            <PluginDataHandler classKey="selectProcessor">
                <Parameter type="" key="SELECT" value="SELECT airInletSensorTempt2/10 as airInletSensorTempt2"/>
            </PluginDataHandler>
        </PluginDataHandlers>
    </MetricPlugin>
    <MetricPlugin metricid="airInletSensorTempt3" collectType="SNMP" pluginid="SnmpPlugin">
        <PluginResultMetaInfo columns="airInletSensorTempt3"/>
        <PluginParameter type="ArrayType">
            <Parameter type="" key="method" value="get"/>
            <Parameter type="" key="" value="1.3.6.1.4.1.318.1.1.13.3.3.1.2.2.28.0"/>
        </PluginParameter>
        <PluginDataHandlers>
            <PluginDataHandler classKey="selectProcessor">
                <Parameter type="" key="SELECT" value="SELECT airInletSensorTempt3/10 as airInletSensorTempt3"/>
            </PluginDataHandler>
        </PluginDataHandlers>
    </MetricPlugin>
    <MetricPlugin metricid="airFilterDiffPressur" collectType="SNMP" pluginid="SnmpPlugin">
        <PluginResultMetaInfo columns=""/>
        <PluginParameter type="ArrayType">
            <Parameter type="" key="method" value="get"/>
            <Parameter type="" key="" value="1.3.6.1.4.1.318.1.1.13.3.3.1.2.2.30.0"/>
        </PluginParameter>
    </MetricPlugin>
    <MetricPlugin metricid="airSuctionPressure" collectType="SNMP" pluginid="SnmpPlugin">
        <PluginResultMetaInfo columns=""/>
        <PluginParameter type="ArrayType">
            <Parameter type="" key="method" value="get"/>
            <Parameter type="" key="" value="1.3.6.1.4.1.318.1.1.13.3.3.1.2.2.47.0"/>
        </PluginParameter>
    </MetricPlugin>
    <MetricPlugin metricid="airDischargePressure" collectType="SNMP" pluginid="SnmpPlugin">
        <PluginResultMetaInfo columns=""/>
        <PluginParameter type="ArrayType">
            <Parameter type="" key="method" value="get"/>
            <Parameter type="" key="" value="1.3.6.1.4.1.318.1.1.13.3.3.1.2.2.49.0"/>
        </PluginParameter>
    </MetricPlugin>
    <MetricPlugin metricid="airCompressDriSpeed" collectType="SNMP" pluginid="SnmpPlugin">
        <PluginResultMetaInfo columns=""/>
        <PluginParameter type="ArrayType">
            <Parameter type="" key="method" value="get"/>
            <Parameter type="" key="" value="1.3.6.1.4.1.318.1.1.13.3.3.1.2.2.35.0"/>
        </PluginParameter>
    </MetricPlugin>
    <MetricPlugin metricid="airCompressDriPower" collectType="SNMP" pluginid="SnmpPlugin">
        <PluginResultMetaInfo columns=""/>
        <PluginParameter type="ArrayType">
            <Parameter type="" key="method" value="get"/>
            <Parameter type="" key="" value="1.3.6.1.4.1.318.1.1.13.3.3.1.2.2.36.0"/>
        </PluginParameter>
    </MetricPlugin>
    <MetricPlugin metricid="airCompDriMotVoltage" collectType="SNMP" pluginid="SnmpPlugin">
        <PluginResultMetaInfo columns="airCompDriMotVoltage"/>
        <PluginParameter type="ArrayType">
            <Parameter type="" key="method" value="get"/>
            <Parameter type="" key="" value="1.3.6.1.4.1.318.1.1.13.3.3.1.2.2.37.0"/>
        </PluginParameter>
        <PluginDataHandlers>
            <PluginDataHandler classKey="selectProcessor">
                <Parameter type="" key="SELECT" value="SELECT airCompDriMotVoltage/10 as airCompDriMotVoltage"/>
            </PluginDataHandler>
        </PluginDataHandlers>
    </MetricPlugin>
    <MetricPlugin metricid="airCompDriMotCurrent" collectType="SNMP" pluginid="SnmpPlugin">
        <PluginResultMetaInfo columns="airCompDriMotCurrent"/>
        <PluginParameter type="ArrayType">
            <Parameter type="" key="method" value="get"/>
            <Parameter type="" key="" value="1.3.6.1.4.1.318.1.1.13.3.3.1.2.2.38.0"/>
        </PluginParameter>
        <PluginDataHandlers>
            <PluginDataHandler classKey="selectProcessor">
                <Parameter type="" key="SELECT" value="SELECT airCompDriMotCurrent/10 as airCompDriMotCurrent"/>
            </PluginDataHandler>
        </PluginDataHandlers>
    </MetricPlugin>
    <MetricPlugin metricid="airComDriDCLinkVolta" collectType="SNMP" pluginid="SnmpPlugin">
        <PluginResultMetaInfo columns="airComDriDCLinkVolta"/>
        <PluginParameter type="ArrayType">
            <Parameter type="" key="method" value="get"/>
            <Parameter type="" key="" value="1.3.6.1.4.1.318.1.1.13.3.3.1.2.2.39.0"/>
        </PluginParameter>
        <PluginDataHandlers>
            <PluginDataHandler classKey="selectProcessor">
                <Parameter type="" key="SELECT" value="SELECT airComDriDCLinkVolta/10 as airComDriDCLinkVolta"/>
            </PluginDataHandler>
        </PluginDataHandlers>
    </MetricPlugin>
    <MetricPlugin metricid="airComHeatSinkTempt" collectType="SNMP" pluginid="SnmpPlugin">
        <PluginResultMetaInfo columns="airComHeatSinkTempt"/>
        <PluginParameter type="ArrayType">
            <Parameter type="" key="method" value="get"/>
            <Parameter type="" key="" value="1.3.6.1.4.1.318.1.1.13.3.3.1.2.2.41.0"/>
        </PluginParameter>
        <PluginDataHandlers>
            <PluginDataHandler classKey="selectProcessor">
                <Parameter type="" key="SELECT" value="SELECT airComHeatSinkTempt/10 as airComHeatSinkTempt"/>
            </PluginDataHandler>
        </PluginDataHandlers>
    </MetricPlugin>
    <MetricPlugin metricid="airComContrCardTemp" collectType="SNMP" pluginid="SnmpPlugin">
        <PluginResultMetaInfo columns="airComContrCardTemp"/>
        <PluginParameter type="ArrayType">
            <Parameter type="" key="method" value="get"/>
            <Parameter type="" key="" value="1.3.6.1.4.1.318.1.1.13.3.3.1.2.2.43.0"/>
        </PluginParameter>
        <PluginDataHandlers>
            <PluginDataHandler classKey="selectProcessor">
                <Parameter type="" key="SELECT" value="SELECT airComContrCardTemp/10 as airComContrCardTemp"/>
            </PluginDataHandler>
        </PluginDataHandlers>
    </MetricPlugin>
</MetricPlugins>
