<?xml version="1.0" encoding="UTF-8"?>
<Capacity xmlns:xsi="http://www.w3.org/2001/XMLSchema-instance" version="1.0" xsi:noNamespaceSchemaLocation="../../../schema/Resource.xsd">
    <GlobalMetricSetting isEncrypt="FALSE" version="4.1.0">
        <GlobalIsEdit>false</GlobalIsEdit>
        <GlobalIsMonitor>true</GlobalIsMonitor>
        <GlobalDefaultMonitorFreq>day1</GlobalDefaultMonitorFreq>
        <GlobalsupportMonitorFreq>min1,min5,min10,hour1,day1</GlobalsupportMonitorFreq>
        <GlobalIsAlert>true</GlobalIsAlert>
        <GlobalDefaultFlapping>1</GlobalDefaultFlapping>
    </GlobalMetricSetting>
   <Resource id="IBMFlexsystemX240" category="IBMBladeSystem" icon="IBMBladeSystem.png" name="IBM Flexsystem X240刀片服务器" description="IBMBladeSystem">
        <Metrics>
            <Metric id="Name" style="InformationMetric" name="设备名称" description="网络设备名称" unit="">
                <IsDisplay displayOrder="1000">true</IsDisplay>
                <IsMonitor>true</IsMonitor>
                <IsEdit>false</IsEdit>
                <DefaultMonitorFreq>day1</DefaultMonitorFreq>
                <SupportMonitorFreq>hour1,day1</SupportMonitorFreq>
                <IsAlert>false</IsAlert>
                <DefaultFlapping>1</DefaultFlapping>
            </Metric>
            <Metric id="availability" style="AvailabilityMetric" name="可用性" description="可用性" unit="">
                <IsDisplay displayOrder="1010">true</IsDisplay>
                <IsMonitor>true</IsMonitor>
                <IsEdit>false</IsEdit>
                <DefaultMonitorFreq>min1</DefaultMonitorFreq>
                <SupportMonitorFreq>sec30,min1,min5,min10,min30,hour1</SupportMonitorFreq>
                <IsAlert>true</IsAlert>
                <DefaultFlapping>2</DefaultFlapping>
            </Metric>
            <Metric id="sysObjectID" style="InformationMetric" name="系统OID" description="系统OID" unit="">
                <IsDisplay displayOrder="1030">true</IsDisplay>
                <IsMonitor>true</IsMonitor>
                <IsEdit>false</IsEdit>
                <DefaultMonitorFreq>day1</DefaultMonitorFreq>
                <SupportMonitorFreq>hour1,day1</SupportMonitorFreq>
                <IsAlert>false</IsAlert>
                <DefaultFlapping>1</DefaultFlapping>
            </Metric>
            <Metric id="sysUpTime" style="InformationMetric" name="连续运行时间" description="连续运行时间" unit="秒">
                <IsDisplay displayOrder="1040">true</IsDisplay>
                <IsMonitor>true</IsMonitor>
                <IsEdit>false</IsEdit>
                <DefaultMonitorFreq>hour1</DefaultMonitorFreq>
                <SupportMonitorFreq>hour1,day1</SupportMonitorFreq>
                <IsAlert>false</IsAlert>
                <DefaultFlapping>1</DefaultFlapping>
            </Metric>
            <Metric id="sysDescr" style="InformationMetric" name="设备说明" description="网络设备说明" unit="">
                <IsDisplay displayOrder="1050">true</IsDisplay>
                <IsMonitor>true</IsMonitor>
                <IsEdit>false</IsEdit>
                <DefaultMonitorFreq>day1</DefaultMonitorFreq>
                <SupportMonitorFreq>hour1,day1</SupportMonitorFreq>
                <IsAlert>false</IsAlert>
                <DefaultFlapping>1</DefaultFlapping>
            </Metric>
            <Metric id="SysLocation" style="InformationMetric" name="系统位置" description="系统位置" unit="">
                <IsDisplay displayOrder="1060">true</IsDisplay>
                <IsMonitor>true</IsMonitor>
                <IsEdit>false</IsEdit>
                <DefaultMonitorFreq>day1</DefaultMonitorFreq>
                <SupportMonitorFreq>hour1,day1</SupportMonitorFreq>
                <IsAlert>false</IsAlert>
                <DefaultFlapping>1</DefaultFlapping>
            </Metric>
            <Metric id="SysContact" style="InformationMetric" name="系统联系人" description="系统联系人" unit="">
                <IsDisplay displayOrder="1070">true</IsDisplay>
                <IsMonitor>true</IsMonitor>
                <IsEdit>false</IsEdit>
                <DefaultMonitorFreq>day1</DefaultMonitorFreq>
                <SupportMonitorFreq>hour1,day1</SupportMonitorFreq>
                <IsAlert>false</IsAlert>
                <DefaultFlapping>1</DefaultFlapping>
            </Metric>
            <Metric id="SysORTable" style="InformationMetric" name="OR表" description="OR表" unit="" isTable="true">
                <IsDisplay displayOrder="1080">true</IsDisplay>
                <IsMonitor>false</IsMonitor>
                <IsEdit>false</IsEdit>
                <DefaultMonitorFreq>day1</DefaultMonitorFreq>
                <SupportMonitorFreq>hour1,day1</SupportMonitorFreq>
                <IsAlert>false</IsAlert>
                <DefaultFlapping>1</DefaultFlapping>
            </Metric>
           <Metric id="PlanarTemp" style="PerformanceMetric" name="机箱温度" description="Planar温度" unit="Centigrade"> 
                <IsDisplay displayOrder="1090">true</IsDisplay>  
                <IsMonitor>true</IsMonitor>
                <IsEdit>false</IsEdit>
                <DefaultMonitorFreq>min5</DefaultMonitorFreq>  
                <SupportMonitorFreq>min1,min5,min10,min30,hour1,hour4,hour8</SupportMonitorFreq><!-- 支持监视频率 -->  
                <IsAlert>false</IsAlert>  
                <DefaultFlapping>1</DefaultFlapping>  
                <Thresholds> 
                   <Threshold operator="&gt;" defaultvalue="5" stateid="Normal"/>  
                   <Threshold operator="&gt;" defaultvalue="40" stateid="Minor"/>  
                   <Threshold operator="&gt;" defaultvalue="50" stateid="Major"/> 
                </Thresholds> 
           </Metric>
          <Metric id="ip" style="InformationMetric" name="可用性" description="可用性" unit="">
	         <IsDisplay displayOrder="1200">false</IsDisplay>
	         <IsMonitor>true</IsMonitor>
	         <IsEdit>false</IsEdit>
	         <DefaultMonitorFreq>day1</DefaultMonitorFreq>  
             <SupportMonitorFreq>hour1,day1</SupportMonitorFreq>  
	         <IsAlert>false</IsAlert>
	         <DefaultFlapping>2</DefaultFlapping>
	     </Metric>
        </Metrics>
        <Properties>
            <Property id="Name" name="Name" metricid="Name" />
            <Property id="ip" name="ip" metricid="ip" />
        </Properties>
        <Instantiation InstanceId="ip" InstanceName="Name" />
    </Resource>
   <Resource id="IBMFlexsystemX240Power" type="Power" icon="" name="电源" description="电源" parentid="IBMFlexsystemX240">
        <Metrics>
            <Metric id="powerIndex" style="InformationMetric" name="电源索引" description="电源索引" unit="">
                <IsDisplay displayOrder="2000">false</IsDisplay>
                <IsMonitor>false</IsMonitor>
                <IsEdit>false</IsEdit>
                <DefaultMonitorFreq>day1</DefaultMonitorFreq>
                <SupportMonitorFreq>hour1,day1</SupportMonitorFreq>
                <IsAlert>false</IsAlert>
                <DefaultFlapping>1</DefaultFlapping>
            </Metric>
            <Metric id="powerSupplyName" style="InformationMetric" name="电源名称" description="电源名称" unit="">
                <IsDisplay displayOrder="2010">false</IsDisplay>
                <IsMonitor>false</IsMonitor>
                <IsEdit>false</IsEdit>
                <DefaultMonitorFreq>day1</DefaultMonitorFreq>
                <SupportMonitorFreq>hour1,day1</SupportMonitorFreq>
                <IsAlert>false</IsAlert>
                <DefaultFlapping>1</DefaultFlapping>
            </Metric>
            <Metric id="powerSupplyState" style="AvailabilityMetric" name="电源当前状态" description="电源当前状态" unit="">
                <IsDisplay displayOrder="2020">true</IsDisplay>
                <IsMonitor>true</IsMonitor>
                <IsEdit>false</IsEdit>
                <DefaultMonitorFreq>min1</DefaultMonitorFreq>
                <SupportMonitorFreq>sec30,min1,min5,min10,min30,hour1</SupportMonitorFreq>
                <IsAlert>false</IsAlert>
                <DefaultFlapping>2</DefaultFlapping>
            </Metric>
           <Metric id="PowerCurrent" style="InformationMetric" name="功率" description="功率" unit="">
                <IsDisplay displayOrder="2030">true</IsDisplay>
                <IsMonitor>true</IsMonitor>
                <IsEdit>false</IsEdit>
                <DefaultMonitorFreq>day1</DefaultMonitorFreq>
                <SupportMonitorFreq>hour1,day1</SupportMonitorFreq>
                <IsAlert>false</IsAlert>
                <DefaultFlapping>1</DefaultFlapping>
            </Metric>
            <Metric id="PowerCurMAX" style="InformationMetric" name="分配最大功率" description="分配最大功率" unit="">
                <IsDisplay displayOrder="2040">true</IsDisplay>
                <IsMonitor>true</IsMonitor>
                <IsEdit>false</IsEdit>
                <DefaultMonitorFreq>day1</DefaultMonitorFreq>
                <SupportMonitorFreq>hour1,day1</SupportMonitorFreq>
                <IsAlert>false</IsAlert>
                <DefaultFlapping>1</DefaultFlapping>
            </Metric>
            <Metric id="PowerCurMin" style="InformationMetric" name="分配最小功率" description="分配最小功率" unit="">
                <IsDisplay displayOrder="2050">true</IsDisplay>
                <IsMonitor>true</IsMonitor>
                <IsEdit>false</IsEdit>
                <DefaultMonitorFreq>day1</DefaultMonitorFreq>
                <SupportMonitorFreq>hour1,day1</SupportMonitorFreq>
                <IsAlert>false</IsAlert>
                <DefaultFlapping>1</DefaultFlapping>
            </Metric>
        </Metrics>
        <Properties>
            <Property id="powerIndex" name="powerIndex" metricid="powerIndex" />
            <Property id="powerSupplyName" name="powerSupplyName" metricid="powerSupplyName" />
        </Properties>
        <Instantiation InstanceId="powerIndex" InstanceName="powerSupplyName" />
    </Resource>
   <Resource id="IBMFlexsystemX240MAC" type="MAC" icon="" name="MAC" description="MAC" parentid="IBMFlexsystemX240">
        <Metrics>
            <Metric id="MACIndex" style="InformationMetric" name="MAC索引" description="MAC索引" unit="">
                <IsDisplay displayOrder="3000">false</IsDisplay>
                <IsMonitor>false</IsMonitor>
                <IsEdit>false</IsEdit>
                <DefaultMonitorFreq>day1</DefaultMonitorFreq>
                <SupportMonitorFreq>hour1,day1</SupportMonitorFreq>
                <IsAlert>false</IsAlert>
                <DefaultFlapping>1</DefaultFlapping>
            </Metric>
            <Metric id="MACName" style="InformationMetric" name="MAC名称" description="MAC名称" unit="">
                <IsDisplay displayOrder="3010">false</IsDisplay>
                <IsMonitor>false</IsMonitor>
                <IsEdit>false</IsEdit>
                <DefaultMonitorFreq>day1</DefaultMonitorFreq>
                <SupportMonitorFreq>hour1,day1</SupportMonitorFreq>
                <IsAlert>false</IsAlert>
                <DefaultFlapping>1</DefaultFlapping>
            </Metric>
            <Metric id="Card1MACAdd1" style="InformationMetric" name="Card1MACAddress1" description="Card1MACAddress1" unit="">
                <IsDisplay displayOrder="3020">true</IsDisplay>
                <IsMonitor>true</IsMonitor>
                <IsEdit>false</IsEdit>
                <DefaultMonitorFreq>day1</DefaultMonitorFreq>
                <SupportMonitorFreq>hour1,day1</SupportMonitorFreq>
                <IsAlert>false</IsAlert>
                <DefaultFlapping>1</DefaultFlapping>
            </Metric>
           <Metric id="Card1MACAdd2" style="InformationMetric" name="Card1MACAddress2" description="Card1MACAddress2" unit="">
                <IsDisplay displayOrder="3030">true</IsDisplay>
                <IsMonitor>true</IsMonitor>
                <IsEdit>false</IsEdit>
                <DefaultMonitorFreq>day1</DefaultMonitorFreq>
                <SupportMonitorFreq>hour1,day1</SupportMonitorFreq>
                <IsAlert>false</IsAlert>
                <DefaultFlapping>1</DefaultFlapping>
            </Metric>
            <Metric id="Card1MACAdd3" style="InformationMetric" name="Card1MACAddress3" description="Card1MACAddress2" unit="">
                <IsDisplay displayOrder="3040">true</IsDisplay>
                <IsMonitor>true</IsMonitor>
                <IsEdit>false</IsEdit>
                <DefaultMonitorFreq>day1</DefaultMonitorFreq>
                <SupportMonitorFreq>hour1,day1</SupportMonitorFreq>
                <IsAlert>false</IsAlert>
                <DefaultFlapping>1</DefaultFlapping>
            </Metric>
            <Metric id="Card1MACAdd4" style="InformationMetric" name="Card1MACAddress4" description="Card1MACAddress2" unit="">
                <IsDisplay displayOrder="3050">true</IsDisplay>
                <IsMonitor>true</IsMonitor>
                <IsEdit>false</IsEdit>
                <DefaultMonitorFreq>day1</DefaultMonitorFreq>
                <SupportMonitorFreq>hour1,day1</SupportMonitorFreq>
                <IsAlert>false</IsAlert>
                <DefaultFlapping>1</DefaultFlapping>
            </Metric>
            <Metric id="Card2MACAdd1" style="InformationMetric" name="Card1MACAddress1" description="Card1MACAddress1" unit="">
                <IsDisplay displayOrder="3060">true</IsDisplay>
                <IsMonitor>true</IsMonitor>
                <IsEdit>false</IsEdit>
                <DefaultMonitorFreq>day1</DefaultMonitorFreq>
                <SupportMonitorFreq>hour1,day1</SupportMonitorFreq>
                <IsAlert>false</IsAlert>
                <DefaultFlapping>1</DefaultFlapping>
            </Metric>
           <Metric id="Card2MACAdd2" style="InformationMetric" name="Card1MACAddress2" description="Card1MACAddress2" unit="">
                <IsDisplay displayOrder="3070">true</IsDisplay>
                <IsMonitor>true</IsMonitor>
                <IsEdit>false</IsEdit>
                <DefaultMonitorFreq>day1</DefaultMonitorFreq>
                <SupportMonitorFreq>hour1,day1</SupportMonitorFreq>
                <IsAlert>false</IsAlert>
                <DefaultFlapping>1</DefaultFlapping>
            </Metric>
            <Metric id="Card2MACAdd3" style="InformationMetric" name="Card1MACAddress3" description="Card1MACAddress2" unit="">
                <IsDisplay displayOrder="3080">true</IsDisplay>
                <IsMonitor>true</IsMonitor>
                <IsEdit>false</IsEdit>
                <DefaultMonitorFreq>day1</DefaultMonitorFreq>
                <SupportMonitorFreq>hour1,day1</SupportMonitorFreq>
                <IsAlert>false</IsAlert>
                <DefaultFlapping>1</DefaultFlapping>
            </Metric>
            <Metric id="Card2MACAdd4" style="InformationMetric" name="Card1MACAddress4" description="Card1MACAddress2" unit="">
                <IsDisplay displayOrder="3090">true</IsDisplay>
                <IsMonitor>true</IsMonitor>
                <IsEdit>false</IsEdit>
                <DefaultMonitorFreq>day1</DefaultMonitorFreq>
                <SupportMonitorFreq>hour1,day1</SupportMonitorFreq>
                <IsAlert>false</IsAlert>
                <DefaultFlapping>1</DefaultFlapping>
            </Metric>
            
            <Metric id="BladeMACAddress1" style="InformationMetric" name="bladeMACAddress1" description="bladeMACAddress1" unit="">
                <IsDisplay displayOrder="3100">true</IsDisplay>
                <IsMonitor>true</IsMonitor>
                <IsEdit>false</IsEdit>
                <DefaultMonitorFreq>day1</DefaultMonitorFreq>
                <SupportMonitorFreq>hour1,day1</SupportMonitorFreq>
                <IsAlert>false</IsAlert>
                <DefaultFlapping>1</DefaultFlapping>
            </Metric>
           <Metric id="BladeMACAddress2" style="InformationMetric" name="bladeMACAddress2" description="bladeMACAddress2" unit="">
                <IsDisplay displayOrder="3110">true</IsDisplay>
                <IsMonitor>true</IsMonitor>
                <IsEdit>false</IsEdit>
                <DefaultMonitorFreq>day1</DefaultMonitorFreq>
                <SupportMonitorFreq>hour1,day1</SupportMonitorFreq>
                <IsAlert>false</IsAlert>
                <DefaultFlapping>1</DefaultFlapping>
            </Metric>
            <Metric id="BladeMACAddress3" style="InformationMetric" name="bladeMACAddress3" description="bladeMACAddress3" unit="">
                <IsDisplay displayOrder="3120">true</IsDisplay>
                <IsMonitor>true</IsMonitor>
                <IsEdit>false</IsEdit>
                <DefaultMonitorFreq>day1</DefaultMonitorFreq>
                <SupportMonitorFreq>hour1,day1</SupportMonitorFreq>
                <IsAlert>false</IsAlert>
                <DefaultFlapping>1</DefaultFlapping>
            </Metric>
            <Metric id="BladeMACAddress4" style="InformationMetric" name="bladeMACAddress4" description="bladeMACAddress4" unit="">
                <IsDisplay displayOrder="3130">true</IsDisplay>
                <IsMonitor>true</IsMonitor>
                <IsEdit>false</IsEdit>
                <DefaultMonitorFreq>day1</DefaultMonitorFreq>
                <SupportMonitorFreq>hour1,day1</SupportMonitorFreq>
                <IsAlert>false</IsAlert>
                <DefaultFlapping>1</DefaultFlapping>
            </Metric>
        </Metrics>
        <Properties>
            <Property id="MACIndex" name="MACIndex" metricid="MACIndex" />
            <Property id="MACName" name="MACName" metricid="MACName" />
        </Properties>
        <Instantiation InstanceId="MACIndex" InstanceName="MACName" />
    </Resource>
   <Resource id="IBMFlexsystemX240Monitors" type="Monitors" icon="" name="监视器" description="监视器" parentid="IBMFlexsystemX240">
        <Metrics>
            <Metric id="MonitorsIndex" style="InformationMetric" name="索引" description="索引" unit="">
                <IsDisplay displayOrder="4000">false</IsDisplay>
                <IsMonitor>false</IsMonitor>
                <IsEdit>false</IsEdit>
                <DefaultMonitorFreq>day1</DefaultMonitorFreq>
                <SupportMonitorFreq>hour1,day1</SupportMonitorFreq>
                <IsAlert>false</IsAlert>
                <DefaultFlapping>1</DefaultFlapping>
            </Metric>
            <Metric id="MonitorsName" style="InformationMetric" name="名称" description="名称" unit="">
                <IsDisplay displayOrder="4010">false</IsDisplay>
                <IsMonitor>false</IsMonitor>
                <IsEdit>false</IsEdit>
                <DefaultMonitorFreq>day1</DefaultMonitorFreq>
                <SupportMonitorFreq>hour1,day1</SupportMonitorFreq>
                <IsAlert>false</IsAlert>
                <DefaultFlapping>1</DefaultFlapping>
            </Metric>
            <Metric id="MonitorsState" style="AvailabilityMetric" name="刀片存在状态" description="刀片存在状态" unit="">
                <IsDisplay displayOrder="4020">true</IsDisplay>
                <IsMonitor>true</IsMonitor>
                <IsEdit>false</IsEdit>
                <DefaultMonitorFreq>min1</DefaultMonitorFreq>
                <SupportMonitorFreq>sec30,min1,min5,min10,min30,hour1</SupportMonitorFreq>
                <IsAlert>false</IsAlert>
                <DefaultFlapping>2</DefaultFlapping>
            </Metric>
            <Metric id="bladePowerState" style="AvailabilityMetric" name="刀片电源状态" description="刀片电源状态" unit="">
                <IsDisplay displayOrder="4030">true</IsDisplay>
                <IsMonitor>true</IsMonitor>
                <IsEdit>false</IsEdit>
                <DefaultMonitorFreq>min1</DefaultMonitorFreq>
                <SupportMonitorFreq>sec30,min1,min5,min10,min30,hour1</SupportMonitorFreq>
                <IsAlert>false</IsAlert>
                <DefaultFlapping>2</DefaultFlapping>
            </Metric>
           <Metric id="bladeHealthState" style="AvailabilityMetric" name="刀片健康状态" description="刀片健康状态" unit="">
                <IsDisplay displayOrder="4040">true</IsDisplay>
                <IsMonitor>true</IsMonitor>
                <IsEdit>false</IsEdit>
                <DefaultMonitorFreq>min1</DefaultMonitorFreq>
                <SupportMonitorFreq>sec30,min1,min5,min10,min30,hour1</SupportMonitorFreq>
                <IsAlert>false</IsAlert>
                <DefaultFlapping>2</DefaultFlapping>
            </Metric>
        </Metrics>
        <Properties>
            <Property id="MonitorsIndex" name="MonitorsIndex" metricid="MonitorsIndex" />
            <Property id="MonitorsName" name="MonitorsName" metricid="MonitorsName" />
        </Properties>
        <Instantiation InstanceId="MonitorsIndex" InstanceName="MonitorsName" />
    </Resource>
</Capacity>