<?xml version="1.0" encoding="UTF-8"?>
<Capacity xmlns:xsi="http://www.w3.org/2001/XMLSchema-instance" version="1.0" xsi:noNamespaceSchemaLocation="../../../schema/Resource.xsd">
    <SupportInfo>
        <SupportName>Hardware</SupportName>
        <PreSupportVersion>ThinkServer RD640</PreSupportVersion>
        <ActualSupportVersion>ThinkServer RD640</ActualSupportVersion>
    </SupportInfo>
    <GlobalMetricSetting isEncrypt="FALSE" version="4.1.0">
        <GlobalIsEdit>false</GlobalIsEdit>
        <GlobalIsMonitor>true</GlobalIsMonitor>
        <GlobalDefaultMonitorFreq>day1</GlobalDefaultMonitorFreq>
        <GlobalsupportMonitorFreq>min1,min5,min10,hour1,day1</GlobalsupportMonitorFreq>
        <GlobalIsAlert>true</GlobalIsAlert>
        <GlobalDefaultFlapping>1</GlobalDefaultFlapping>
    </GlobalMetricSetting>
    <Resource id="ThinkRD640" category="ThinkServer" icon="ThinkServer.png" name="ThinkServer RD640" description="ThinkServer RD640">
        <Metrics>
            <Metric id="PowerStatus" style="AvailabilityMetric" name="电源状态" description="电源状态" unit="">
                <IsDisplay displayOrder="1000">true</IsDisplay>
                <IsMonitor>true</IsMonitor>
                <IsEdit>false</IsEdit>
                <DefaultMonitorFreq>min1</DefaultMonitorFreq>
                <SupportMonitorFreq>sec30,min1,min5,min10,min30,hour1</SupportMonitorFreq>
                <IsAlert>true</IsAlert>
                <DefaultFlapping>2</DefaultFlapping>
            </Metric>
            <Metric id="PowerOverloadStatus" style="InformationMetric" name="电源过载状态" description="电源过载状态" unit="">
                <IsDisplay displayOrder="1200">true</IsDisplay>
                <IsMonitor>true</IsMonitor>
                <IsEdit>false</IsEdit>
                <DefaultMonitorFreq>day1</DefaultMonitorFreq>
                <SupportMonitorFreq>hour1,day1</SupportMonitorFreq>
                <IsAlert>false</IsAlert>
                <DefaultFlapping>1</DefaultFlapping>
            </Metric>
            <Metric id="PowerInterlock" style="InformationMetric" name="电源锁启用状态" description="电源锁启用状态" unit="">
                <IsDisplay displayOrder="1205">true</IsDisplay>
                <IsMonitor>true</IsMonitor>
                <IsEdit>false</IsEdit>
                <DefaultMonitorFreq>day1</DefaultMonitorFreq>
                <SupportMonitorFreq>hour1,day1</SupportMonitorFreq>
                <IsAlert>false</IsAlert>
                <DefaultFlapping>1</DefaultFlapping>
            </Metric>
            <Metric id="MainPowerFaultStatus" style="InformationMetric" name="主电源错误状态" description="主电源错误状态" unit="">
                <IsDisplay displayOrder="1210">true</IsDisplay>
                <IsMonitor>true</IsMonitor>
                <IsEdit>false</IsEdit>
                <DefaultMonitorFreq>day1</DefaultMonitorFreq>
                <SupportMonitorFreq>hour1,day1</SupportMonitorFreq>
                <IsAlert>false</IsAlert>
                <DefaultFlapping>1</DefaultFlapping>
            </Metric>
            <Metric id="PoweControFaulStatu" style="InformationMetric" name="电源管理错误状态" description="电源管理错误状态" unit="">
                <IsDisplay displayOrder="1220">true</IsDisplay>
                <IsMonitor>true</IsMonitor>
                <IsEdit>false</IsEdit>
                <DefaultMonitorFreq>day1</DefaultMonitorFreq>
                <SupportMonitorFreq>hour1,day1</SupportMonitorFreq>
                <IsAlert>false</IsAlert>
                <DefaultFlapping>1</DefaultFlapping>
            </Metric>
            <Metric id="ChassisIntrusion" style="InformationMetric" name="机箱入侵检测" description="机箱入侵检测" unit="">
                <IsDisplay displayOrder="1224">true</IsDisplay>
                <IsMonitor>true</IsMonitor>
                <IsEdit>false</IsEdit>
                <DefaultMonitorFreq>day1</DefaultMonitorFreq>
                <SupportMonitorFreq>hour1,day1</SupportMonitorFreq>
                <IsAlert>false</IsAlert>
                <DefaultFlapping>1</DefaultFlapping>
            </Metric>
            <Metric id="FrontPanelLockout" style="InformationMetric" name="前面板锁定" description="前面板锁定" unit="">
                <IsDisplay displayOrder="1228">true</IsDisplay>
                <IsMonitor>true</IsMonitor>
                <IsEdit>false</IsEdit>
                <DefaultMonitorFreq>day1</DefaultMonitorFreq>
                <SupportMonitorFreq>hour1,day1</SupportMonitorFreq>
                <IsAlert>false</IsAlert>
                <DefaultFlapping>1</DefaultFlapping>
            </Metric>
            <Metric id="DriveFaultStatus" style="InformationMetric" name="驱动器错误状态" description="驱动器错误状态" unit="">
                <IsDisplay displayOrder="1230">true</IsDisplay>
                <IsMonitor>true</IsMonitor>
                <IsEdit>false</IsEdit>
                <DefaultMonitorFreq>day1</DefaultMonitorFreq>
                <SupportMonitorFreq>hour1,day1</SupportMonitorFreq>
                <IsAlert>false</IsAlert>
                <DefaultFlapping>1</DefaultFlapping>
            </Metric>
            <Metric id="CoolinFaFaulStatu" style="InformationMetric" name="风扇/制冷错误状态" description="风扇/制冷错误状态" unit="">
                <IsDisplay displayOrder="1240">true</IsDisplay>
                <IsMonitor>true</IsMonitor>
                <IsEdit>false</IsEdit>
                <DefaultMonitorFreq>day1</DefaultMonitorFreq>
                <SupportMonitorFreq>hour1,day1</SupportMonitorFreq>
                <IsAlert>false</IsAlert>
                <DefaultFlapping>1</DefaultFlapping>
            </Metric>
            <Metric id="HostName" style="InformationMetric" name="主机名" description="主机名" unit="">
                <IsDisplay displayOrder="1300">true</IsDisplay>
                <IsMonitor>true</IsMonitor>
                <IsEdit>false</IsEdit>
                <DefaultMonitorFreq>day1</DefaultMonitorFreq>
                <SupportMonitorFreq>hour1,day1</SupportMonitorFreq>
                <IsAlert>false</IsAlert>
                <DefaultFlapping>1</DefaultFlapping>
            </Metric>
            <Metric id="ServiceTag" style="InformationMetric" name="服务标识" description="服务标识" unit="">
                <IsDisplay displayOrder="1330">true</IsDisplay>
                <IsMonitor>true</IsMonitor>
                <IsEdit>false</IsEdit>
                <DefaultMonitorFreq>day1</DefaultMonitorFreq>
                <SupportMonitorFreq>hour1,day1</SupportMonitorFreq>
                <IsAlert>false</IsAlert>
                <DefaultFlapping>1</DefaultFlapping>
            </Metric>
            <Metric id="BoardMfg" style="InformationMetric" name="主板制造商" description="主板制造商" unit="">
                <IsDisplay displayOrder="1320">true</IsDisplay>
                <IsMonitor>true</IsMonitor>
                <IsEdit>false</IsEdit>
                <DefaultMonitorFreq>day1</DefaultMonitorFreq>
                <SupportMonitorFreq>hour1,day1</SupportMonitorFreq>
                <IsAlert>false</IsAlert>
                <DefaultFlapping>1</DefaultFlapping>
            </Metric>
        </Metrics>
        <Properties>
            <Property id="HostName" name="HostName" metricid="HostName"/>
            <Property id="ServiceTag" name="ServiceTag" metricid="ServiceTag"/>
        </Properties>
        <Instantiation InstanceId="HostName,ServiceTag" InstanceName="HostName"/>
    </Resource>
    <Resource id="ThinkRD640Fan" type="Fan" icon="" name="风扇" description="风扇" parentid="ThinkRD640">
        <Metrics>
            <Metric id="fanIndex" style="InformationMetric" name="风扇索引" description="风扇索引" unit="">
                <IsDisplay displayOrder="4000">false</IsDisplay>
                <IsMonitor>false</IsMonitor>
                <IsEdit>false</IsEdit>
                <DefaultMonitorFreq>day1</DefaultMonitorFreq>
                <SupportMonitorFreq>hour1,day1</SupportMonitorFreq>
                <IsAlert>false</IsAlert>
                <DefaultFlapping>1</DefaultFlapping>
            </Metric>
            <Metric id="fanName" style="InformationMetric" name="风扇名称" description="风扇名称" unit="">
                <IsDisplay displayOrder="4010">false</IsDisplay>
                <IsMonitor>false</IsMonitor>
                <IsEdit>false</IsEdit>
                <DefaultMonitorFreq>day1</DefaultMonitorFreq>
                <SupportMonitorFreq>hour1,day1</SupportMonitorFreq>
                <IsAlert>false</IsAlert>
                <DefaultFlapping>1</DefaultFlapping>
            </Metric>
            <Metric id="fanStatus" style="AvailabilityMetric" name="风扇状态" description="风扇状态" unit="">
                <IsDisplay displayOrder="4020">true</IsDisplay>
                <IsMonitor>true</IsMonitor>
                <IsEdit>false</IsEdit>
                <DefaultMonitorFreq>min1</DefaultMonitorFreq>
                <SupportMonitorFreq>sec30,min1,min5,min10,min30,hour1</SupportMonitorFreq>
                <IsAlert>false</IsAlert>
                <DefaultFlapping>2</DefaultFlapping>
            </Metric>
            <Metric id="fanRevolution" style="PerformanceMetric" name="风扇转数" description="风扇转数" unit="RPM">
                <IsDisplay displayOrder="4030">true</IsDisplay>
                <IsMonitor>true</IsMonitor>
                <IsEdit>false</IsEdit>
                <DefaultMonitorFreq>min5</DefaultMonitorFreq>
                <SupportMonitorFreq>min1,min5,min10,min30,hour1,hour4,hour8</SupportMonitorFreq>
                <IsAlert>false</IsAlert>
                <DefaultFlapping>1</DefaultFlapping>
                <Thresholds>
                    <Threshold operator="&gt;" defaultvalue="720" stateid="Normal"/>
                    <Threshold operator="&gt;" defaultvalue="3500" stateid="Minor"/>
                    <Threshold operator="&gt;" defaultvalue="4000" stateid="Major"/>
                </Thresholds>
            </Metric>
        </Metrics>
        <Properties>
            <Property id="fanIndex" name="fanIndex" metricid="fanIndex"/>
            <Property id="fanName" name="fanName" metricid="fanName"/>
        </Properties>
        <Instantiation InstanceId="fanIndex" InstanceName="fanName"/>
    </Resource>
    <Resource id="ThinkRD640Processor" type="Processor" icon="" name="处理器" description="处理器" parentid="ThinkRD640">
        <Metrics>
            <Metric id="processorIndex" style="InformationMetric" name="处理器索引" description="处理器索引" unit="">
                <IsDisplay displayOrder="4100">false</IsDisplay>
                <IsMonitor>false</IsMonitor>
                <IsEdit>false</IsEdit>
                <DefaultMonitorFreq>day1</DefaultMonitorFreq>
                <SupportMonitorFreq>hour1,day1</SupportMonitorFreq>
                <IsAlert>false</IsAlert>
                <DefaultFlapping>1</DefaultFlapping>
            </Metric>
            <Metric id="processorName" style="InformationMetric" name="处理器名称" description="处理器名称" unit="">
                <IsDisplay displayOrder="4110">false</IsDisplay>
                <IsMonitor>false</IsMonitor>
                <IsEdit>false</IsEdit>
                <DefaultMonitorFreq>day1</DefaultMonitorFreq>
                <SupportMonitorFreq>hour1,day1</SupportMonitorFreq>
                <IsAlert>false</IsAlert>
                <DefaultFlapping>1</DefaultFlapping>
            </Metric>
            <Metric id="processorStatus" style="AvailabilityMetric" name="处理器状态" description="处理器状态" unit="">
                <IsDisplay displayOrder="4120">true</IsDisplay>
                <IsMonitor>true</IsMonitor>
                <IsEdit>false</IsEdit>
                <DefaultMonitorFreq>min1</DefaultMonitorFreq>
                <SupportMonitorFreq>sec30,min1,min5,min10,min30,hour1</SupportMonitorFreq>
                <IsAlert>false</IsAlert>
                <DefaultFlapping>2</DefaultFlapping>
            </Metric>
        </Metrics>
        <Properties>
            <Property id="processorIndex" name="processorIndex" metricid="processorIndex"/>
            <Property id="processorName" name="processorName" metricid="processorName"/>
        </Properties>
        <Instantiation InstanceId="processorIndex" InstanceName="processorName"/>
    </Resource>
    <Resource id="ThinkRD640Power" type="Power" icon="" name="电源" description="电源" parentid="ThinkRD640">
        <Metrics>
            <Metric id="powerIndex" style="InformationMetric" name="电源索引" description="电源索引" unit="">
                <IsDisplay displayOrder="6000">false</IsDisplay>
                <IsMonitor>false</IsMonitor>
                <IsEdit>false</IsEdit>
                <DefaultMonitorFreq>day1</DefaultMonitorFreq>
                <SupportMonitorFreq>hour1,day1</SupportMonitorFreq>
                <IsAlert>false</IsAlert>
                <DefaultFlapping>1</DefaultFlapping>
            </Metric>
            <Metric id="powerStatus" style="AvailabilityMetric" name="电源状态" description="电源状态" unit="">
                <IsDisplay displayOrder="6020">true</IsDisplay>
                <IsMonitor>true</IsMonitor>
                <IsEdit>false</IsEdit>
                <DefaultMonitorFreq>min1</DefaultMonitorFreq>
                <SupportMonitorFreq>sec30,min1,min5,min10,min30,hour1</SupportMonitorFreq>
                <IsAlert>false</IsAlert>
                <DefaultFlapping>2</DefaultFlapping>
            </Metric>
        </Metrics>
        <Properties>
            <Property id="powerIndex" name="powerIndex" metricid="powerIndex"/>
        </Properties>
        <Instantiation InstanceId="powerIndex" InstanceName="powerIndex"/>
    </Resource>
</Capacity>
