<?xml version="1.0" encoding="UTF-8"?>

<Capacity xmlns:xsi="http://www.w3.org/2001/XMLSchema-instance" version="1.0" xsi:noNamespaceSchemaLocation="../../../schema/Resource.xsd">
    <SupportInfo>
        <SupportName>Weblogic</SupportName>
        <PreSupportVersion>Weblogic 8/9</PreSupportVersion>
        <ActualSupportVersion>Windows 2003/8、9</ActualSupportVersion>
    </SupportInfo>
    <GlobalMetricSetting isEncrypt="FALSE" version="4.1.0">
        <GlobalIsEdit>false</GlobalIsEdit>
        <GlobalIsMonitor>true</GlobalIsMonitor>
        <GlobalDefaultMonitorFreq>day1</GlobalDefaultMonitorFreq>
        <GlobalsupportMonitorFreq>min1,min5,min10,hour1,day1</GlobalsupportMonitorFreq>
        <GlobalIsAlert>true</GlobalIsAlert>
        <GlobalDefaultFlapping>1</GlobalDefaultFlapping>
    </GlobalMetricSetting>
    <Resource id="MIBWEBLOGIC" category="Weblogic" icon="MIBWEBLOGIC.png" name="WebLogic9及以上版本" description="WebLogic9及以上版本">
        <Metrics>
            <Metric id="icmpDelayTime" style="PerformanceMetric" name="响应时间" description="响应时间" unit="ms">
                <IsDisplay displayOrder="1030">true</IsDisplay>
                <IsMonitor>true</IsMonitor>
                <IsEdit>false</IsEdit>
                <DefaultMonitorFreq>min5</DefaultMonitorFreq>
                <SupportMonitorFreq>min1,min5,min10,min30,hour1,hour4,hour8</SupportMonitorFreq>
                <IsAlert>false</IsAlert>
                <DefaultFlapping>1</DefaultFlapping>
                <Thresholds>
                    <Threshold operator="&lt;" defaultvalue="500" stateid="Normal"/>
                    <Threshold operator="&gt;" defaultvalue="1000" stateid="Minor"/>
                    <Threshold operator="&gt;" defaultvalue="5000" stateid="Major"/>
                </Thresholds>
            </Metric>
            <Metric id="cpuRate" style="PerformanceMetric" name="CPU利用率" description="CPU利用率" unit="%">
                <IsDisplay displayOrder="1400">true</IsDisplay>
                <IsMonitor>true</IsMonitor>
                <IsEdit>false</IsEdit>
                <DefaultMonitorFreq>min5</DefaultMonitorFreq>
                <SupportMonitorFreq>min1,min5,min10,min30,hour1,hour4,hour8</SupportMonitorFreq>
                <IsAlert>false</IsAlert>
                <DefaultFlapping>1</DefaultFlapping>
                <Thresholds>
                    <Threshold operator="&lt;" defaultvalue="90" stateid="Normal"/>
                    <Threshold operator="&gt;=" defaultvalue="90" stateid="Minor"/>
                    <Threshold operator="&gt;=" defaultvalue="95" stateid="Major"/>
                </Thresholds>
            </Metric>
            <Metric id="memRate" style="PerformanceMetric" name="内存利用率" description="内存利用率" unit="%">
                <IsDisplay displayOrder="2500">true</IsDisplay>
                <IsMonitor>true</IsMonitor>
                <IsEdit>false</IsEdit>
                <DefaultMonitorFreq>min5</DefaultMonitorFreq>
                <SupportMonitorFreq>min1,min5,min10,min30,hour1,hour4,hour8</SupportMonitorFreq>
                <IsAlert>false</IsAlert>
                <DefaultFlapping>1</DefaultFlapping>
                <Thresholds>
                    <Threshold operator="&lt;" defaultvalue="90" stateid="Normal"/>
                    <Threshold operator="&gt;=" defaultvalue="90" stateid="Minor"/>
                    <Threshold operator="&gt;=" defaultvalue="95" stateid="Major"/>
                </Thresholds>
            </Metric>
            <Metric id="totalMemSize" style="InformationMetric" name="内存总容量" description="系统可管理内存" unit="KB">
                <IsDisplay displayOrder="11">true</IsDisplay>
                <IsMonitor>true</IsMonitor>
                <IsEdit>false</IsEdit>
                <DefaultMonitorFreq>day1</DefaultMonitorFreq>
                <SupportMonitorFreq>hour1,day1</SupportMonitorFreq>
                <IsAlert>false</IsAlert>
                <DefaultFlapping>1</DefaultFlapping>
            </Metric>
            <Metric id="hostName" style="InformationMetric" name="主机名称" description="主机名称" unit="">
                <IsDisplay displayOrder="6">true</IsDisplay>
                <IsMonitor>true</IsMonitor>
                <IsEdit>false</IsEdit>
                <DefaultMonitorFreq>day1</DefaultMonitorFreq>
                <SupportMonitorFreq>hour1,day1</SupportMonitorFreq>
                <IsAlert>false</IsAlert>
                <DefaultFlapping>1</DefaultFlapping>
            </Metric>
            <Metric id="appMemRate" style="PerformanceMetric" name="WebLogic内存利用率" description="WebLogic内存利用率" unit="%">
                <IsDisplay displayOrder="10">true</IsDisplay>
                <IsMonitor>true</IsMonitor>
                <IsEdit>false</IsEdit>
                <DefaultMonitorFreq>min5</DefaultMonitorFreq>
                <SupportMonitorFreq>min1,min5,min10,min30,hour1,hour4,hour8</SupportMonitorFreq>
                <IsAlert>false</IsAlert>
                <DefaultFlapping>1</DefaultFlapping>
                <Thresholds>
                    <Threshold operator="&lt;" defaultvalue="90" stateid="Normal"/>
                    <Threshold operator="&gt;=" defaultvalue="90" stateid="Minor"/>
                    <Threshold operator="&gt;=" defaultvalue="95" stateid="Major"/>
                </Thresholds>
            </Metric>
            <Metric id="appCpuRate" style="PerformanceMetric" name="WebLogic CPU平均利用率" description="WebLogic CPU平均利用率" unit="%">
                <IsDisplay displayOrder="9">true</IsDisplay>
                <IsMonitor>true</IsMonitor>
                <IsEdit>false</IsEdit>
                <DefaultMonitorFreq>min5</DefaultMonitorFreq>
                <SupportMonitorFreq>min1,min5,min10,min30,hour1,hour4,hour8</SupportMonitorFreq>
                <IsAlert>false</IsAlert>
                <DefaultFlapping>1</DefaultFlapping>
                <Thresholds>
                    <Threshold operator="&lt;" defaultvalue="90" stateid="Normal"/>
                    <Threshold operator="&gt;=" defaultvalue="90" stateid="Minor"/>
                    <Threshold operator="&gt;=" defaultvalue="95" stateid="Major"/>
                </Thresholds>
            </Metric>
            <Metric id="availability" style="AvailabilityMetric" name="服务器可用性" description="服务器可用性" unit="">
                <IsDisplay displayOrder="5">true</IsDisplay>
                <IsMonitor>true</IsMonitor>
                <IsEdit>false</IsEdit>
                <DefaultMonitorFreq>min1</DefaultMonitorFreq>
                <SupportMonitorFreq>sec30,min1,min5,min10,min30,hour1</SupportMonitorFreq>
                <IsAlert>true</IsAlert>
                <DefaultFlapping>2</DefaultFlapping>
            </Metric>
            <Metric id="JVMMEMRate" style="PerformanceMetric" name="JVM内存利用率" description="JVM内存利用率" unit="%">
                <IsDisplay displayOrder="12">true</IsDisplay>
                <IsMonitor>true</IsMonitor>
                <IsEdit>false</IsEdit>
                <DefaultMonitorFreq>min5</DefaultMonitorFreq>
                <SupportMonitorFreq>min1,min5,min10,min30,hour1,hour4,hour8</SupportMonitorFreq>
                <IsAlert>false</IsAlert>
                <DefaultFlapping>1</DefaultFlapping>
                <Thresholds>
                    <Threshold operator="&lt;" defaultvalue="90" stateid="Normal"/>
                    <Threshold operator="&gt;=" defaultvalue="90" stateid="Minor"/>
                    <Threshold operator="&gt;=" defaultvalue="95" stateid="Major"/>
                </Thresholds>
            </Metric>
            <Metric id="SuccessTransTime" style="PerformanceMetric" name="提交成功的事务耗费的时间" description="提交成功的事务耗费的时间" unit="秒">
                <IsDisplay displayOrder="13">true</IsDisplay>
                <IsMonitor>true</IsMonitor>
                <IsEdit>false</IsEdit>
                <DefaultMonitorFreq>min5</DefaultMonitorFreq>
                <SupportMonitorFreq>min1,min5,min10,min30,hour1,hour4,hour8</SupportMonitorFreq>
                <IsAlert>false</IsAlert>
                <DefaultFlapping>1</DefaultFlapping>
                <Thresholds>
                    <Threshold operator="&gt;=" defaultvalue="0.0" stateid="Normal"/>
                    <Threshold operator="&gt;=" defaultvalue="2.0" stateid="Minor"/>
                    <Threshold operator="&gt;=" defaultvalue="4.0" stateid="Major"/>
                </Thresholds>
            </Metric>
            <Metric id="ResDisplayName" style="InformationMetric" name="资源显示名称" description="资源显示名称" unit="">
                <IsDisplay displayOrder="14">true</IsDisplay>
                <IsMonitor>true</IsMonitor>
                <IsEdit>false</IsEdit>
                <DefaultMonitorFreq>day1</DefaultMonitorFreq>
                <SupportMonitorFreq>hour1,day1</SupportMonitorFreq>
                <IsAlert>false</IsAlert>
                <DefaultFlapping>1</DefaultFlapping>
            </Metric>
            <Metric id="ServerName" style="InformationMetric" name="Server名称" description="Server名称" unit="">
                <IsDisplay displayOrder="15">true</IsDisplay>
                <IsMonitor>true</IsMonitor>
                <IsEdit>false</IsEdit>
                <DefaultMonitorFreq>day1</DefaultMonitorFreq>
                <SupportMonitorFreq>hour1,day1</SupportMonitorFreq>
                <IsAlert>false</IsAlert>
                <DefaultFlapping>1</DefaultFlapping>
            </Metric>
            <Metric id="Version" style="InformationMetric" name="版本" description="版本" unit="">
                <IsDisplay displayOrder="17">true</IsDisplay>
                <IsMonitor>true</IsMonitor>
                <IsEdit>false</IsEdit>
                <DefaultMonitorFreq>day1</DefaultMonitorFreq>
                <SupportMonitorFreq>hour1,day1</SupportMonitorFreq>
                <IsAlert>false</IsAlert>
                <DefaultFlapping>1</DefaultFlapping>
            </Metric>
            <Metric id="DomainName" style="InformationMetric" name="ServerDomain名称" description="ServerDomain名称" unit="">
                <IsDisplay displayOrder="16">true</IsDisplay>
                <IsMonitor>true</IsMonitor>
                <IsEdit>false</IsEdit>
                <DefaultMonitorFreq>day1</DefaultMonitorFreq>
                <SupportMonitorFreq>hour1,day1</SupportMonitorFreq>
                <IsAlert>false</IsAlert>
                <DefaultFlapping>1</DefaultFlapping>
            </Metric>
            <Metric id="OperatingSystem" style="InformationMetric" name="操作系统" description="主机操作系统" unit="">
                <IsDisplay displayOrder="18">true</IsDisplay>
                <IsMonitor>true</IsMonitor>
                <IsEdit>false</IsEdit>
                <DefaultMonitorFreq>day1</DefaultMonitorFreq>
                <SupportMonitorFreq>hour1,day1</SupportMonitorFreq>
                <IsAlert>false</IsAlert>
                <DefaultFlapping>1</DefaultFlapping>
            </Metric>
            <Metric id="UsedHeapSize" style="InformationMetric" name="使用堆大小" description="使用堆大小" unit="MB">
                <IsDisplay displayOrder="19">true</IsDisplay>
                <IsMonitor>true</IsMonitor>
                <IsEdit>false</IsEdit>
                <DefaultMonitorFreq>day1</DefaultMonitorFreq>
                <SupportMonitorFreq>hour1,day1</SupportMonitorFreq>
                <IsAlert>false</IsAlert>
                <DefaultFlapping>1</DefaultFlapping>
            </Metric>
            <Metric id="CurHeapSize" style="InformationMetric" name="当前堆大小" description="当前堆大小" unit="MB">
                <IsDisplay displayOrder="20">true</IsDisplay>
                <IsMonitor>true</IsMonitor>
                <IsEdit>false</IsEdit>
                <DefaultMonitorFreq>day1</DefaultMonitorFreq>
                <SupportMonitorFreq>hour1,day1</SupportMonitorFreq>
                <IsAlert>false</IsAlert>
                <DefaultFlapping>1</DefaultFlapping>
            </Metric>
            <Metric id="HeapFreeCurrent" style="InformationMetric" name="空闲堆空间" description="空闲堆空间" unit="MB">
                <IsDisplay displayOrder="21">true</IsDisplay>
                <IsMonitor>true</IsMonitor>
                <IsEdit>false</IsEdit>
                <DefaultMonitorFreq>day1</DefaultMonitorFreq>
                <SupportMonitorFreq>hour1,day1</SupportMonitorFreq>
                <IsAlert>false</IsAlert>
                <DefaultFlapping>1</DefaultFlapping>
            </Metric>
            <Metric id="HeapFreePercent" style="PerformanceMetric" name="堆空间可用百分比" description="堆空间可用百分比" unit="%">
                <IsDisplay displayOrder="22">true</IsDisplay>
                <IsMonitor>true</IsMonitor>
                <IsEdit>false</IsEdit>
                <DefaultMonitorFreq>min5</DefaultMonitorFreq>
                <SupportMonitorFreq>min1,min5,min10,min30,hour1,hour4,hour8</SupportMonitorFreq>
                <IsAlert>false</IsAlert>
                <DefaultFlapping>1</DefaultFlapping>
                <Thresholds>
                    <Threshold operator="&lt;" defaultvalue="90" stateid="Normal"/>
                    <Threshold operator="&gt;=" defaultvalue="90" stateid="Minor"/>
                    <Threshold operator="&gt;=" defaultvalue="95" stateid="Major"/>
                </Thresholds>
            </Metric>
            <Metric id="CurConnCount" style="InformationMetric" name="当前连接数" description="当前连接数" unit="">
                <IsDisplay displayOrder="23">true</IsDisplay>
                <IsMonitor>true</IsMonitor>
                <IsEdit>false</IsEdit>
                <DefaultMonitorFreq>day1</DefaultMonitorFreq>
                <SupportMonitorFreq>hour1,day1</SupportMonitorFreq>
                <IsAlert>false</IsAlert>
                <DefaultFlapping>1</DefaultFlapping>
            </Metric>
            <Metric id="TotalConnCount" style="InformationMetric" name="总连接数" description="总连接数" unit="">
                <IsDisplay displayOrder="24">true</IsDisplay>
                <IsMonitor>true</IsMonitor>
                <IsEdit>false</IsEdit>
                <DefaultMonitorFreq>day1</DefaultMonitorFreq>
                <SupportMonitorFreq>hour1,day1</SupportMonitorFreq>
                <IsAlert>false</IsAlert>
                <DefaultFlapping>1</DefaultFlapping>
            </Metric>
            <Metric id="HighestConnCount" style="InformationMetric" name="最高连接数" description="最高连接数" unit="">
                <IsDisplay displayOrder="25">true</IsDisplay>
                <IsMonitor>true</IsMonitor>
                <IsEdit>false</IsEdit>
                <DefaultMonitorFreq>day1</DefaultMonitorFreq>
                <SupportMonitorFreq>hour1,day1</SupportMonitorFreq>
                <IsAlert>false</IsAlert>
                <DefaultFlapping>1</DefaultFlapping>
            </Metric>
            <Metric id="CurJMSServerCount" style="InformationMetric" name="当前JMS服务数" description="当前JMS服务数" unit="">
                <IsDisplay displayOrder="26">true</IsDisplay>
                <IsMonitor>true</IsMonitor>
                <IsEdit>false</IsEdit>
                <DefaultMonitorFreq>day1</DefaultMonitorFreq>
                <SupportMonitorFreq>hour1,day1</SupportMonitorFreq>
                <IsAlert>false</IsAlert>
                <DefaultFlapping>1</DefaultFlapping>
            </Metric>
            <Metric id="HighestJMSSerCnt" style="InformationMetric" name="最高JMS服务数" description="最高JMS服务数" unit="">
                <IsDisplay displayOrder="27">true</IsDisplay>
                <IsMonitor>true</IsMonitor>
                <IsEdit>false</IsEdit>
                <DefaultMonitorFreq>day1</DefaultMonitorFreq>
                <SupportMonitorFreq>hour1,day1</SupportMonitorFreq>
                <IsAlert>false</IsAlert>
                <DefaultFlapping>1</DefaultFlapping>
            </Metric>
            <Metric id="TotalJMSSerCnt" style="InformationMetric" name="总JMS服务数" description="总JMS服务数" unit="">
                <IsDisplay displayOrder="28">true</IsDisplay>
                <IsMonitor>true</IsMonitor>
                <IsEdit>false</IsEdit>
                <DefaultMonitorFreq>day1</DefaultMonitorFreq>
                <SupportMonitorFreq>hour1,day1</SupportMonitorFreq>
                <IsAlert>false</IsAlert>
                <DefaultFlapping>1</DefaultFlapping>
            </Metric>
            <Metric id="TotalThreadCount" style="InformationMetric" name="总线程数" description="总线程数" unit="">
                <IsDisplay displayOrder="29">true</IsDisplay>
                <IsMonitor>true</IsMonitor>
                <IsEdit>false</IsEdit>
                <DefaultMonitorFreq>day1</DefaultMonitorFreq>
                <SupportMonitorFreq>hour1,day1</SupportMonitorFreq>
                <IsAlert>false</IsAlert>
                <DefaultFlapping>1</DefaultFlapping>
            </Metric>
            <Metric id="IdleThreadCount" style="InformationMetric" name="空闲线程数" description="空闲线程数" unit="">
                <IsDisplay displayOrder="30">true</IsDisplay>
                <IsMonitor>true</IsMonitor>
                <IsEdit>false</IsEdit>
                <DefaultMonitorFreq>day1</DefaultMonitorFreq>
                <SupportMonitorFreq>hour1,day1</SupportMonitorFreq>
                <IsAlert>false</IsAlert>
                <DefaultFlapping>1</DefaultFlapping>
            </Metric>
            <Metric id="StandbyThreadCount" style="InformationMetric" name="备用线程数" description="备用线程数" unit="">
                <IsDisplay displayOrder="31">true</IsDisplay>
                <IsMonitor>true</IsMonitor>
                <IsEdit>false</IsEdit>
                <DefaultMonitorFreq>day1</DefaultMonitorFreq>
                <SupportMonitorFreq>hour1,day1</SupportMonitorFreq>
                <IsAlert>false</IsAlert>
                <DefaultFlapping>1</DefaultFlapping>
            </Metric>
            <Metric id="SocketsOpdTotCnt" style="InformationMetric" name="打开的Socket数" description="打开的Socket数" unit="次">
                <IsDisplay displayOrder="32">true</IsDisplay>
                <IsMonitor>true</IsMonitor>
                <IsEdit>false</IsEdit>
                <DefaultMonitorFreq>day1</DefaultMonitorFreq>
                <SupportMonitorFreq>hour1,day1</SupportMonitorFreq>
                <IsAlert>false</IsAlert>
                <DefaultFlapping>1</DefaultFlapping>
            </Metric>
            <Metric id="RestartsTotalCnt" style="InformationMetric" name="重启次数" description="重启次数" unit="次">
                <IsDisplay displayOrder="33">true</IsDisplay>
                <IsMonitor>true</IsMonitor>
                <IsEdit>false</IsEdit>
                <DefaultMonitorFreq>day1</DefaultMonitorFreq>
                <SupportMonitorFreq>hour1,day1</SupportMonitorFreq>
                <IsAlert>false</IsAlert>
                <DefaultFlapping>1</DefaultFlapping>
            </Metric>
            <Metric id="RolledBackTimeoutT" style="InformationMetric" name="超时回滚的事务数" description="超时回滚的事务数" unit="次">
                <IsDisplay displayOrder="34">true</IsDisplay>
                <IsMonitor>true</IsMonitor>
                <IsEdit>false</IsEdit>
                <DefaultMonitorFreq>day1</DefaultMonitorFreq>
                <SupportMonitorFreq>hour1,day1</SupportMonitorFreq>
                <IsAlert>false</IsAlert>
                <DefaultFlapping>1</DefaultFlapping>
            </Metric>
            <Metric id="MulticastMessagesL" style="InformationMetric" name="多播消息丢失数(每分钟)" description="多播消息丢失数(每分钟)" unit="次">
                <IsDisplay displayOrder="35">true</IsDisplay>
                <IsMonitor>true</IsMonitor>
                <IsEdit>false</IsEdit>
                <DefaultMonitorFreq>day1</DefaultMonitorFreq>
                <SupportMonitorFreq>hour1,day1</SupportMonitorFreq>
                <IsAlert>false</IsAlert>
                <DefaultFlapping>1</DefaultFlapping>
            </Metric>
            <Metric id="RolledBackResource" style="InformationMetric" name="资源出错回滚的事务数" description="资源出错回滚的事务数" unit="次">
                <IsDisplay displayOrder="36">true</IsDisplay>
                <IsMonitor>true</IsMonitor>
                <IsEdit>false</IsEdit>
                <DefaultMonitorFreq>day1</DefaultMonitorFreq>
                <SupportMonitorFreq>hour1,day1</SupportMonitorFreq>
                <IsAlert>false</IsAlert>
                <DefaultFlapping>1</DefaultFlapping>
            </Metric>
            <Metric id="RolledBackAppTrans" style="InformationMetric" name="应用程序出错回滚的事务数" description="应用程序出错回滚的事务数" unit="次">
                <IsDisplay displayOrder="37">true</IsDisplay>
                <IsMonitor>true</IsMonitor>
                <IsEdit>false</IsEdit>
                <DefaultMonitorFreq>day1</DefaultMonitorFreq>
                <SupportMonitorFreq>hour1,day1</SupportMonitorFreq>
                <IsAlert>false</IsAlert>
                <DefaultFlapping>1</DefaultFlapping>
            </Metric>
            <Metric id="AbandonedTransCoun" style="InformationMetric" name="丢弃的事务数" description="丢弃的事务数" unit="次">
                <IsDisplay displayOrder="38">true</IsDisplay>
                <IsMonitor>true</IsMonitor>
                <IsEdit>false</IsEdit>
                <DefaultMonitorFreq>day1</DefaultMonitorFreq>
                <SupportMonitorFreq>hour1,day1</SupportMonitorFreq>
                <IsAlert>false</IsAlert>
                <DefaultFlapping>1</DefaultFlapping>
            </Metric>
            <Metric id="ResendRequestsCoun" style="InformationMetric" name="多播消息重发数(每分钟)" description="多播消息重发数(每分钟)" unit="次/分钟">
                <IsDisplay displayOrder="39">true</IsDisplay>
                <IsMonitor>true</IsMonitor>
                <IsEdit>false</IsEdit>
                <DefaultMonitorFreq>day1</DefaultMonitorFreq>
                <SupportMonitorFreq>hour1,day1</SupportMonitorFreq>
                <IsAlert>false</IsAlert>
                <DefaultFlapping>1</DefaultFlapping>
            </Metric>
            <Metric id="ClusterAliveServer" style="InformationMetric" name="存活服务数量" description="存活服务数量" unit="个">
                <IsDisplay displayOrder="40">true</IsDisplay>
                <IsMonitor>true</IsMonitor>
                <IsEdit>false</IsEdit>
                <DefaultMonitorFreq>day1</DefaultMonitorFreq>
                <SupportMonitorFreq>hour1,day1</SupportMonitorFreq>
                <IsAlert>false</IsAlert>
                <DefaultFlapping>1</DefaultFlapping>
            </Metric>
            <Metric id="RolledBackSystemTr" style="InformationMetric" name="系统出错回滚的事务数" description="系统出错回滚的事务数" unit="次">
                <IsDisplay displayOrder="41">true</IsDisplay>
                <IsMonitor>true</IsMonitor>
                <IsEdit>false</IsEdit>
                <DefaultMonitorFreq>day1</DefaultMonitorFreq>
                <SupportMonitorFreq>hour1,day1</SupportMonitorFreq>
                <IsAlert>false</IsAlert>
                <DefaultFlapping>1</DefaultFlapping>
            </Metric>
            <Metric id="JTAName" style="InformationMetric" name="JTA名称" description="JTA名称" unit="">
                <IsDisplay displayOrder="42">true</IsDisplay>
                <IsMonitor>true</IsMonitor>
                <IsEdit>false</IsEdit>
                <DefaultMonitorFreq>day1</DefaultMonitorFreq>
                <SupportMonitorFreq>hour1,day1</SupportMonitorFreq>
                <IsAlert>false</IsAlert>
                <DefaultFlapping>1</DefaultFlapping>
            </Metric>
            <Metric id="ClusterName" style="InformationMetric" name="集群名称" description="集群名称" unit="">
                <IsDisplay displayOrder="43">true</IsDisplay>
                <IsMonitor>true</IsMonitor>
                <IsEdit>false</IsEdit>
                <DefaultMonitorFreq>day1</DefaultMonitorFreq>
                <SupportMonitorFreq>hour1,day1</SupportMonitorFreq>
                <IsAlert>false</IsAlert>
                <DefaultFlapping>1</DefaultFlapping>
            </Metric>
            <Metric id="QueueLength" style="PerformanceMetric" name="队列长度" description="队列长度" unit="">
                <IsDisplay displayOrder="44">true</IsDisplay>
                <IsMonitor>true</IsMonitor>
                <IsEdit>false</IsEdit>
                <DefaultMonitorFreq>min5</DefaultMonitorFreq>
                <SupportMonitorFreq>min1,min5,min10,min30,hour1,hour4,hour8</SupportMonitorFreq>
                <IsAlert>false</IsAlert>
                <DefaultFlapping>1</DefaultFlapping>
                <Thresholds>
                    <Threshold operator="&gt;=" defaultvalue="10000" stateid="Normal"/>
                    <Threshold operator="&gt;=" defaultvalue="20000" stateid="Minor"/>
                    <Threshold operator="&gt;=" defaultvalue="65536" stateid="Major"/>
                </Thresholds>
            </Metric>
            <Metric id="Throughput" style="PerformanceMetric" name="吞吐量" description="吞吐量" unit="请求数/秒">
                <IsDisplay displayOrder="45">true</IsDisplay>
                <IsMonitor>true</IsMonitor>
                <IsEdit>false</IsEdit>
                <DefaultMonitorFreq>min5</DefaultMonitorFreq>
                <SupportMonitorFreq>min1,min5,min10,min30,hour1,hour4,hour8</SupportMonitorFreq>
                <IsAlert>false</IsAlert>
                <DefaultFlapping>1</DefaultFlapping>
                <Thresholds>
                    <Threshold operator="&gt;=" defaultvalue="100" stateid="Normal"/>
                    <Threshold operator="&gt;=" defaultvalue="200" stateid="Minor"/>
                    <Threshold operator="&gt;=" defaultvalue="400" stateid="Major"/>
                </Thresholds>
            </Metric>
            <Metric id="ActivationTime" style="InformationMetric" name="服务器激活时间" description="服务器激活时间" unit="">
                <IsDisplay displayOrder="46">true</IsDisplay>
                <IsMonitor>true</IsMonitor>
                <IsEdit>false</IsEdit>
                <DefaultMonitorFreq>day1</DefaultMonitorFreq>
                <SupportMonitorFreq>hour1,day1</SupportMonitorFreq>
                <IsAlert>false</IsAlert>
                <DefaultFlapping>1</DefaultFlapping>
            </Metric>
        </Metrics>
        <Properties>
            <Property id="hostName" name="hostName" metricid="hostName"/>
            <Property id="Version" name="Version" metricid="Version"/>
            <Property id="ServerName" name="ServerName" metricid="ServerName"/>
            <Property id="totalMemSize" name="totalMemSize" metricid="totalMemSize"/>
        </Properties>
        <Instantiation InstanceId="ServerName,Version" InstanceName="ServerName"/>
    </Resource>
    <Resource id="MIBWEBLOGICEntityEJB" type="EntityEJB" icon="" name="实体Bean" description="实体Bean" parentid="MIBWEBLOGIC">
        <Metrics>
            <Metric id="EBName" style="InformationMetric" name="Bean的应用名" description="Bean的应用名" unit="">
                <IsDisplay displayOrder="2000">false</IsDisplay>
                <IsMonitor>false</IsMonitor>
                <IsEdit>false</IsEdit>
                <DefaultMonitorFreq>day1</DefaultMonitorFreq>
                <SupportMonitorFreq>hour1,day1</SupportMonitorFreq>
                <IsAlert>false</IsAlert>
                <DefaultFlapping>1</DefaultFlapping>
            </Metric>
            <Metric id="EBEJBName" style="InformationMetric" name="组件名" description="组件名" unit="">
                <IsDisplay displayOrder="2001">true</IsDisplay>
                <IsMonitor>true</IsMonitor>
                <IsEdit>false</IsEdit>
                <DefaultMonitorFreq>day1</DefaultMonitorFreq>
                <SupportMonitorFreq>hour1,day1</SupportMonitorFreq>
                <IsAlert>false</IsAlert>
                <DefaultFlapping>1</DefaultFlapping>
            </Metric>
            <Metric id="EBTransactionsComm" style="InformationMetric" name="事务提交总数" description="事务提交总数" unit="">
                <IsDisplay displayOrder="2002">true</IsDisplay>
                <IsMonitor>true</IsMonitor>
                <IsEdit>false</IsEdit>
                <DefaultMonitorFreq>day1</DefaultMonitorFreq>
                <SupportMonitorFreq>hour1,day1</SupportMonitorFreq>
                <IsAlert>false</IsAlert>
                <DefaultFlapping>1</DefaultFlapping>
            </Metric>
            <Metric id="EBTransactionsRoll" style="InformationMetric" name="事务回滚总数" description="事务回滚总数" unit="">
                <IsDisplay displayOrder="2003">true</IsDisplay>
                <IsMonitor>true</IsMonitor>
                <IsEdit>false</IsEdit>
                <DefaultMonitorFreq>day1</DefaultMonitorFreq>
                <SupportMonitorFreq>hour1,day1</SupportMonitorFreq>
                <IsAlert>false</IsAlert>
                <DefaultFlapping>1</DefaultFlapping>
            </Metric>
            <Metric id="EBTransactionsTime" style="InformationMetric" name="事务超时总数" description="事务超时总数" unit="">
                <IsDisplay displayOrder="2004">true</IsDisplay>
                <IsMonitor>true</IsMonitor>
                <IsEdit>false</IsEdit>
                <DefaultMonitorFreq>day1</DefaultMonitorFreq>
                <SupportMonitorFreq>hour1,day1</SupportMonitorFreq>
                <IsAlert>false</IsAlert>
                <DefaultFlapping>1</DefaultFlapping>
            </Metric>
            <Metric id="EBCacheAccessCount" style="InformationMetric" name="缓存访问数" description="缓存访问数" unit="">
                <IsDisplay displayOrder="2005">true</IsDisplay>
                <IsMonitor>true</IsMonitor>
                <IsEdit>false</IsEdit>
                <DefaultMonitorFreq>day1</DefaultMonitorFreq>
                <SupportMonitorFreq>hour1,day1</SupportMonitorFreq>
                <IsAlert>false</IsAlert>
                <DefaultFlapping>1</DefaultFlapping>
            </Metric>
            <Metric id="EBCacheMissCount" style="InformationMetric" name="缓存丢失数" description="缓存丢失数" unit="">
                <IsDisplay displayOrder="2006">true</IsDisplay>
                <IsMonitor>true</IsMonitor>
                <IsEdit>false</IsEdit>
                <DefaultMonitorFreq>day1</DefaultMonitorFreq>
                <SupportMonitorFreq>hour1,day1</SupportMonitorFreq>
                <IsAlert>false</IsAlert>
                <DefaultFlapping>1</DefaultFlapping>
            </Metric>
            <Metric id="EBWaiterCurrentCou" style="InformationMetric" name="池等待数" description="池等待数" unit="">
                <IsDisplay displayOrder="2007">true</IsDisplay>
                <IsMonitor>true</IsMonitor>
                <IsEdit>false</IsEdit>
                <DefaultMonitorFreq>day1</DefaultMonitorFreq>
                <SupportMonitorFreq>hour1,day1</SupportMonitorFreq>
                <IsAlert>false</IsAlert>
                <DefaultFlapping>1</DefaultFlapping>
            </Metric>
            <Metric id="EBPooledBeansCurre" style="InformationMetric" name="当前bean数" description="当前bean数" unit="">
                <IsDisplay displayOrder="2008">true</IsDisplay>
                <IsMonitor>true</IsMonitor>
                <IsEdit>false</IsEdit>
                <DefaultMonitorFreq>day1</DefaultMonitorFreq>
                <SupportMonitorFreq>hour1,day1</SupportMonitorFreq>
                <IsAlert>false</IsAlert>
                <DefaultFlapping>1</DefaultFlapping>
            </Metric>
        </Metrics>
        <Properties>
            <Property id="EBName" name="EBName" metricid="EBName"/>
        </Properties>
        <Instantiation InstanceId="EBName" InstanceName="EBName"/>
    </Resource>
    <Resource id="MIBWEBLOGICMessageEJB" type="MessageEJB" icon="" name="消息Bean" description="消息Bean" parentid="MIBWEBLOGIC">
        <Metrics>
            <Metric id="MBName" style="InformationMetric" name="Bean的应用名" description="Bean的应用名" unit="">
                <IsDisplay displayOrder="2009">false</IsDisplay>
                <IsMonitor>false</IsMonitor>
                <IsEdit>false</IsEdit>
                <DefaultMonitorFreq>day1</DefaultMonitorFreq>
                <SupportMonitorFreq>hour1,day1</SupportMonitorFreq>
                <IsAlert>false</IsAlert>
                <DefaultFlapping>1</DefaultFlapping>
            </Metric>
            <Metric id="MBEJBName" style="InformationMetric" name="组件名" description="组件名" unit="">
                <IsDisplay displayOrder="2010">true</IsDisplay>
                <IsMonitor>true</IsMonitor>
                <IsEdit>false</IsEdit>
                <DefaultMonitorFreq>day1</DefaultMonitorFreq>
                <SupportMonitorFreq>hour1,day1</SupportMonitorFreq>
                <IsAlert>false</IsAlert>
                <DefaultFlapping>1</DefaultFlapping>
            </Metric>
            <Metric id="MBTransactionsComm" style="InformationMetric" name="事务提交总数" description="事务提交总数" unit="">
                <IsDisplay displayOrder="2011">true</IsDisplay>
                <IsMonitor>true</IsMonitor>
                <IsEdit>false</IsEdit>
                <DefaultMonitorFreq>day1</DefaultMonitorFreq>
                <SupportMonitorFreq>hour1,day1</SupportMonitorFreq>
                <IsAlert>false</IsAlert>
                <DefaultFlapping>1</DefaultFlapping>
            </Metric>
            <Metric id="MBTransactionsRoll" style="InformationMetric" name="事务回滚总数" description="事务回滚总数" unit="">
                <IsDisplay displayOrder="2012">true</IsDisplay>
                <IsMonitor>true</IsMonitor>
                <IsEdit>false</IsEdit>
                <DefaultMonitorFreq>day1</DefaultMonitorFreq>
                <SupportMonitorFreq>hour1,day1</SupportMonitorFreq>
                <IsAlert>false</IsAlert>
                <DefaultFlapping>1</DefaultFlapping>
            </Metric>
            <Metric id="MBTransactionsTime" style="InformationMetric" name="事务超时总数" description="事务超时总数" unit="">
                <IsDisplay displayOrder="2013">true</IsDisplay>
                <IsMonitor>true</IsMonitor>
                <IsEdit>false</IsEdit>
                <DefaultMonitorFreq>day1</DefaultMonitorFreq>
                <SupportMonitorFreq>hour1,day1</SupportMonitorFreq>
                <IsAlert>false</IsAlert>
                <DefaultFlapping>1</DefaultFlapping>
            </Metric>
            <Metric id="MBWaiterCurrentCou" style="InformationMetric" name="池等待数" description="池等待数" unit="">
                <IsDisplay displayOrder="2014">true</IsDisplay>
                <IsMonitor>true</IsMonitor>
                <IsEdit>false</IsEdit>
                <DefaultMonitorFreq>day1</DefaultMonitorFreq>
                <SupportMonitorFreq>hour1,day1</SupportMonitorFreq>
                <IsAlert>false</IsAlert>
                <DefaultFlapping>1</DefaultFlapping>
            </Metric>
            <Metric id="MBPooledBeansCurre" style="InformationMetric" name="当前bean数" description="当前bean数" unit="">
                <IsDisplay displayOrder="2015">true</IsDisplay>
                <IsMonitor>true</IsMonitor>
                <IsEdit>false</IsEdit>
                <DefaultMonitorFreq>day1</DefaultMonitorFreq>
                <SupportMonitorFreq>hour1,day1</SupportMonitorFreq>
                <IsAlert>false</IsAlert>
                <DefaultFlapping>1</DefaultFlapping>
            </Metric>
        </Metrics>
        <Properties>
            <Property id="MBName" name="MBName" metricid="MBName"/>
        </Properties>
        <Instantiation InstanceId="MBName" InstanceName="MBName"/>
    </Resource>
    <Resource id="MIBWEBLOGICStatefulEJB" type="StatefulEJB" icon="" name="有状态会话Bean" description="有状态会话Bean" parentid="MIBWEBLOGIC">
        <Metrics>
            <Metric id="SFBName" style="InformationMetric" name="Bean的应用名" description="Bean的应用名" unit="">
                <IsDisplay displayOrder="2016">false</IsDisplay>
                <IsMonitor>false</IsMonitor>
                <IsEdit>false</IsEdit>
                <DefaultMonitorFreq>day1</DefaultMonitorFreq>
                <SupportMonitorFreq>hour1,day1</SupportMonitorFreq>
                <IsAlert>false</IsAlert>
                <DefaultFlapping>1</DefaultFlapping>
            </Metric>
            <Metric id="SFBEJBName" style="InformationMetric" name="组件名" description="组件名" unit="">
                <IsDisplay displayOrder="2017">true</IsDisplay>
                <IsMonitor>true</IsMonitor>
                <IsEdit>false</IsEdit>
                <DefaultMonitorFreq>day1</DefaultMonitorFreq>
                <SupportMonitorFreq>hour1,day1</SupportMonitorFreq>
                <IsAlert>false</IsAlert>
                <DefaultFlapping>1</DefaultFlapping>
            </Metric>
            <Metric id="SFBTransactionsCom" style="InformationMetric" name="事务提交总数" description="事务提交总数" unit="">
                <IsDisplay displayOrder="2018">true</IsDisplay>
                <IsMonitor>true</IsMonitor>
                <IsEdit>false</IsEdit>
                <DefaultMonitorFreq>day1</DefaultMonitorFreq>
                <SupportMonitorFreq>hour1,day1</SupportMonitorFreq>
                <IsAlert>false</IsAlert>
                <DefaultFlapping>1</DefaultFlapping>
            </Metric>
            <Metric id="SFBTransactionsRol" style="InformationMetric" name="事务回滚总数" description="事务回滚总数" unit="">
                <IsDisplay displayOrder="2019">true</IsDisplay>
                <IsMonitor>true</IsMonitor>
                <IsEdit>false</IsEdit>
                <DefaultMonitorFreq>day1</DefaultMonitorFreq>
                <SupportMonitorFreq>hour1,day1</SupportMonitorFreq>
                <IsAlert>false</IsAlert>
                <DefaultFlapping>1</DefaultFlapping>
            </Metric>
            <Metric id="SFBTransactionsTim" style="InformationMetric" name="事务超时总数" description="事务超时总数" unit="">
                <IsDisplay displayOrder="2020">true</IsDisplay>
                <IsMonitor>true</IsMonitor>
                <IsEdit>false</IsEdit>
                <DefaultMonitorFreq>day1</DefaultMonitorFreq>
                <SupportMonitorFreq>hour1,day1</SupportMonitorFreq>
                <IsAlert>false</IsAlert>
                <DefaultFlapping>1</DefaultFlapping>
            </Metric>
            <Metric id="SFBCacheAccessCount" style="InformationMetric" name="缓存访问数" description="缓存访问数" unit="">
                <IsDisplay displayOrder="2021">true</IsDisplay>
                <IsMonitor>true</IsMonitor>
                <IsEdit>false</IsEdit>
                <DefaultMonitorFreq>day1</DefaultMonitorFreq>
                <SupportMonitorFreq>hour1,day1</SupportMonitorFreq>
                <IsAlert>false</IsAlert>
                <DefaultFlapping>1</DefaultFlapping>
            </Metric>
            <Metric id="SFBCacheMissCount" style="InformationMetric" name="缓存丢失数" description="缓存丢失数" unit="">
                <IsDisplay displayOrder="2022">true</IsDisplay>
                <IsMonitor>true</IsMonitor>
                <IsEdit>false</IsEdit>
                <DefaultMonitorFreq>day1</DefaultMonitorFreq>
                <SupportMonitorFreq>hour1,day1</SupportMonitorFreq>
                <IsAlert>false</IsAlert>
                <DefaultFlapping>1</DefaultFlapping>
            </Metric>
        </Metrics>
        <Properties>
            <Property id="SFBName" name="SFBName" metricid="SFBName"/>
        </Properties>
        <Instantiation InstanceId="SFBName" InstanceName="SFBName"/>
    </Resource>
    <Resource id="MIBWEBLOGICStatelessEJB" type="StatelessEJB" icon="" name="无状态会话Bean" description="无状态会话Bean" parentid="MIBWEBLOGIC">
        <Metrics>
            <Metric id="SLBName" style="InformationMetric" name="Bean的应用名" description="Bean的应用名" unit="">
                <IsDisplay displayOrder="2023">false</IsDisplay>
                <IsMonitor>false</IsMonitor>
                <IsEdit>false</IsEdit>
                <DefaultMonitorFreq>day1</DefaultMonitorFreq>
                <SupportMonitorFreq>hour1,day1</SupportMonitorFreq>
                <IsAlert>false</IsAlert>
                <DefaultFlapping>1</DefaultFlapping>
            </Metric>
            <Metric id="SLBEJBName" style="InformationMetric" name="组件名" description="组件名" unit="">
                <IsDisplay displayOrder="2024">true</IsDisplay>
                <IsMonitor>true</IsMonitor>
                <IsEdit>false</IsEdit>
                <DefaultMonitorFreq>day1</DefaultMonitorFreq>
                <SupportMonitorFreq>hour1,day1</SupportMonitorFreq>
                <IsAlert>false</IsAlert>
                <DefaultFlapping>1</DefaultFlapping>
            </Metric>
            <Metric id="SLBTransactionsCom" style="InformationMetric" name="事务提交总数" description="事务提交总数" unit="">
                <IsDisplay displayOrder="2025">true</IsDisplay>
                <IsMonitor>true</IsMonitor>
                <IsEdit>false</IsEdit>
                <DefaultMonitorFreq>day1</DefaultMonitorFreq>
                <SupportMonitorFreq>hour1,day1</SupportMonitorFreq>
                <IsAlert>false</IsAlert>
                <DefaultFlapping>1</DefaultFlapping>
            </Metric>
            <Metric id="SLBTransactionsRol" style="InformationMetric" name="事务回滚总数" description="事务回滚总数" unit="">
                <IsDisplay displayOrder="2026">true</IsDisplay>
                <IsMonitor>true</IsMonitor>
                <IsEdit>false</IsEdit>
                <DefaultMonitorFreq>day1</DefaultMonitorFreq>
                <SupportMonitorFreq>hour1,day1</SupportMonitorFreq>
                <IsAlert>false</IsAlert>
                <DefaultFlapping>1</DefaultFlapping>
            </Metric>
            <Metric id="SLBTransactionsTim" style="InformationMetric" name="事务超时总数" description="事务超时总数" unit="">
                <IsDisplay displayOrder="2027">true</IsDisplay>
                <IsMonitor>true</IsMonitor>
                <IsEdit>false</IsEdit>
                <DefaultMonitorFreq>day1</DefaultMonitorFreq>
                <SupportMonitorFreq>hour1,day1</SupportMonitorFreq>
                <IsAlert>false</IsAlert>
                <DefaultFlapping>1</DefaultFlapping>
            </Metric>
        </Metrics>
        <Properties>
            <Property id="SLBName" name="SLBName" metricid="SLBName"/>
        </Properties>
        <Instantiation InstanceId="SLBName" InstanceName="SLBName"/>
    </Resource>
    <Resource id="MIBWEBLOGICWeblogicJMS" type="JMS" icon="" name="JMS" description="JMS" parentid="MIBWEBLOGIC">
        <Metrics>
            <Metric id="JMSServerName" style="InformationMetric" name="JMS服务名称" description="JMS服务名称" unit="">
                <IsDisplay displayOrder="2028">false</IsDisplay>
                <IsMonitor>false</IsMonitor>
                <IsEdit>false</IsEdit>
                <DefaultMonitorFreq>day1</DefaultMonitorFreq>
                <SupportMonitorFreq>hour1,day1</SupportMonitorFreq>
                <IsAlert>false</IsAlert>
                <DefaultFlapping>1</DefaultFlapping>
            </Metric>
            <Metric id="JMSBytesCurrentCou" style="InformationMetric" name="当前字节数" description="当前字节数" unit="Byte">
                <IsDisplay displayOrder="2029">true</IsDisplay>
                <IsMonitor>true</IsMonitor>
                <IsEdit>false</IsEdit>
                <DefaultMonitorFreq>day1</DefaultMonitorFreq>
                <SupportMonitorFreq>hour1,day1</SupportMonitorFreq>
                <IsAlert>false</IsAlert>
                <DefaultFlapping>1</DefaultFlapping>
            </Metric>
            <Metric id="JMSMessagesCurrent" style="InformationMetric" name="当前消息数" description="当前消息数" unit="">
                <IsDisplay displayOrder="2030">true</IsDisplay>
                <IsMonitor>true</IsMonitor>
                <IsEdit>false</IsEdit>
                <DefaultMonitorFreq>day1</DefaultMonitorFreq>
                <SupportMonitorFreq>hour1,day1</SupportMonitorFreq>
                <IsAlert>false</IsAlert>
                <DefaultFlapping>1</DefaultFlapping>
            </Metric>
            <Metric id="JMSMessagesPending" style="InformationMetric" name="挂起的消息数" description="挂起的消息数" unit="">
                <IsDisplay displayOrder="2031">true</IsDisplay>
                <IsMonitor>true</IsMonitor>
                <IsEdit>false</IsEdit>
                <DefaultMonitorFreq>day1</DefaultMonitorFreq>
                <SupportMonitorFreq>hour1,day1</SupportMonitorFreq>
                <IsAlert>false</IsAlert>
                <DefaultFlapping>1</DefaultFlapping>
            </Metric>
            <Metric id="JMSMessagesReceive" style="InformationMetric" name="接收到的消息数" description="接收到的消息数" unit="">
                <IsDisplay displayOrder="2032">true</IsDisplay>
                <IsMonitor>true</IsMonitor>
                <IsEdit>false</IsEdit>
                <DefaultMonitorFreq>day1</DefaultMonitorFreq>
                <SupportMonitorFreq>hour1,day1</SupportMonitorFreq>
                <IsAlert>false</IsAlert>
                <DefaultFlapping>1</DefaultFlapping>
            </Metric>
            <Metric id="JMSHealthState" style="InformationMetric" name="JMS服务健康状态" description="JMS服务健康状态" unit="">
                <IsDisplay displayOrder="2033">true</IsDisplay>
                <IsMonitor>true</IsMonitor>
                <IsEdit>false</IsEdit>
                <DefaultMonitorFreq>day1</DefaultMonitorFreq>
                <SupportMonitorFreq>hour1,day1</SupportMonitorFreq>
                <IsAlert>false</IsAlert>
                <DefaultFlapping>1</DefaultFlapping>
            </Metric>
        </Metrics>
        <Properties>
            <Property id="JMSServerName" name="JMSServerName" metricid="JMSServerName"/>
        </Properties>
        <Instantiation InstanceId="JMSServerName" InstanceName="JMSServerName"/>
    </Resource>
    <Resource id="MIBWEBLOGICWeblogicJMSConn" type="JMSConnection" icon="" name="JMS连接" description="JMS连接" parentid="MIBWEBLOGIC">
        <Metrics>
            <Metric id="JMSConnName" style="InformationMetric" name="JMS连接名称" description="JMS连接名称" unit="">
                <IsDisplay displayOrder="2034">false</IsDisplay>
                <IsMonitor>false</IsMonitor>
                <IsEdit>false</IsEdit>
                <DefaultMonitorFreq>day1</DefaultMonitorFreq>
                <SupportMonitorFreq>hour1,day1</SupportMonitorFreq>
                <IsAlert>false</IsAlert>
                <DefaultFlapping>1</DefaultFlapping>
            </Metric>
            <Metric id="JMSSessionsCurrent" style="InformationMetric" name="当前会话数" description="当前会话数" unit="">
                <IsDisplay displayOrder="2035">true</IsDisplay>
                <IsMonitor>true</IsMonitor>
                <IsEdit>false</IsEdit>
                <DefaultMonitorFreq>day1</DefaultMonitorFreq>
                <SupportMonitorFreq>hour1,day1</SupportMonitorFreq>
                <IsAlert>false</IsAlert>
                <DefaultFlapping>1</DefaultFlapping>
            </Metric>
        </Metrics>
        <Properties>
            <Property id="JMSConnName" name="JMSConnName" metricid="JMSConnName"/>
        </Properties>
        <Instantiation InstanceId="JMSConnName" InstanceName="JMSConnName"/>
    </Resource>
    <Resource id="MIBWEBLOGICWeblogicJP" type="JDBCPool" icon="" name="JDBC连接池" description="JDBC连接池" parentid="MIBWEBLOGIC">
        <Metrics>
            <Metric id="JPJdbcPoolName" style="InformationMetric" name="连接池名称" description="连接池名称" unit="">
                <IsDisplay displayOrder="2036">false</IsDisplay>
                <IsMonitor>false</IsMonitor>
                <IsEdit>false</IsEdit>
                <DefaultMonitorFreq>day1</DefaultMonitorFreq>
                <SupportMonitorFreq>hour1,day1</SupportMonitorFreq>
                <IsAlert>false</IsAlert>
                <DefaultFlapping>1</DefaultFlapping>
            </Metric>
            <Metric id="JPStatus" style="InformationMetric" name="连接池状态" description="连接池状态" unit="">
                <IsDisplay displayOrder="2037">true</IsDisplay>
                <IsMonitor>true</IsMonitor>
                <IsEdit>false</IsEdit>
                <DefaultMonitorFreq>day1</DefaultMonitorFreq>
                <SupportMonitorFreq>hour1,day1</SupportMonitorFreq>
                <IsAlert>false</IsAlert>
                <DefaultFlapping>1</DefaultFlapping>
            </Metric>
            <Metric id="JPActiveConnCount" style="InformationMetric" name="活动的连接数" description="活动的连接数" unit="">
                <IsDisplay displayOrder="2038">true</IsDisplay>
                <IsMonitor>true</IsMonitor>
                <IsEdit>false</IsEdit>
                <DefaultMonitorFreq>day1</DefaultMonitorFreq>
                <SupportMonitorFreq>hour1,day1</SupportMonitorFreq>
                <IsAlert>false</IsAlert>
                <DefaultFlapping>1</DefaultFlapping>
            </Metric>
            <Metric id="JPActiveConnAverag" style="InformationMetric" name="平均的活动连接数" description="平均的活动连接数" unit="">
                <IsDisplay displayOrder="2039">true</IsDisplay>
                <IsMonitor>true</IsMonitor>
                <IsEdit>false</IsEdit>
                <DefaultMonitorFreq>day1</DefaultMonitorFreq>
                <SupportMonitorFreq>hour1,day1</SupportMonitorFreq>
                <IsAlert>false</IsAlert>
                <DefaultFlapping>1</DefaultFlapping>
            </Metric>
            <Metric id="JPCurWaitingConnCo" style="PerformanceMetric" name="等待的连接数" description="等待的连接数" unit="个">
                <IsDisplay displayOrder="2040">true</IsDisplay>
                <IsMonitor>true</IsMonitor>
                <IsEdit>false</IsEdit>
                <DefaultMonitorFreq>min5</DefaultMonitorFreq>
                <SupportMonitorFreq>min1,min5,min10,min30,hour1,hour4,hour8</SupportMonitorFreq>
                <IsAlert>false</IsAlert>
                <DefaultFlapping>1</DefaultFlapping>
                <Thresholds>
                    <Threshold operator="&gt;=" defaultvalue="0" stateid="Normal"/>
                    <Threshold operator="&gt;=" defaultvalue="10" stateid="Minor"/>
                    <Threshold operator="&gt;=" defaultvalue="20" stateid="Major"/>
                </Thresholds>
            </Metric>
            <Metric id="JPActiveConnection" style="InformationMetric" name="最高活动连接数" description="最高活动连接数" unit="">
                <IsDisplay displayOrder="2041">true</IsDisplay>
                <IsMonitor>true</IsMonitor>
                <IsEdit>false</IsEdit>
                <DefaultMonitorFreq>day1</DefaultMonitorFreq>
                <SupportMonitorFreq>hour1,day1</SupportMonitorFreq>
                <IsAlert>false</IsAlert>
                <DefaultFlapping>1</DefaultFlapping>
            </Metric>
            <Metric id="JPHighWaitingConnC" style="InformationMetric" name="最大连接等待数" description="最大连接等待数" unit="">
                <IsDisplay displayOrder="2042">true</IsDisplay>
                <IsMonitor>true</IsMonitor>
                <IsEdit>false</IsEdit>
                <DefaultMonitorFreq>day1</DefaultMonitorFreq>
                <SupportMonitorFreq>hour1,day1</SupportMonitorFreq>
                <IsAlert>false</IsAlert>
                <DefaultFlapping>1</DefaultFlapping>
            </Metric>
            <Metric id="JPConnectionDelayT" style="InformationMetric" name="连接延迟时间" description="连接延迟时间" unit="ms">
                <IsDisplay displayOrder="2043">true</IsDisplay>
                <IsMonitor>true</IsMonitor>
                <IsEdit>false</IsEdit>
                <DefaultMonitorFreq>day1</DefaultMonitorFreq>
                <SupportMonitorFreq>hour1,day1</SupportMonitorFreq>
                <IsAlert>false</IsAlert>
                <DefaultFlapping>1</DefaultFlapping>
            </Metric>
            <Metric id="JPConnectionsTotal" style="InformationMetric" name="连接总数" description="连接总数" unit="">
                <IsDisplay displayOrder="2044">true</IsDisplay>
                <IsMonitor>true</IsMonitor>
                <IsEdit>false</IsEdit>
                <DefaultMonitorFreq>day1</DefaultMonitorFreq>
                <SupportMonitorFreq>hour1,day1</SupportMonitorFreq>
                <IsAlert>false</IsAlert>
                <DefaultFlapping>1</DefaultFlapping>
            </Metric>
            <Metric id="JPHighWaitSecConn" style="InformationMetric" name="最长等待时间" description="最长等待时间" unit="秒">
                <IsDisplay displayOrder="2045">true</IsDisplay>
                <IsMonitor>true</IsMonitor>
                <IsEdit>false</IsEdit>
                <DefaultMonitorFreq>day1</DefaultMonitorFreq>
                <SupportMonitorFreq>hour1,day1</SupportMonitorFreq>
                <IsAlert>false</IsAlert>
                <DefaultFlapping>1</DefaultFlapping>
            </Metric>
            <Metric id="JPLeakedConnCount" style="InformationMetric" name="泄漏的连接数" description="泄漏的连接数" unit="">
                <IsDisplay displayOrder="2046">true</IsDisplay>
                <IsMonitor>true</IsMonitor>
                <IsEdit>false</IsEdit>
                <DefaultMonitorFreq>day1</DefaultMonitorFreq>
                <SupportMonitorFreq>hour1,day1</SupportMonitorFreq>
                <IsAlert>false</IsAlert>
                <DefaultFlapping>1</DefaultFlapping>
            </Metric>
        </Metrics>
        <Properties>
            <Property id="JPJdbcPoolName" name="JPJdbcPoolName" metricid="JPJdbcPoolName"/>
        </Properties>
        <Instantiation InstanceId="JPJdbcPoolName" InstanceName="JPJdbcPoolName"/>
    </Resource>
    <Resource id="MIBWEBLOGICWeblogicJVM" type="JVM" icon="" name="WebLogic JVM" description="WebLogic JVM" parentid="MIBWEBLOGIC">
        <Metrics>
            <Metric id="JVMName" style="InformationMetric" name="队列名称" description="队列名称" unit="">
                <IsDisplay displayOrder="2047">false</IsDisplay>
                <IsMonitor>false</IsMonitor>
                <IsEdit>false</IsEdit>
                <DefaultMonitorFreq>day1</DefaultMonitorFreq>
                <SupportMonitorFreq>hour1,day1</SupportMonitorFreq>
                <IsAlert>false</IsAlert>
                <DefaultFlapping>1</DefaultFlapping>
            </Metric>
            <Metric id="JVMSerReqTotCnt" style="InformationMetric" name="运行的请求数" description="运行的请求数" unit="">
                <IsDisplay displayOrder="2048">true</IsDisplay>
                <IsMonitor>true</IsMonitor>
                <IsEdit>false</IsEdit>
                <DefaultMonitorFreq>day1</DefaultMonitorFreq>
                <SupportMonitorFreq>hour1,day1</SupportMonitorFreq>
                <IsAlert>false</IsAlert>
                <DefaultFlapping>1</DefaultFlapping>
            </Metric>
            <Metric id="JVMExeThCurIdleCnt" style="InformationMetric" name="空闲线程数" description="空闲线程数" unit="">
                <IsDisplay displayOrder="2049">true</IsDisplay>
                <IsMonitor>true</IsMonitor>
                <IsEdit>false</IsEdit>
                <DefaultMonitorFreq>day1</DefaultMonitorFreq>
                <SupportMonitorFreq>hour1,day1</SupportMonitorFreq>
                <IsAlert>false</IsAlert>
                <DefaultFlapping>1</DefaultFlapping>
            </Metric>
            <Metric id="JVMPdReqCurCnt" style="InformationMetric" name="等待的请求数" description="等待的请求数" unit="">
                <IsDisplay displayOrder="2050">true</IsDisplay>
                <IsMonitor>true</IsMonitor>
                <IsEdit>false</IsEdit>
                <DefaultMonitorFreq>day1</DefaultMonitorFreq>
                <SupportMonitorFreq>hour1,day1</SupportMonitorFreq>
                <IsAlert>false</IsAlert>
                <DefaultFlapping>1</DefaultFlapping>
            </Metric>
            <Metric id="JVMExeThTolCnt" style="InformationMetric" name="总线程数" description="总线程数" unit="">
                <IsDisplay displayOrder="2051">true</IsDisplay>
                <IsMonitor>true</IsMonitor>
                <IsEdit>false</IsEdit>
                <DefaultMonitorFreq>day1</DefaultMonitorFreq>
                <SupportMonitorFreq>hour1,day1</SupportMonitorFreq>
                <IsAlert>false</IsAlert>
                <DefaultFlapping>1</DefaultFlapping>
            </Metric>
        </Metrics>
        <Properties>
            <Property id="JVMName" name="JVMName" metricid="JVMName"/>
        </Properties>
        <Instantiation InstanceId="JVMName" InstanceName="JVMName"/>
    </Resource>
    <Resource id="MIBWEBLOGICWeblogicServlet" type="Servlet" icon="" name="Servlets" description="Servlets" parentid="MIBWEBLOGIC">
        <Metrics>
            <Metric id="WAServletKpiid" style="InformationMetric" name="servlet指标Id" description="servlet指标Id" unit="">
                <IsDisplay displayOrder="2052">false</IsDisplay>
                <IsMonitor>false</IsMonitor>
                <IsEdit>false</IsEdit>
                <DefaultMonitorFreq>day1</DefaultMonitorFreq>
                <SupportMonitorFreq>hour1,day1</SupportMonitorFreq>
                <IsAlert>false</IsAlert>
                <DefaultFlapping>1</DefaultFlapping>
            </Metric>
            <Metric id="WAServletName" style="InformationMetric" name="servlet名称" description="servlet名称" unit="">
                <IsDisplay displayOrder="2053">false</IsDisplay>
                <IsMonitor>true</IsMonitor>
                <IsEdit>false</IsEdit>
                <DefaultMonitorFreq>day1</DefaultMonitorFreq>
                <SupportMonitorFreq>hour1,day1</SupportMonitorFreq>
                <IsAlert>false</IsAlert>
                <DefaultFlapping>1</DefaultFlapping>
            </Metric>
            <Metric id="WAContextPath" style="InformationMetric" name="Servlet的上下文" description="Servlet的上下文" unit="">
                <IsDisplay displayOrder="2054">true</IsDisplay>
                <IsMonitor>true</IsMonitor>
                <IsEdit>false</IsEdit>
                <DefaultMonitorFreq>day1</DefaultMonitorFreq>
                <SupportMonitorFreq>hour1,day1</SupportMonitorFreq>
                <IsAlert>false</IsAlert>
                <DefaultFlapping>1</DefaultFlapping>
            </Metric>
            <Metric id="WAServletPath" style="InformationMetric" name="Servlet路径" description="Servlet路径" unit="">
                <IsDisplay displayOrder="2055">true</IsDisplay>
                <IsMonitor>true</IsMonitor>
                <IsEdit>false</IsEdit>
                <DefaultMonitorFreq>day1</DefaultMonitorFreq>
                <SupportMonitorFreq>hour1,day1</SupportMonitorFreq>
                <IsAlert>false</IsAlert>
                <DefaultFlapping>1</DefaultFlapping>
            </Metric>
        </Metrics>
        <Properties>
            <Property id="WAServletKpiid" name="WAServletKpiid" metricid="WAServletKpiid"/>
            <Property id="WAServletName" name="WAServletName" metricid="WAServletName"/>
        </Properties>
        <Instantiation InstanceId="WAServletKpiid" InstanceName="WAServletName"/>
    </Resource>
    <Resource id="MIBWEBLOGICWeblogicWA" type="WebApp" icon="" name="Web应用" description="Web应用" parentid="MIBWEBLOGIC">
        <Metrics>
            <Metric id="WAContextRoot" style="InformationMetric" name="上下文根" description="上下文根" unit="">
                <IsDisplay displayOrder="2056">true</IsDisplay>
                <IsMonitor>true</IsMonitor>
                <IsEdit>false</IsEdit>
                <DefaultMonitorFreq>day1</DefaultMonitorFreq>
                <SupportMonitorFreq>hour1,day1</SupportMonitorFreq>
                <IsAlert>false</IsAlert>
                <DefaultFlapping>1</DefaultFlapping>
            </Metric>
            <Metric id="WAWebAppStatus" style="InformationMetric" name="Web应用状态" description="Web应用状态" unit="">
                <IsDisplay displayOrder="2057">true</IsDisplay>
                <IsMonitor>true</IsMonitor>
                <IsEdit>false</IsEdit>
                <DefaultMonitorFreq>day1</DefaultMonitorFreq>
                <SupportMonitorFreq>hour1,day1</SupportMonitorFreq>
                <IsAlert>false</IsAlert>
                <DefaultFlapping>1</DefaultFlapping>
            </Metric>
            <Metric id="WAMaxSessionCount" style="InformationMetric" name="当前打开的Session数" description="当前打开的Session数" unit="">
                <IsDisplay displayOrder="2058">true</IsDisplay>
                <IsMonitor>true</IsMonitor>
                <IsEdit>false</IsEdit>
                <DefaultMonitorFreq>day1</DefaultMonitorFreq>
                <SupportMonitorFreq>hour1,day1</SupportMonitorFreq>
                <IsAlert>false</IsAlert>
                <DefaultFlapping>1</DefaultFlapping>
            </Metric>
            <Metric id="WAServletCount" style="InformationMetric" name="Servlet个数" description="Servlet个数" unit="个">
                <IsDisplay displayOrder="2059">true</IsDisplay>
                <IsMonitor>true</IsMonitor>
                <IsEdit>false</IsEdit>
                <DefaultMonitorFreq>day1</DefaultMonitorFreq>
                <SupportMonitorFreq>hour1,day1</SupportMonitorFreq>
                <IsAlert>false</IsAlert>
                <DefaultFlapping>1</DefaultFlapping>
            </Metric>
            <Metric id="WASessionCookieMax" style="InformationMetric" name="会话超时时间" description="会话超时时间" unit="秒">
                <IsDisplay displayOrder="2060">true</IsDisplay>
                <IsMonitor>true</IsMonitor>
                <IsEdit>false</IsEdit>
                <DefaultMonitorFreq>day1</DefaultMonitorFreq>
                <SupportMonitorFreq>hour1,day1</SupportMonitorFreq>
                <IsAlert>false</IsAlert>
                <DefaultFlapping>1</DefaultFlapping>
            </Metric>
            <Metric id="WACurActiveSession" style="InformationMetric" name="当前活动的Session数" description="当前活动的Session数" unit="">
                <IsDisplay displayOrder="2061">true</IsDisplay>
                <IsMonitor>true</IsMonitor>
                <IsEdit>false</IsEdit>
                <DefaultMonitorFreq>day1</DefaultMonitorFreq>
                <SupportMonitorFreq>hour1,day1</SupportMonitorFreq>
                <IsAlert>false</IsAlert>
                <DefaultFlapping>1</DefaultFlapping>
            </Metric>
            <Metric id="WAWebAppId" style="InformationMetric" name="应用ID" description="应用ID" unit="">
                <IsDisplay displayOrder="2063">true</IsDisplay>
                <IsMonitor>true</IsMonitor>
                <IsEdit>false</IsEdit>
                <DefaultMonitorFreq>day1</DefaultMonitorFreq>
                <SupportMonitorFreq>hour1,day1</SupportMonitorFreq>
                <IsAlert>false</IsAlert>
                <DefaultFlapping>1</DefaultFlapping>
            </Metric>
            <Metric id="WAWebAppKpiid" style="InformationMetric" name="指标ID" description="指标ID" unit="">
                <IsDisplay displayOrder="2064">false</IsDisplay>
                <IsMonitor>false</IsMonitor>
                <IsEdit>false</IsEdit>
                <DefaultMonitorFreq>day1</DefaultMonitorFreq>
                <SupportMonitorFreq>hour1,day1</SupportMonitorFreq>
                <IsAlert>false</IsAlert>
                <DefaultFlapping>1</DefaultFlapping>
            </Metric>
            <Metric id="WAWebAppName" style="InformationMetric" name="应用名称" description="应用名称" unit="">
                <IsDisplay displayOrder="2065">false</IsDisplay>
                <IsMonitor>true</IsMonitor>
                <IsEdit>false</IsEdit>
                <DefaultMonitorFreq>day1</DefaultMonitorFreq>
                <SupportMonitorFreq>hour1,day1</SupportMonitorFreq>
                <IsAlert>false</IsAlert>
                <DefaultFlapping>1</DefaultFlapping>
            </Metric>
            <Metric id="WATotalSessionCoun" style="InformationMetric" name="当前总会话数" description="当前总会话数" unit="">
                <IsDisplay displayOrder="2066">true</IsDisplay>
                <IsMonitor>true</IsMonitor>
                <IsEdit>false</IsEdit>
                <DefaultMonitorFreq>day1</DefaultMonitorFreq>
                <SupportMonitorFreq>hour1,day1</SupportMonitorFreq>
                <IsAlert>false</IsAlert>
                <DefaultFlapping>1</DefaultFlapping>
            </Metric>
            <Metric id="WASessionCookiePat" style="InformationMetric" name="Cookie路径" description="Cookie路径" unit="">
                <IsDisplay displayOrder="2067">true</IsDisplay>
                <IsMonitor>true</IsMonitor>
                <IsEdit>false</IsEdit>
                <DefaultMonitorFreq>day1</DefaultMonitorFreq>
                <SupportMonitorFreq>hour1,day1</SupportMonitorFreq>
                <IsAlert>false</IsAlert>
                <DefaultFlapping>1</DefaultFlapping>
            </Metric>
            <Metric id="WAHighestSessionCo" style="InformationMetric" name="会话数最高值" description="会话数最高值" unit="">
                <IsDisplay displayOrder="2068">true</IsDisplay>
                <IsMonitor>true</IsMonitor>
                <IsEdit>false</IsEdit>
                <DefaultMonitorFreq>day1</DefaultMonitorFreq>
                <SupportMonitorFreq>hour1,day1</SupportMonitorFreq>
                <IsAlert>false</IsAlert>
                <DefaultFlapping>1</DefaultFlapping>
            </Metric>
            <Metric id="WASessionCookieNam" style="InformationMetric" name="Cookie名称" description="Cookie名称" unit="">
                <IsDisplay displayOrder="2069">true</IsDisplay>
                <IsMonitor>true</IsMonitor>
                <IsEdit>false</IsEdit>
                <DefaultMonitorFreq>day1</DefaultMonitorFreq>
                <SupportMonitorFreq>hour1,day1</SupportMonitorFreq>
                <IsAlert>false</IsAlert>
                <DefaultFlapping>1</DefaultFlapping>
            </Metric>
        </Metrics>
        <Properties>
            <Property id="WAWebAppKpiid" name="WAWebAppKpiid" metricid="WAWebAppKpiid"/>
            <Property id="WAWebAppName" name="WAWebAppName" metricid="WAWebAppName"/>
        </Properties>
        <Instantiation InstanceId="WAWebAppKpiid" InstanceName="WAWebAppName"/>
    </Resource>
</Capacity>
