<?xml version="1.0" encoding="UTF-8"?>
<Capacity xmlns:xsi="http://www.w3.org/2001/XMLSchema-instance" version="1.0" xsi:noNamespaceSchemaLocation="../../../schema/Resource.xsd">  
  <SupportInfo> 
    <SupportName>Hardware</SupportName>  
    <PreSupportVersion>Sugon 1420</PreSupportVersion>  
    <ActualSupportVersion>Sugon 1420</ActualSupportVersion> 
  </SupportInfo>  
  <GlobalMetricSetting isEncrypt="FALSE" version="4.1.0"> 
    <GlobalIsEdit>false</GlobalIsEdit>  
    <GlobalIsMonitor>true</GlobalIsMonitor>  
    <GlobalDefaultMonitorFreq>day1</GlobalDefaultMonitorFreq>  
    <GlobalsupportMonitorFreq>min1,min5,min10,hour1,day1</GlobalsupportMonitorFreq>  
    <GlobalIsAlert>true</GlobalIsAlert>  
    <GlobalDefaultFlapping>1</GlobalDefaultFlapping> 
  </GlobalMetricSetting>
  <Resource id="Sugon1420" category="SugonServer" icon="SugonServer.png" name="Sugon1420" description="Sugon1420服务器">
   <Metrics>
       <Metric id="ip" style="InformationMetric" name="ping" description="ping" unit="">
	   <IsDisplay displayOrder="1310">false</IsDisplay>
	   <IsMonitor>true</IsMonitor>
	   <IsEdit>false</IsEdit>
	   <DefaultMonitorFreq>day1</DefaultMonitorFreq>  
        <SupportMonitorFreq>hour1,day1</SupportMonitorFreq>  
	   <IsAlert>false</IsAlert>
	   <DefaultFlapping>2</DefaultFlapping>
	</Metric>
   <Metric id="PowerSystem" style="AvailabilityMetric" name="系统电源状态" description="系统电源状态" unit=""> 
        <IsDisplay displayOrder="1000">true</IsDisplay>  
        <IsMonitor>true</IsMonitor>  
        <IsEdit>false</IsEdit>  
        <DefaultMonitorFreq>min5</DefaultMonitorFreq>  
        <SupportMonitorFreq>sec30,min1,min5,min10,min30,hour1</SupportMonitorFreq>  
        <IsAlert>true</IsAlert>  
        <DefaultFlapping>2</DefaultFlapping> 
      </Metric>
   <Metric id="BoardMfgDate" style="InformationMetric" name="主板生产日期" description="主板生产日期" unit=""> 
        <IsDisplay displayOrder="1010">true</IsDisplay>  
        <IsMonitor>true</IsMonitor>  
        <IsEdit>false</IsEdit>  
        <DefaultMonitorFreq>day1</DefaultMonitorFreq>  
        <SupportMonitorFreq>hour1,day1</SupportMonitorFreq>  
        <IsAlert>false</IsAlert>  
        <DefaultFlapping>1</DefaultFlapping> 
      </Metric>
   <Metric id="BoardMfg" style="InformationMetric" name="主板制造商" description="主板制造商" unit=""> 
        <IsDisplay displayOrder="1020">true</IsDisplay>  
        <IsMonitor>true</IsMonitor>  
        <IsEdit>false</IsEdit>  
        <DefaultMonitorFreq>day1</DefaultMonitorFreq>  
        <SupportMonitorFreq>hour1,day1</SupportMonitorFreq>  
        <IsAlert>false</IsAlert>  
        <DefaultFlapping>1</DefaultFlapping> 
      </Metric>
   <Metric id="ChassisPower" style="InformationMetric" name="底层电源信息" description="底层电源信息" unit=""> 
        <IsDisplay displayOrder="1100">true</IsDisplay>  
        <IsMonitor>true</IsMonitor>  
        <IsEdit>false</IsEdit>  
        <DefaultMonitorFreq>day1</DefaultMonitorFreq>  
        <SupportMonitorFreq>hour1,day1</SupportMonitorFreq>  
        <IsAlert>false</IsAlert>  
        <DefaultFlapping>1</DefaultFlapping> 
      </Metric>
   <Metric id="PowerOverload" style="InformationMetric" name="电源过载" description="电源过载" unit=""> 
        <IsDisplay displayOrder="1120">true</IsDisplay>  
        <IsMonitor>true</IsMonitor>  
        <IsEdit>false</IsEdit>  
        <DefaultMonitorFreq>day1</DefaultMonitorFreq>  
        <SupportMonitorFreq>hour1,day1</SupportMonitorFreq>  
        <IsAlert>false</IsAlert>  
        <DefaultFlapping>1</DefaultFlapping> 
      </Metric>
   <Metric id="PowerInterlock" style="InformationMetric" name="电源锁启用状态" description="电源锁启用状态" unit=""> 
        <IsDisplay displayOrder="1130">true</IsDisplay>  
        <IsMonitor>true</IsMonitor>  
        <IsEdit>false</IsEdit>  
        <DefaultMonitorFreq>day1</DefaultMonitorFreq>  
        <SupportMonitorFreq>hour1,day1</SupportMonitorFreq>  
        <IsAlert>false</IsAlert>  
        <DefaultFlapping>1</DefaultFlapping> 
      </Metric>
   <Metric id="MainPowerFault" style="InformationMetric" name="主电源故障 " description="主电源故障 " unit=""> 
        <IsDisplay displayOrder="1140">true</IsDisplay>  
        <IsMonitor>true</IsMonitor>  
        <IsEdit>false</IsEdit>  
        <DefaultMonitorFreq>day1</DefaultMonitorFreq>  
        <SupportMonitorFreq>hour1,day1</SupportMonitorFreq>  
        <IsAlert>false</IsAlert>  
        <DefaultFlapping>1</DefaultFlapping> 
      </Metric>
   <Metric id="PowerControl" style="InformationMetric" name="控制电源错误 " description="控制电源错误 " unit=""> 
        <IsDisplay displayOrder="1150">true</IsDisplay>  
        <IsMonitor>true</IsMonitor>  
        <IsEdit>false</IsEdit>  
        <DefaultMonitorFreq>day1</DefaultMonitorFreq>  
        <SupportMonitorFreq>hour1,day1</SupportMonitorFreq>  
        <IsAlert>false</IsAlert>  
        <DefaultFlapping>1</DefaultFlapping> 
      </Metric>
   <Metric id="PowerRestore" style="InformationMetric" name="电源恢复策略 " description="电源恢复策略 " unit=""> 
        <IsDisplay displayOrder="1160">true</IsDisplay>  
        <IsMonitor>true</IsMonitor>  
        <IsEdit>false</IsEdit>  
        <DefaultMonitorFreq>day1</DefaultMonitorFreq>  
        <SupportMonitorFreq>hour1,day1</SupportMonitorFreq>  
        <IsAlert>false</IsAlert>  
        <DefaultFlapping>1</DefaultFlapping> 
      </Metric>
   <Metric id="ChassisIntrusion" style="InformationMetric" name="机箱入侵检测 " description="机箱入侵检测 " unit=""> 
        <IsDisplay displayOrder="1170">true</IsDisplay>  
        <IsMonitor>true</IsMonitor>  
        <IsEdit>false</IsEdit>  
        <DefaultMonitorFreq>day1</DefaultMonitorFreq>  
        <SupportMonitorFreq>hour1,day1</SupportMonitorFreq>  
        <IsAlert>false</IsAlert>  
        <DefaultFlapping>1</DefaultFlapping> 
      </Metric>
   <Metric id="FrontPanel" style="InformationMetric" name="前面板锁定 " description="前面板锁定 " unit=""> 
        <IsDisplay displayOrder="1180">true</IsDisplay>  
        <IsMonitor>true</IsMonitor>  
        <IsEdit>false</IsEdit>  
        <DefaultMonitorFreq>day1</DefaultMonitorFreq>  
        <SupportMonitorFreq>hour1,day1</SupportMonitorFreq>  
        <IsAlert>false</IsAlert>  
        <DefaultFlapping>1</DefaultFlapping> 
      </Metric>
   <Metric id="DriveFault" style="InformationMetric" name="驱动错误 " description="驱动错误 " unit=""> 
        <IsDisplay displayOrder="1190">true</IsDisplay>  
        <IsMonitor>true</IsMonitor>  
        <IsEdit>false</IsEdit>  
        <DefaultMonitorFreq>day1</DefaultMonitorFreq>  
        <SupportMonitorFreq>hour1,day1</SupportMonitorFreq>  
        <IsAlert>false</IsAlert>  
        <DefaultFlapping>1</DefaultFlapping> 
      </Metric>
   <Metric id="FanFault" style="InformationMetric" name="风扇错误 " description="风扇错误 " unit=""> 
        <IsDisplay displayOrder="1200">true</IsDisplay>  
        <IsMonitor>true</IsMonitor>  
        <IsEdit>false</IsEdit>  
        <DefaultMonitorFreq>day1</DefaultMonitorFreq>  
        <SupportMonitorFreq>hour1,day1</SupportMonitorFreq>  
        <IsAlert>false</IsAlert>  
        <DefaultFlapping>1</DefaultFlapping> 
      </Metric> 
      <Metric id="AmbientTemp" style="PerformanceMetric" name="系统温度" description="系统温度" unit="degree C"> 
        <IsDisplay displayOrder="1300">true</IsDisplay>  
        <IsMonitor>true</IsMonitor>
        <IsEdit>false</IsEdit>
        <DefaultMonitorFreq>min5</DefaultMonitorFreq>
        <SupportMonitorFreq>min1,min5,min10,min30,hour1,hour4,hour8</SupportMonitorFreq>
        <IsAlert>true</IsAlert>
        <DefaultFlapping>1</DefaultFlapping> 
        <Thresholds>
          <Threshold operator="&gt;" defaultvalue="5" stateid="Normal"/>  
          <Threshold operator="&gt;" defaultvalue="40" stateid="Minor"/>  
          <Threshold operator="&gt;" defaultvalue="50" stateid="Major"/> 
        </Thresholds> 
      </Metric>   
 </Metrics>
    <Properties> 
      <Property id="ip" name="ip" metricid="ip"/>    
    </Properties>
 	<Instantiation InstanceId="ip" InstanceName="ip"/>
  </Resource>
  <Resource id="Sugon1420Fan" type="Fan" icon="" name="风扇" description="风扇" parentid="Sugon1420">
     <Metrics> 
      <Metric id="fanIndex" style="InformationMetric" name="风扇索引" description="风扇索引" unit=""> 
        <IsDisplay displayOrder="3000">false</IsDisplay>  
        <IsMonitor>false</IsMonitor>  
        <IsEdit>false</IsEdit>  
        <DefaultMonitorFreq>day1</DefaultMonitorFreq>  
        <SupportMonitorFreq>hour1,day1</SupportMonitorFreq>  
        <IsAlert>false</IsAlert>  
        <DefaultFlapping>1</DefaultFlapping> 
      </Metric> 
      <Metric id="fanStatus" style="AvailabilityMetric" name="状态" description="状态" unit=""> 
        <IsDisplay displayOrder="3010">true</IsDisplay>  
        <IsMonitor>true</IsMonitor>  
        <IsEdit>false</IsEdit>  
        <DefaultMonitorFreq>min5</DefaultMonitorFreq>  
        <SupportMonitorFreq>sec30,min1,min5,min10,min30,hour1</SupportMonitorFreq>  
        <IsAlert>true</IsAlert>  
        <DefaultFlapping>2</DefaultFlapping> 
      </Metric>
      <Metric id="fanTempe" style="PerformanceMetric" name="温度" description="温度" unit="degree C"> 
        <IsDisplay displayOrder="3020">true</IsDisplay>  
        <IsMonitor>true</IsMonitor>
        <IsEdit>false</IsEdit>
        <DefaultMonitorFreq>min5</DefaultMonitorFreq>
        <SupportMonitorFreq>min1,min5,min10,min30,hour1,hour4,hour8</SupportMonitorFreq>
        <IsAlert>true</IsAlert>
        <DefaultFlapping>1</DefaultFlapping> 
        <Thresholds>
          <Threshold operator="&gt;" defaultvalue="5" stateid="Normal"/>  
          <Threshold operator="&gt;" defaultvalue="40" stateid="Minor"/>  
          <Threshold operator="&gt;" defaultvalue="50" stateid="Major"/> 
        </Thresholds>
      </Metric>
      <Metric id="fanSpeed" style="InformationMetric" name="风扇转速" description="风扇转速" unit="rpm"> 
        <IsDisplay displayOrder="3030">true</IsDisplay>  
        <IsMonitor>true</IsMonitor>  
        <IsEdit>false</IsEdit>  
        <DefaultMonitorFreq>day1</DefaultMonitorFreq>  
        <SupportMonitorFreq>hour1,day1</SupportMonitorFreq>  
        <IsAlert>false</IsAlert>  
        <DefaultFlapping>2</DefaultFlapping> 
      </Metric>
    </Metrics>  
    <Properties> 
      <Property id="fanIndex" name="fanIndex" metricid="fanIndex"/> 
    </Properties>  
    <Instantiation InstanceId="fanIndex" InstanceName="fanIndex"/>
   </Resource>
  <Resource id="Sugon1420Power" type="Power" icon="" name="电源" description="电源" parentid="Sugon1420">
     <Metrics> 
      <Metric id="powerIndex" style="InformationMetric" name="电源索引" description="电源索引" unit=""> 
        <IsDisplay displayOrder="2000">false</IsDisplay>  
        <IsMonitor>false</IsMonitor>  
        <IsEdit>false</IsEdit>  
        <DefaultMonitorFreq>day1</DefaultMonitorFreq>  
        <SupportMonitorFreq>hour1,day1</SupportMonitorFreq>  
        <IsAlert>false</IsAlert>  
        <DefaultFlapping>1</DefaultFlapping> 
      </Metric>
      <Metric id="powerStatus" style="AvailabilityMetric" name="电源状态" description="电源状态" unit=""> 
        <IsDisplay displayOrder="2010">true</IsDisplay>  
        <IsMonitor>true</IsMonitor>  
        <IsEdit>false</IsEdit>  
        <DefaultMonitorFreq>min5</DefaultMonitorFreq>  
        <SupportMonitorFreq>sec30,min1,min5,min10,min30,hour1</SupportMonitorFreq>  
        <IsAlert>true</IsAlert>  
        <DefaultFlapping>2</DefaultFlapping> 
      </Metric>
    </Metrics>
   <Properties> 
      <Property id="powerIndex" name="powerIndex" metricid="powerIndex"/>  
    </Properties>  
    <Instantiation InstanceId="powerIndex" InstanceName="powerIndex"/> 
</Resource>
  <Resource id="Sugon1420Voltage" type="Voltage" icon="" name="电压" description="电压" parentid="Sugon1420">
     <Metrics> 
      <Metric id="VoltageIn" style="InformationMetric" name="电压索引" description="电压索引" unit=""> 
        <IsDisplay displayOrder="5000">false</IsDisplay>  
        <IsMonitor>false</IsMonitor>  
        <IsEdit>false</IsEdit>  
        <DefaultMonitorFreq>day1</DefaultMonitorFreq>  
        <SupportMonitorFreq>hour1,day1</SupportMonitorFreq>  
        <IsAlert>false</IsAlert>  
        <DefaultFlapping>1</DefaultFlapping> 
      </Metric>
      <Metric id="VoltageSta" style="AvailabilityMetric" name="状态" description="状态" unit=""> 
        <IsDisplay displayOrder="5010">true</IsDisplay>  
        <IsMonitor>true</IsMonitor>  
        <IsEdit>false</IsEdit>  
        <DefaultMonitorFreq>min5</DefaultMonitorFreq>  
        <SupportMonitorFreq>sec30,min1,min5,min10,min30,hour1</SupportMonitorFreq>  
        <IsAlert>true</IsAlert>  
        <DefaultFlapping>2</DefaultFlapping> 
      </Metric> 
     <Metric id="VoltageWat" style="InformationMetric" name="电压值" description="电压值" unit="Volts"> 
        <IsDisplay displayOrder="5020">true</IsDisplay>  
        <IsMonitor>true</IsMonitor>  
        <IsEdit>false</IsEdit>  
        <DefaultMonitorFreq>day1</DefaultMonitorFreq>  
        <SupportMonitorFreq>hour1,day1</SupportMonitorFreq>  
        <IsAlert>false</IsAlert>  
        <DefaultFlapping>2</DefaultFlapping> 
      </Metric>
    </Metrics>  
    <Properties> 
      <Property id="VoltageIn" name="VoltageIn" metricid="VoltageIn"/> 
    </Properties>  
    <Instantiation InstanceId="VoltageIn" InstanceName="VoltageIn"/>
    </Resource>
  <Resource id="Sugon1420DIMM" type="DIMM" icon="" name="内存" description="内存" parentid="Sugon1420">
	 <Metrics>
	   <Metric id="DIMMIndex" style="InformationMetric" name="插槽索引" description="插槽索引" unit="">
		<IsDisplay displayOrder="6000">false</IsDisplay>
		<IsMonitor>false</IsMonitor>
		<IsEdit>false</IsEdit>
		<DefaultMonitorFreq>day1</DefaultMonitorFreq>
		<SupportMonitorFreq>hour1,day1</SupportMonitorFreq>
		<IsAlert>false</IsAlert>
		<DefaultFlapping>1</DefaultFlapping>
	  </Metric>
	<Metric id="DIMMStatus" style="AvailabilityMetric" name="状态" description="状态" unit="">
	  <IsDisplay displayOrder="6010">true</IsDisplay>
	  <IsMonitor>true</IsMonitor>
      <IsEdit>false</IsEdit>
	  <DefaultMonitorFreq>min5</DefaultMonitorFreq>
	  <SupportMonitorFreq>sec30,min1,min5,min10,min30,hour1</SupportMonitorFreq>
	  <IsAlert>true</IsAlert>
	  <DefaultFlapping>2</DefaultFlapping>
	</Metric>
	<Metric id="DIMMTemper" style="PerformanceMetric" name="温度" description="温度" unit="degree C">
	 <IsDisplay displayOrder="6020">true</IsDisplay>
	 <IsMonitor>true</IsMonitor>
     <IsEdit>false</IsEdit>
     <DefaultMonitorFreq>min5</DefaultMonitorFreq>
     <SupportMonitorFreq>min1,min5,min10,min30,hour1,hour4,hour8</SupportMonitorFreq>
     <IsAlert>true</IsAlert>
     <DefaultFlapping>1</DefaultFlapping> 
     <Thresholds>
          <Threshold operator="&gt;" defaultvalue="5" stateid="Normal"/>  
          <Threshold operator="&gt;" defaultvalue="40" stateid="Minor"/>  
          <Threshold operator="&gt;" defaultvalue="50" stateid="Major"/> 
      </Thresholds>
   </Metric>
  </Metrics>
	<Properties>
		<Property id="DIMMIndex" name="DIMMIndex" metricid="DIMMIndex" />
	</Properties>
	<Instantiation InstanceId="DIMMIndex" InstanceName="DIMMIndex" />
	</Resource>
</Capacity>