<?xml version="1.0" encoding="UTF-8"?>
<Capacity xmlns:xsi="http://www.w3.org/2001/XMLSchema-instance" version="1.0" xsi:noNamespaceSchemaLocation="../../../schema/Resource.xsd">
    <SupportInfo>
        <SupportName>Freebsd</SupportName>
        <PreSupportVersion>Freebsd 8</PreSupportVersion>
        <ActualSupportVersion>Freebsd 8</ActualSupportVersion>
    </SupportInfo>
    <GlobalMetricSetting isEncrypt="FALSE" version="4.1.0">
        <GlobalIsEdit>false</GlobalIsEdit>
        <GlobalIsMonitor>true</GlobalIsMonitor>
        <GlobalDefaultMonitorFreq>day1</GlobalDefaultMonitorFreq>
        <GlobalsupportMonitorFreq>min1,min5,min10,hour1,day1</GlobalsupportMonitorFreq>
        <GlobalIsAlert>true</GlobalIsAlert>
        <GlobalDefaultFlapping>1</GlobalDefaultFlapping>
    </GlobalMetricSetting>
    <Resource id="Freebsd" category="FreeBSD" icon="Freebsd.png" name="FreeBSD" description="FreeBSD">
        <Metrics>
            <Metric id="protocolAvailability" style="AvailabilityMetric" name="协议可用性" description="协议可用性" unit="">
                <IsDisplay displayOrder="1011">true</IsDisplay>
                <IsMonitor>true</IsMonitor>
                <IsEdit>false</IsEdit>
                <DefaultMonitorFreq>min1</DefaultMonitorFreq>
                <SupportMonitorFreq>sec30,min1,min5,min10,min30,hour1</SupportMonitorFreq>
                <IsAlert>true</IsAlert>
                <DefaultFlapping>2</DefaultFlapping>
            </Metric>
            <Metric id="availability" style="AvailabilityMetric" name="ICMP可用性" description="ICMP可用性" unit="">
                <IsDisplay displayOrder="1010">true</IsDisplay>
                <IsMonitor>true</IsMonitor>
                <IsEdit>false</IsEdit>
                <DefaultMonitorFreq>min1</DefaultMonitorFreq>
                <SupportMonitorFreq>sec30,min1,min5,min10,min30,hour1</SupportMonitorFreq>
                <IsAlert>true</IsAlert>
                <DefaultFlapping>2</DefaultFlapping>
            </Metric>
            <Metric id="icmpDelayTime" style="PerformanceMetric" name="响应时间" description="响应时间" unit="ms">
                <IsDisplay displayOrder="30">true</IsDisplay>
                <IsMonitor>true</IsMonitor>
                <IsEdit>false</IsEdit>
                <DefaultMonitorFreq>min5</DefaultMonitorFreq>
                <SupportMonitorFreq>min1,min5,min10,min30,hour1,hour4,hour8</SupportMonitorFreq>
                <IsAlert>false</IsAlert>
                <DefaultFlapping>1</DefaultFlapping>
                <Thresholds>
                    <Threshold operator="&lt;" defaultvalue="500" stateid="Normal"/>
                    <Threshold operator="&gt;" defaultvalue="1000" stateid="Minor"/>
                    <Threshold operator="&gt;" defaultvalue="3000" stateid="Major"/>
                </Thresholds>
            </Metric>
            <Metric id="sysUpTime" style="InformationMetric" name="连续运行时间" description="连续运行时间" unit="秒">
                <IsDisplay displayOrder="100">true</IsDisplay>
                <IsMonitor>true</IsMonitor>
                <IsEdit>false</IsEdit>
                <DefaultMonitorFreq>hour1</DefaultMonitorFreq>
                <SupportMonitorFreq>hour1,day1</SupportMonitorFreq>
                <IsAlert>false</IsAlert>
                <DefaultFlapping>1</DefaultFlapping>
            </Metric>
            <Metric id="systemInfo" style="InformationMetric" name="主机说明" description="主机说明" unit="">
                <IsDisplay displayOrder="1305">true</IsDisplay>
                <IsMonitor>true</IsMonitor>
                <IsEdit>false</IsEdit>
                <DefaultMonitorFreq>day1</DefaultMonitorFreq>
                <SupportMonitorFreq>hour1,day1</SupportMonitorFreq>
                <IsAlert>false</IsAlert>
                <DefaultFlapping>1</DefaultFlapping>
            </Metric>
            <Metric id="macAddress" style="InformationMetric" name="MAC地址" description="MAC地址" unit="">
                <IsDisplay displayOrder="1000">true</IsDisplay>
                <IsMonitor>true</IsMonitor>
                <IsEdit>false</IsEdit>
                <DefaultMonitorFreq>day1</DefaultMonitorFreq>
                <SupportMonitorFreq>hour1,day1</SupportMonitorFreq>
                <IsAlert>false</IsAlert>
                <DefaultFlapping>1</DefaultFlapping>
            </Metric>
            <Metric id="ip" style="InformationMetric" name="主机的所有IP地址" description="主机的所有IP地址" unit="">
                <IsDisplay displayOrder="9071">true</IsDisplay>
                <IsMonitor>true</IsMonitor>
                <IsEdit>false</IsEdit>
                <DefaultMonitorFreq>day1</DefaultMonitorFreq>
                <SupportMonitorFreq>hour1,day1</SupportMonitorFreq>
                <IsAlert>false</IsAlert>
                <DefaultFlapping>1</DefaultFlapping>
            </Metric>
            <Metric id="osVersion" style="InformationMetric" name="操作系统版本" description="操作系统版本" unit="">
                <IsDisplay displayOrder="400">true</IsDisplay>
                <IsMonitor>true</IsMonitor>
                <IsEdit>false</IsEdit>
                <DefaultMonitorFreq>day1</DefaultMonitorFreq>
                <SupportMonitorFreq>hour1,day1</SupportMonitorFreq>
                <IsAlert>false</IsAlert>
                <DefaultFlapping>1</DefaultFlapping>
            </Metric>
            <Metric id="numOfProcess" style="InformationMetric" name="进程数" description="进程数" unit="个">
                <IsDisplay displayOrder="500">true</IsDisplay>
                <IsMonitor>true</IsMonitor>
                <IsEdit>false</IsEdit>
                <DefaultMonitorFreq>day1</DefaultMonitorFreq>
                <SupportMonitorFreq>hour1,day1</SupportMonitorFreq>
                <IsAlert>false</IsAlert>
                <DefaultFlapping>1</DefaultFlapping>
            </Metric>
            <Metric id="numOfZombieProcess" style="InformationMetric" name="僵死进程数" description="僵死进程数" unit="个">
                <IsDisplay displayOrder="600">true</IsDisplay>
                <IsMonitor>true</IsMonitor>
                <IsEdit>false</IsEdit>
                <DefaultMonitorFreq>day1</DefaultMonitorFreq>
                <SupportMonitorFreq>hour1,day1</SupportMonitorFreq>
                <IsAlert>false</IsAlert>
                <DefaultFlapping>1</DefaultFlapping>
            </Metric>
            <Metric id="fulldiedProcess" name="僵死进程列表" style="InformationMetric" description="僵死进程列表" unit="" isTable="true">
                <IsDisplay displayOrder="6301">false</IsDisplay>
                <IsMonitor>false</IsMonitor>
                <IsEdit>false</IsEdit>
                <DefaultMonitorFreq>day1</DefaultMonitorFreq>
                <SupportMonitorFreq>hour1,day1</SupportMonitorFreq>
                <IsAlert>false</IsAlert>
                <DefaultFlapping>1</DefaultFlapping>
            </Metric>
            <Metric id="numOfCurrentUser" style="InformationMetric" name="当前在线用户数" description="当前在线用户数" unit="个">
                <IsDisplay displayOrder="700">true</IsDisplay>
                <IsMonitor>true</IsMonitor>
                <IsEdit>false</IsEdit>
                <DefaultMonitorFreq>day1</DefaultMonitorFreq>
                <SupportMonitorFreq>hour1,day1</SupportMonitorFreq>
                <IsAlert>false</IsAlert>
                <DefaultFlapping>1</DefaultFlapping>
            </Metric>
            <Metric id="totalFSSpace" style="InformationMetric" name="分区总容量" description="分区总容量" unit="GB">
                <IsDisplay displayOrder="3810">true</IsDisplay>
                <IsMonitor>true</IsMonitor>
                <IsEdit>false</IsEdit>
                <DefaultMonitorFreq>day1</DefaultMonitorFreq>
                <SupportMonitorFreq>hour1,day1</SupportMonitorFreq>
                <IsAlert>false</IsAlert>
                <DefaultFlapping>1</DefaultFlapping>
            </Metric>
            <Metric id="usedSwapSpace" style="InformationMetric" name="交换分区已用大小" description="交换分区已用大小" unit="MB">
                <IsDisplay displayOrder="800">true</IsDisplay>
                <IsMonitor>true</IsMonitor>
                <IsEdit>false</IsEdit>
                <DefaultMonitorFreq>day1</DefaultMonitorFreq>
                <SupportMonitorFreq>hour1,day1</SupportMonitorFreq>
                <IsAlert>false</IsAlert>
                <DefaultFlapping>1</DefaultFlapping>
            </Metric>
            <Metric id="fullFile" style="InformationMetric" name="文件列表" description="文件列表" unit="" isTable="true">
                <IsDisplay displayOrder="6400">false</IsDisplay>
                <IsMonitor>false</IsMonitor>
                <IsEdit>false</IsEdit>
                <DefaultMonitorFreq>day1</DefaultMonitorFreq>
                <SupportMonitorFreq>hour1,day1</SupportMonitorFreq>
                <IsAlert>false</IsAlert>
                <DefaultFlapping>1</DefaultFlapping>
            </Metric>
            <Metric id="cpuNum" style="InformationMetric" name="CPU个数" description="CPU个数" unit="个">
                <IsDisplay displayOrder="1300">true</IsDisplay>
                <IsMonitor>true</IsMonitor>
                <IsEdit>false</IsEdit>
                <DefaultMonitorFreq>day1</DefaultMonitorFreq>
                <SupportMonitorFreq>hour1,day1</SupportMonitorFreq>
                <IsAlert>false</IsAlert>
                <DefaultFlapping>1</DefaultFlapping>
            </Metric>
            <Metric id="totalMemSize" style="InformationMetric" name="内存总容量" description="内存总容量" unit="GB">
                <IsDisplay displayOrder="1030">true</IsDisplay>
                <IsMonitor>true</IsMonitor>
                <IsEdit>false</IsEdit>
                <DefaultMonitorFreq>day1</DefaultMonitorFreq>
                <SupportMonitorFreq>hour1,day1</SupportMonitorFreq>
                <IsAlert>false</IsAlert>
                <DefaultFlapping>1</DefaultFlapping>
            </Metric>
            <Metric id="numOfHardDisk" style="InformationMetric" name="硬盘个数" description="硬盘个数" unit="个">
                <IsDisplay displayOrder="3200">true</IsDisplay>
                <IsMonitor>true</IsMonitor>
                <IsEdit>false</IsEdit>
                <DefaultMonitorFreq>day1</DefaultMonitorFreq>
                <SupportMonitorFreq>hour1,day1</SupportMonitorFreq>
                <IsAlert>false</IsAlert>
                <DefaultFlapping>1</DefaultFlapping>
            </Metric>
            <Metric id="totalHardDiskSpace" style="InformationMetric" name="硬盘总容量" description="硬盘总容量" unit="GB">
                <IsDisplay displayOrder="3300">true</IsDisplay>
                <IsMonitor>true</IsMonitor>
                <IsEdit>false</IsEdit>
                <DefaultMonitorFreq>day1</DefaultMonitorFreq>
                <SupportMonitorFreq>hour1,day1</SupportMonitorFreq>
                <IsAlert>false</IsAlert>
                <DefaultFlapping>1</DefaultFlapping>
            </Metric>
            <Metric id="ifNum" style="InformationMetric" name="网络接口个数" description="网络接口个数" unit="个">
                <IsDisplay displayOrder="3100">true</IsDisplay>
                <IsMonitor>true</IsMonitor>
                <IsEdit>false</IsEdit>
                <DefaultMonitorFreq>day1</DefaultMonitorFreq>
                <SupportMonitorFreq>hour1,day1</SupportMonitorFreq>
                <IsAlert>false</IsAlert>
                <DefaultFlapping>1</DefaultFlapping>
            </Metric>
            <Metric id="Name" style="InformationMetric" name="主机名" description="主机名" unit="">
                <IsDisplay displayOrder="11200">true</IsDisplay>
                <IsMonitor>true</IsMonitor>
                <IsEdit>false</IsEdit>
                <DefaultMonitorFreq>day1</DefaultMonitorFreq>
                <SupportMonitorFreq>hour1,day1</SupportMonitorFreq>
                <IsAlert>false</IsAlert>
                <DefaultFlapping>1</DefaultFlapping>
            </Metric>
            <Metric id="numOfFileSystem" style="InformationMetric" name="分区个数" description="分区个数" unit="个">
                <IsDisplay displayOrder="3800">true</IsDisplay>
                <IsMonitor>true</IsMonitor>
                <IsEdit>false</IsEdit>
                <DefaultMonitorFreq>day1</DefaultMonitorFreq>
                <SupportMonitorFreq>hour1,day1</SupportMonitorFreq>
                <IsAlert>false</IsAlert>
                <DefaultFlapping>1</DefaultFlapping>
            </Metric>
            <Metric id="totalSwSpSize" style="InformationMetric" name="交换分区总大小" description="交换分区总大小" unit="GB">
                <IsDisplay displayOrder="801">true</IsDisplay>
                <IsMonitor>true</IsMonitor>
                <IsEdit>false</IsEdit>
                <DefaultMonitorFreq>day1</DefaultMonitorFreq>
                <SupportMonitorFreq>hour1,day1</SupportMonitorFreq>
                <IsAlert>false</IsAlert>
                <DefaultFlapping>1</DefaultFlapping>
            </Metric>
            <Metric id="cpuRate" style="PerformanceMetric" name="CPU平均利用率" description="CPU平均利用率" unit="%">
                <IsDisplay displayOrder="1400">true</IsDisplay>
                <IsMonitor>true</IsMonitor>
                <IsEdit>false</IsEdit>
                <DefaultMonitorFreq>min5</DefaultMonitorFreq>
                <SupportMonitorFreq>min1,min5,min10,min30,hour1,hour4,hour8</SupportMonitorFreq>
                <IsAlert>false</IsAlert>
                <DefaultFlapping>1</DefaultFlapping>
                <Thresholds>
                    <Threshold operator="&lt;" defaultvalue="90" stateid="Normal"/>
                    <Threshold operator="&gt;=" defaultvalue="90" stateid="Minor"/>
                    <Threshold operator="&gt;=" defaultvalue="95" stateid="Major"/>
                </Thresholds>
            </Metric>
            <Metric id="cpuLoad15m" style="PerformanceMetric" name="CPU平均负载(15分钟)" description="CPU平均负载(15分钟)" unit="个">
                <IsDisplay displayOrder="1500">true</IsDisplay>
                <IsMonitor>true</IsMonitor>
                <IsEdit>false</IsEdit>
                <DefaultMonitorFreq>min5</DefaultMonitorFreq>
                <SupportMonitorFreq>min1,min5,min10,min30,hour1,hour4,hour8</SupportMonitorFreq>
                <IsAlert>false</IsAlert>
                <DefaultFlapping>1</DefaultFlapping>
                <Thresholds>
                    <Threshold operator="&lt;" defaultvalue="24" stateid="Normal"/>
                    <Threshold operator="&gt;=" defaultvalue="24" stateid="Minor"/>
                    <Threshold operator="&gt;=" defaultvalue="32" stateid="Major"/>
                </Thresholds>
            </Metric>
            <Metric id="cpuLoad5m" style="PerformanceMetric" name="CPU平均负载(5分钟)" description="CPU平均负载(5分钟)" unit="个">
                <IsDisplay displayOrder="1600">true</IsDisplay>
                <IsMonitor>true</IsMonitor>
                <IsEdit>false</IsEdit>
                <DefaultMonitorFreq>min5</DefaultMonitorFreq>
                <SupportMonitorFreq>min1,min5,min10,min30,hour1,hour4,hour8</SupportMonitorFreq>
                <IsAlert>false</IsAlert>
                <DefaultFlapping>1</DefaultFlapping>
                <Thresholds>
                    <Threshold operator="&lt;" defaultvalue="24" stateid="Normal"/>
                    <Threshold operator="&gt;=" defaultvalue="24" stateid="Minor"/>
                    <Threshold operator="&gt;=" defaultvalue="32" stateid="Major"/>
                </Thresholds>
            </Metric>
            <Metric id="cpuLoad1m" style="PerformanceMetric" name="CPU平均负载(1分钟)" description="CPU平均负载(1分钟)" unit="个">
                <IsDisplay displayOrder="1700">true</IsDisplay>
                <IsMonitor>true</IsMonitor>
                <IsEdit>false</IsEdit>
                <DefaultMonitorFreq>min5</DefaultMonitorFreq>
                <SupportMonitorFreq>min1,min5,min10,min30,hour1,hour4,hour8</SupportMonitorFreq>
                <IsAlert>false</IsAlert>
                <DefaultFlapping>1</DefaultFlapping>
                <Thresholds>
                    <Threshold operator="&lt;" defaultvalue="24" stateid="Normal"/>
                    <Threshold operator="&gt;=" defaultvalue="24" stateid="Minor"/>
                    <Threshold operator="&gt;=" defaultvalue="32" stateid="Major"/>
                </Thresholds>
            </Metric>
            <Metric id="cpuUserModeTimePer" style="PerformanceMetric" name="CPU用户模式百分比" description="CPU用户模式百分比" unit="%">
                <IsDisplay displayOrder="1800">true</IsDisplay>
                <IsMonitor>true</IsMonitor>
                <IsEdit>false</IsEdit>
                <DefaultMonitorFreq>min5</DefaultMonitorFreq>
                <SupportMonitorFreq>min1,min5,min10,min30,hour1,hour4,hour8</SupportMonitorFreq>
                <IsAlert>false</IsAlert>
                <DefaultFlapping>1</DefaultFlapping>
                <Thresholds>
                    <Threshold operator="&lt;" defaultvalue="90" stateid="Normal"/>
                    <Threshold operator="&gt;=" defaultvalue="90" stateid="Minor"/>
                    <Threshold operator="&gt;=" defaultvalue="95" stateid="Major"/>
                </Thresholds>
            </Metric>
            <Metric id="cpuIdleTimePer" style="PerformanceMetric" name="CPU空闲时间百分比" description="CPU空闲时间百分比" unit="%">
                <IsDisplay displayOrder="1900">true</IsDisplay>
                <IsMonitor>true</IsMonitor>
                <IsEdit>false</IsEdit>
                <DefaultMonitorFreq>min5</DefaultMonitorFreq>
                <SupportMonitorFreq>min1,min5,min10,min30,hour1,hour4,hour8</SupportMonitorFreq>
                <IsAlert>false</IsAlert>
                <DefaultFlapping>1</DefaultFlapping>
                <Thresholds>
                    <Threshold operator="&lt;" defaultvalue="100" stateid="Normal"/>
                    <Threshold operator="&lt;" defaultvalue="10" stateid="Minor"/>
                    <Threshold operator="&lt;" defaultvalue="5" stateid="Major"/>
                </Thresholds>
            </Metric>
            <Metric id="cpuSysModeTimePer" style="PerformanceMetric" name="CPU系统模式百分比" description="CPU系统模式百分比" unit="%">
                <IsDisplay displayOrder="2000">true</IsDisplay>
                <IsMonitor>true</IsMonitor>
                <IsEdit>false</IsEdit>
                <DefaultMonitorFreq>min5</DefaultMonitorFreq>
                <SupportMonitorFreq>min1,min5,min10,min30,hour1,hour4,hour8</SupportMonitorFreq>
                <IsAlert>false</IsAlert>
                <DefaultFlapping>1</DefaultFlapping>
                <Thresholds>
                    <Threshold operator="&lt;" defaultvalue="90" stateid="Normal"/>
                    <Threshold operator="&gt;=" defaultvalue="90" stateid="Minor"/>
                    <Threshold operator="&gt;=" defaultvalue="95" stateid="Major"/>
                </Thresholds>
            </Metric>
            <Metric id="cpuWaitTimePer" style="PerformanceMetric" name="CPU等待时间百分比" description="CPU等待时间百分比" unit="%">
                <IsDisplay displayOrder="2100">true</IsDisplay>
                <IsMonitor>true</IsMonitor>
                <IsEdit>false</IsEdit>
                <DefaultMonitorFreq>min5</DefaultMonitorFreq>
                <SupportMonitorFreq>min1,min5,min10,min30,hour1,hour4,hour8</SupportMonitorFreq>
                <IsAlert>false</IsAlert>
                <DefaultFlapping>1</DefaultFlapping>
                <Thresholds>
                    <Threshold operator="&lt;" defaultvalue="90" stateid="Normal"/>
                    <Threshold operator="&gt;=" defaultvalue="90" stateid="Minor"/>
                    <Threshold operator="&gt;=" defaultvalue="95" stateid="Major"/>
                </Thresholds>
            </Metric>
            <Metric id="memPageInRate" style="PerformanceMetric" name="内存页面调进速率" description="内存页面调进速率" unit="页/秒">
                <IsDisplay displayOrder="2900">true</IsDisplay>
                <IsMonitor>true</IsMonitor>
                <IsEdit>false</IsEdit>
                <DefaultMonitorFreq>min5</DefaultMonitorFreq>
                <SupportMonitorFreq>min1,min5,min10,min30,hour1,hour4,hour8</SupportMonitorFreq>
                <IsAlert>false</IsAlert>
                <DefaultFlapping>1</DefaultFlapping>
                <Thresholds>
                    <Threshold operator="&lt;" defaultvalue="2000" stateid="Normal"/>
                    <Threshold operator="&gt;=" defaultvalue="2000" stateid="Minor"/>
                    <Threshold operator="&gt;=" defaultvalue="3000" stateid="Major"/>
                </Thresholds>
            </Metric>
            <Metric id="memPageOutRate" style="PerformanceMetric" name="内存页面调出速率" description="内存页面调出速率" unit="页/秒">
                <IsDisplay displayOrder="3000">true</IsDisplay>
                <IsMonitor>true</IsMonitor>
                <IsEdit>false</IsEdit>
                <DefaultMonitorFreq>min5</DefaultMonitorFreq>
                <SupportMonitorFreq>min1,min5,min10,min30,hour1,hour4,hour8</SupportMonitorFreq>
                <IsAlert>false</IsAlert>
                <DefaultFlapping>1</DefaultFlapping>
                <Thresholds>
                    <Threshold operator="&lt;" defaultvalue="2000" stateid="Normal"/>
                    <Threshold operator="&gt;=" defaultvalue="2000" stateid="Minor"/>
                    <Threshold operator="&gt;=" defaultvalue="3000" stateid="Major"/>
                </Thresholds>
            </Metric>
            <Metric id="memPoolUsed" style="InformationMetric" name="主机已用内存容量" description="主机已用内存容量" unit="GB">
                <IsDisplay displayOrder="2600">true</IsDisplay>
                <IsMonitor>true</IsMonitor>
                <IsEdit>false</IsEdit>
                <DefaultMonitorFreq>day1</DefaultMonitorFreq>
                <SupportMonitorFreq>hour1,day1</SupportMonitorFreq>
                <IsAlert>false</IsAlert>
                <DefaultFlapping>1</DefaultFlapping>
            </Metric>
            <Metric id="memRate" style="PerformanceMetric" name="主机内存利用率" description="主机内存利用率" unit="%">
                <IsDisplay displayOrder="2500">true</IsDisplay>
                <IsMonitor>true</IsMonitor>
                <IsEdit>false</IsEdit>
                <DefaultMonitorFreq>min5</DefaultMonitorFreq>
                <SupportMonitorFreq>min1,min5,min10,min30,hour1,hour4,hour8</SupportMonitorFreq>
                <IsAlert>false</IsAlert>
                <DefaultFlapping>1</DefaultFlapping>
                <Thresholds>
                    <Threshold operator="&lt;" defaultvalue="90" stateid="Normal"/>
                    <Threshold operator="&gt;=" defaultvalue="90" stateid="Minor"/>
                    <Threshold operator="&gt;=" defaultvalue="95" stateid="Major"/>
                </Thresholds>
            </Metric>
            <Metric id="memPoolFree" style="InformationMetric" name="主机可用内存容量" description="主机可用内存容量" unit="GB">
                <IsDisplay displayOrder="2700">true</IsDisplay>
                <IsMonitor>true</IsMonitor>
                <IsEdit>false</IsEdit>
                <DefaultMonitorFreq>day1</DefaultMonitorFreq>
                <SupportMonitorFreq>hour1,day1</SupportMonitorFreq>
                <IsAlert>false</IsAlert>
                <DefaultFlapping>1</DefaultFlapping>
            </Metric>
            <Metric id="freeFSSpace" style="InformationMetric" name="分区总可用容量" description="分区总可用容量" unit="GB">
                <IsDisplay displayOrder="3900">true</IsDisplay>
                <IsMonitor>true</IsMonitor>
                <IsEdit>false</IsEdit>
                <DefaultMonitorFreq>day1</DefaultMonitorFreq>
                <SupportMonitorFreq>hour1,day1</SupportMonitorFreq>
                <IsAlert>false</IsAlert>
                <DefaultFlapping>1</DefaultFlapping>
            </Metric>
            <Metric id="swapSpaceRate" style="InformationMetric" name="内存页交换速率" description="内存页交换速率" unit="页/秒">
                <IsDisplay displayOrder="2800">true</IsDisplay>
                <IsMonitor>true</IsMonitor>
                <IsEdit>false</IsEdit>
                <DefaultMonitorFreq>day1</DefaultMonitorFreq>
                <SupportMonitorFreq>hour1,day1</SupportMonitorFreq>
                <IsAlert>false</IsAlert>
                <DefaultFlapping>1</DefaultFlapping>
            </Metric>
            <Metric id="swapSpaceRatio" style="PerformanceMetric" name="交换分区利用率" description="交换分区利用率" unit="%">
                <IsDisplay displayOrder="4300">true</IsDisplay>
                <IsMonitor>true</IsMonitor>
                <IsEdit>false</IsEdit>
                <DefaultMonitorFreq>min5</DefaultMonitorFreq>
                <SupportMonitorFreq>min1,min5,min10,min30,hour1,hour4,hour8</SupportMonitorFreq>
                <IsAlert>false</IsAlert>
                <DefaultFlapping>1</DefaultFlapping>
                <Thresholds>
                    <Threshold operator="&lt;" defaultvalue="90" stateid="Normal"/>
                    <Threshold operator="&gt;=" defaultvalue="90" stateid="Minor"/>
                    <Threshold operator="&gt;=" defaultvalue="95" stateid="Major"/>
                </Thresholds>
            </Metric>
            <Metric id="fullProcess" style="InformationMetric" name="进程列表" description="进程列表" unit="" isTable="true">
                <IsDisplay displayOrder="6300">false</IsDisplay>
                <IsMonitor>false</IsMonitor>
                <IsEdit>false</IsEdit>
                <DefaultMonitorFreq>day1</DefaultMonitorFreq>
                <SupportMonitorFreq>hour1,day1</SupportMonitorFreq>
                <IsAlert>false</IsAlert>
                <DefaultFlapping>1</DefaultFlapping>
            </Metric>
            <Metric id="netstat" style="InformationMetric" name="netstat工具" description="netstat工具" unit="" isTable="true">
                <IsDisplay displayOrder="6300">false</IsDisplay>
                <IsMonitor>false</IsMonitor>
                <IsEdit>false</IsEdit>
                <DefaultMonitorFreq>day1</DefaultMonitorFreq>
                <SupportMonitorFreq>hour1,day1</SupportMonitorFreq>
                <IsAlert>false</IsAlert>
                <DefaultFlapping>1</DefaultFlapping>
            </Metric>
        </Metrics>
        <Properties>
            <Property id="osVersion" name="osVersion" metricid="osVersion"/>
            <Property id="ip" name="ip" metricid="ip"/>
            <Property id="Name" name="Name" metricid="Name"/>
            <Property id="macAddress" name="macAddress" metricid="macAddress"/>
            <Property id="sysUpTime" name="sysUpTime" metricid="sysUpTime"/>
        </Properties>
        <Instantiation InstanceId="macAddress" InstanceName="Name"/>
    </Resource>
    <Resource id="FreebsdCpu" type="CPU" icon="" name="CPU" description="CPU" parentid="Freebsd">
        <Metrics>
            <Metric id="cpuId" style="InformationMetric" name="CPU ID" description="CPU ID" unit="">
                <IsDisplay displayOrder="2007">false</IsDisplay>
                <IsMonitor>false</IsMonitor>
                <IsEdit>false</IsEdit>
                <DefaultMonitorFreq>day1</DefaultMonitorFreq>
                <SupportMonitorFreq>hour1,day1</SupportMonitorFreq>
                <IsAlert>false</IsAlert>
                <DefaultFlapping>1</DefaultFlapping>
            </Metric>
            <Metric id="cpuName" style="InformationMetric" name="CPU名称" description="CPU名称" unit="">
                <IsDisplay displayOrder="2008">false</IsDisplay>
                <IsMonitor>false</IsMonitor>
                <IsEdit>false</IsEdit>
                <DefaultMonitorFreq>day1</DefaultMonitorFreq>
                <SupportMonitorFreq>hour1,day1</SupportMonitorFreq>
                <IsAlert>false</IsAlert>
                <DefaultFlapping>1</DefaultFlapping>
            </Metric>
            <Metric id="cpuModel" style="InformationMetric" name="CPU型号" description="CPU型号" unit="">
                <IsDisplay displayOrder="2009">true</IsDisplay>
                <IsMonitor>true</IsMonitor>
                <IsEdit>false</IsEdit>
                <DefaultMonitorFreq>day1</DefaultMonitorFreq>
                <SupportMonitorFreq>hour1,day1</SupportMonitorFreq>
                <IsAlert>false</IsAlert>
                <DefaultFlapping>1</DefaultFlapping>
            </Metric>
            <Metric id="cpuSpeed" style="InformationMetric" name="CPU频率" description="CPU频率" unit="GHz">
                <IsDisplay displayOrder="2010">true</IsDisplay>
                <IsMonitor>true</IsMonitor>
                <IsEdit>false</IsEdit>
                <DefaultMonitorFreq>day1</DefaultMonitorFreq>
                <SupportMonitorFreq>hour1,day1</SupportMonitorFreq>
                <IsAlert>false</IsAlert>
                <DefaultFlapping>1</DefaultFlapping>
            </Metric>
            <Metric id="cpuAvailability" style="AvailabilityMetric" name="CPU可用性" description="CPU可用性" unit="">
                <IsDisplay displayOrder="2013">true</IsDisplay>
                <IsMonitor>true</IsMonitor>
                <IsEdit>false</IsEdit>
                <DefaultMonitorFreq>min5</DefaultMonitorFreq>
                <SupportMonitorFreq>sec30,min1,min5,min10,min30,hour1</SupportMonitorFreq>
                <IsAlert>false</IsAlert>
                <DefaultFlapping>2</DefaultFlapping>
            </Metric>
        </Metrics>
        <Properties>
            <Property id="cpuId" name="cpuId" metricid="cpuId"/>
            <Property id="cpuName" name="cpuName" metricid="cpuName"/>
        </Properties>
        <Instantiation InstanceId="cpuId" InstanceName="cpuName"/>
    </Resource>
    <Resource id="FreebsdHardDisk" type="HardDisk" icon="" name="硬盘" description="硬盘" parentid="Freebsd">
        <Metrics>
            <Metric id="hardDiskName" style="InformationMetric" name="硬盘名称" description="硬盘名称" unit="">
                <IsDisplay displayOrder="2011">false</IsDisplay>
                <IsMonitor>false</IsMonitor>
                <IsEdit>false</IsEdit>
                <DefaultMonitorFreq>day1</DefaultMonitorFreq>
                <SupportMonitorFreq>hour1,day1</SupportMonitorFreq>
                <IsAlert>false</IsAlert>
                <DefaultFlapping>1</DefaultFlapping>
            </Metric>
            <Metric id="hardDiskTotalSize" style="InformationMetric" name="硬盘容量" description="硬盘容量" unit="GB">
                <IsDisplay displayOrder="2012">true</IsDisplay>
                <IsMonitor>true</IsMonitor>
                <IsEdit>false</IsEdit>
                <DefaultMonitorFreq>day1</DefaultMonitorFreq>
                <SupportMonitorFreq>hour1,day1</SupportMonitorFreq>
                <IsAlert>false</IsAlert>
                <DefaultFlapping>1</DefaultFlapping>
            </Metric>
            <Metric id="hardDiskAvailability" style="AvailabilityMetric" name="硬盘可用性" description="硬盘可用性" unit="">
                <IsDisplay displayOrder="2013">true</IsDisplay>
                <IsMonitor>true</IsMonitor>
                <IsEdit>false</IsEdit>
                <DefaultMonitorFreq>min30</DefaultMonitorFreq>
                <SupportMonitorFreq>sec30,min1,min5,min10,min30,hour1</SupportMonitorFreq>
                <IsAlert>false</IsAlert>
                <DefaultFlapping>2</DefaultFlapping>
            </Metric>
        </Metrics>
        <Properties>
            <Property id="hardDiskName" name="hardDiskName" metricid="hardDiskName"/>
            <Property id="hardDiskTotalSize" name="hardDiskTotalSize" metricid="hardDiskTotalSize"/>
        </Properties>
        <Instantiation InstanceId="hardDiskName" InstanceName="hardDiskName"/>
    </Resource>
    <Resource id="FreebsdHostFileSystem" type="Partition" icon="" name="分区" description="分区" parentid="Freebsd">
        <Metrics>
            <Metric id="fileSysName" style="InformationMetric" name="挂载点" description="挂载点" unit="">
                <IsDisplay displayOrder="2013">false</IsDisplay>
                <IsMonitor>false</IsMonitor>
                <IsEdit>false</IsEdit>
                <DefaultMonitorFreq>day1</DefaultMonitorFreq>
                <SupportMonitorFreq>hour1,day1</SupportMonitorFreq>
                <IsAlert>false</IsAlert>
                <DefaultFlapping>1</DefaultFlapping>
            </Metric>
            <Metric id="fileSysTotalSize" style="InformationMetric" name="分区容量" description="分区容量" unit="MB">
                <IsDisplay displayOrder="2014">true</IsDisplay>
                <IsMonitor>true</IsMonitor>
                <IsEdit>false</IsEdit>
                <DefaultMonitorFreq>day1</DefaultMonitorFreq>
                <SupportMonitorFreq>hour1,day1</SupportMonitorFreq>
                <IsAlert>false</IsAlert>
                <DefaultFlapping>1</DefaultFlapping>
            </Metric>
            <Metric id="fileSysFreeSize" style="InformationMetric" name="分区可用容量" description="分区可用容量" unit="MB">
                <IsDisplay displayOrder="2015">true</IsDisplay>
                <IsMonitor>true</IsMonitor>
                <IsEdit>false</IsEdit>
                <DefaultMonitorFreq>day1</DefaultMonitorFreq>
                <SupportMonitorFreq>hour1,day1</SupportMonitorFreq>
                <IsAlert>false</IsAlert>
                <DefaultFlapping>1</DefaultFlapping>
            </Metric>
            <Metric id="fileSysUsedSize" style="InformationMetric" name="分区已用容量" description="分区已用容量" unit="MB">
                <IsDisplay displayOrder="2011">true</IsDisplay>
                <IsMonitor>true</IsMonitor>
                <IsEdit>false</IsEdit>
                <DefaultMonitorFreq>day1</DefaultMonitorFreq>
                <SupportMonitorFreq>hour1,day1</SupportMonitorFreq>
                <IsAlert>false</IsAlert>
                <DefaultFlapping>1</DefaultFlapping>
            </Metric>
            <Metric id="fileSysRate" style="PerformanceMetric" name="分区利用率" description="分区利用率" unit="%">
                <IsDisplay displayOrder="2001">true</IsDisplay>
                <IsMonitor>true</IsMonitor>
                <IsEdit>false</IsEdit>
                <DefaultMonitorFreq>min5</DefaultMonitorFreq>
                <SupportMonitorFreq>min1,min5,min10,min30,hour1,hour4,hour8</SupportMonitorFreq>
                <IsAlert>true</IsAlert>
                <DefaultFlapping>1</DefaultFlapping>
                <Thresholds>
                    <Threshold operator="&lt;" defaultvalue="90" stateid="Normal"/>
                    <Threshold operator="&gt;=" defaultvalue="90" stateid="Minor"/>
                    <Threshold operator="&gt;=" defaultvalue="95" stateid="Major"/>
                </Thresholds>
            </Metric>
            <Metric id="fileSysAvailability" style="AvailabilityMetric" name="分区可用性" description="分区可用性" unit="">
                <IsDisplay displayOrder="3010">true</IsDisplay>
                <IsMonitor>true</IsMonitor>
                <IsEdit>false</IsEdit>
                <DefaultMonitorFreq>min5</DefaultMonitorFreq>
                <SupportMonitorFreq>sec30,min1,min5,min10,min30,hour1</SupportMonitorFreq>
                <IsAlert>false</IsAlert>
                <DefaultFlapping>2</DefaultFlapping>
            </Metric>
        </Metrics>
        <Properties>
            <Property id="fileSysName" name="fileSysName" metricid="fileSysName"/>
        </Properties>
        <Instantiation InstanceId="fileSysName" InstanceName="fileSysName"/>
    </Resource>
    <Resource id="FreebsdHostInterface" type="NetInterface" icon="" name="接口" description="接口" parentid="Freebsd">
        <Metrics>
            <Metric id="ifName" style="InformationMetric" name="接口名称" description="接口名称" unit="">
                <IsDisplay displayOrder="2016">false</IsDisplay>
                <IsMonitor>false</IsMonitor>
                <IsEdit>false</IsEdit>
                <DefaultMonitorFreq>day1</DefaultMonitorFreq>
                <SupportMonitorFreq>hour1,day1</SupportMonitorFreq>
                <IsAlert>false</IsAlert>
                <DefaultFlapping>1</DefaultFlapping>
            </Metric>
            <Metric id="ifMAC" style="InformationMetric" name="MAC地址" description="MAC地址" unit="">
                <IsDisplay displayOrder="2017">true</IsDisplay>
                <IsMonitor>true</IsMonitor>
                <IsEdit>false</IsEdit>
                <DefaultMonitorFreq>day1</DefaultMonitorFreq>
                <SupportMonitorFreq>hour1,day1</SupportMonitorFreq>
                <IsAlert>false</IsAlert>
                <DefaultFlapping>1</DefaultFlapping>
            </Metric>
            <Metric id="ifIPAddress" style="InformationMetric" name="IP地址" description="IP地址" unit="">
                <IsDisplay displayOrder="2018">true</IsDisplay>
                <IsMonitor>true</IsMonitor>
                <IsEdit>false</IsEdit>
                <DefaultMonitorFreq>day1</DefaultMonitorFreq>
                <SupportMonitorFreq>hour1,day1</SupportMonitorFreq>
                <IsAlert>false</IsAlert>
                <DefaultFlapping>1</DefaultFlapping>
            </Metric>
            <Metric id="ifNetmask" style="InformationMetric" name="掩码" description="掩码" unit="">
                <IsDisplay displayOrder="2019">true</IsDisplay>
                <IsMonitor>true</IsMonitor>
                <IsEdit>false</IsEdit>
                <DefaultMonitorFreq>day1</DefaultMonitorFreq>
                <SupportMonitorFreq>hour1,day1</SupportMonitorFreq>
                <IsAlert>false</IsAlert>
                <DefaultFlapping>1</DefaultFlapping>
            </Metric>
            <Metric id="ifBroadcast" style="InformationMetric" name="广播地址" description="广播地址" unit="">
                <IsDisplay displayOrder="2020">true</IsDisplay>
                <IsMonitor>true</IsMonitor>
                <IsEdit>false</IsEdit>
                <DefaultMonitorFreq>day1</DefaultMonitorFreq>
                <SupportMonitorFreq>hour1,day1</SupportMonitorFreq>
                <IsAlert>false</IsAlert>
                <DefaultFlapping>1</DefaultFlapping>
            </Metric>
            <Metric id="ifInDiscards" style="InformationMetric" name="接收的丢包数" description="接收的丢包数" unit="包">
                <IsDisplay displayOrder="2021">true</IsDisplay>
                <IsMonitor>true</IsMonitor>
                <IsEdit>false</IsEdit>
                <DefaultMonitorFreq>day1</DefaultMonitorFreq>
                <SupportMonitorFreq>hour1,day1</SupportMonitorFreq>
                <IsAlert>false</IsAlert>
                <DefaultFlapping>1</DefaultFlapping>
            </Metric>
            <Metric id="ifInOctetsSpeed" style="PerformanceMetric" name="接收速率" description="接收速率" unit="bps">
                <IsDisplay displayOrder="2002">true</IsDisplay>
                <IsMonitor>true</IsMonitor>
                <IsEdit>false</IsEdit>
                <DefaultMonitorFreq>min5</DefaultMonitorFreq>
                <SupportMonitorFreq>min1,min5,min10,min30,hour1,hour4,hour8</SupportMonitorFreq>
                <IsAlert>false</IsAlert>
                <DefaultFlapping>1</DefaultFlapping>
                <Thresholds>
                    <Threshold operator="&gt;=" defaultvalue="0" stateid="Normal"/>
                    <Threshold operator="&gt;=" defaultvalue="85000000" stateid="Minor"/>
                    <Threshold operator="&gt;=" defaultvalue="90000000" stateid="Major"/>
                </Thresholds>
            </Metric>
            <Metric id="ifOutOctetsSpeed" style="PerformanceMetric" name="发送速率" description="发送速率" unit="bps">
                <IsDisplay displayOrder="2003">true</IsDisplay>
                <IsMonitor>true</IsMonitor>
                <IsEdit>false</IsEdit>
                <DefaultMonitorFreq>min5</DefaultMonitorFreq>
                <SupportMonitorFreq>min1,min5,min10,min30,hour1,hour4,hour8</SupportMonitorFreq>
                <IsAlert>false</IsAlert>
                <DefaultFlapping>1</DefaultFlapping>
                <Thresholds>
                    <Threshold operator="&gt;=" defaultvalue="0" stateid="Normal"/>
                    <Threshold operator="&gt;=" defaultvalue="85000000" stateid="Minor"/>
                    <Threshold operator="&gt;=" defaultvalue="90000000" stateid="Major"/>
                </Thresholds>
            </Metric>
            <Metric id="ifInErrors" style="InformationMetric" name="接收的错包数" description="接收的错包数" unit="包">
                <IsDisplay displayOrder="2022">true</IsDisplay>
                <IsMonitor>true</IsMonitor>
                <IsEdit>false</IsEdit>
                <DefaultMonitorFreq>day1</DefaultMonitorFreq>
                <SupportMonitorFreq>hour1,day1</SupportMonitorFreq>
                <IsAlert>false</IsAlert>
                <DefaultFlapping>1</DefaultFlapping>
            </Metric>
            <Metric id="ifOutErrors" style="InformationMetric" name="发送的错包数" description="发送的错包数" unit="包">
                <IsDisplay displayOrder="2023">true</IsDisplay>
                <IsMonitor>true</IsMonitor>
                <IsEdit>false</IsEdit>
                <DefaultMonitorFreq>day1</DefaultMonitorFreq>
                <SupportMonitorFreq>hour1,day1</SupportMonitorFreq>
                <IsAlert>false</IsAlert>
                <DefaultFlapping>1</DefaultFlapping>
            </Metric>
            <Metric id="ifCollideRate" style="PerformanceMetric" name="冲突率" description="冲突率" unit="个/秒">
                <IsDisplay displayOrder="2004">true</IsDisplay>
                <IsMonitor>true</IsMonitor>
                <IsEdit>false</IsEdit>
                <DefaultMonitorFreq>min5</DefaultMonitorFreq>
                <SupportMonitorFreq>min1,min5,min10,min30,hour1,hour4,hour8</SupportMonitorFreq>
                <IsAlert>false</IsAlert>
                <DefaultFlapping>1</DefaultFlapping>
                <Thresholds>
                    <Threshold operator="&lt;" defaultvalue="500" stateid="Normal"/>
                    <Threshold operator="&gt;=" defaultvalue="500" stateid="Minor"/>
                    <Threshold operator="&gt;=" defaultvalue="1000" stateid="Major"/>
                </Thresholds>
            </Metric>
            <Metric id="ifStatus" style="AvailabilityMetric" name="接口可用性" description="接口可用性" unit="">
                <IsDisplay displayOrder="2034">true</IsDisplay>
                <IsMonitor>true</IsMonitor>
                <IsEdit>false</IsEdit>
                <DefaultMonitorFreq>min1</DefaultMonitorFreq>
                <SupportMonitorFreq>sec30,min1,min5,min10,min30,hour1</SupportMonitorFreq>
                <IsAlert>false</IsAlert>
                <DefaultFlapping>2</DefaultFlapping>
            </Metric>
        </Metrics>
        <Properties>
            <Property id="ifName" name="ifName" metricid="ifName"/>
            <Property id="availability" name="availability" metricid="ifStatus"/>
        </Properties>
        <Instantiation InstanceId="ifName" InstanceName="ifName"/>
    </Resource>
    <Resource id="FreebsdHostProcess" type="Process" icon="" name="进程" description="进程" parentid="Freebsd" autodiscovery="false">
        <Metrics>
            <Metric id="processId" style="InformationMetric" name="进程ID" description="进程ID" unit="">
                <IsDisplay displayOrder="2024">true</IsDisplay>
                <IsMonitor>true</IsMonitor>
                <IsEdit>false</IsEdit>
                <DefaultMonitorFreq>day1</DefaultMonitorFreq>
                <SupportMonitorFreq>hour1,day1</SupportMonitorFreq>
                <IsAlert>false</IsAlert>
                <DefaultFlapping>1</DefaultFlapping>
            </Metric>
            <Metric id="processCommand" style="InformationMetric" name="进程名称" description="进程名称" unit="">
                <IsDisplay displayOrder="2025">false</IsDisplay>
                <IsMonitor>false</IsMonitor>
                <IsEdit>false</IsEdit>
                <DefaultMonitorFreq>day1</DefaultMonitorFreq>
                <SupportMonitorFreq>hour1,day1</SupportMonitorFreq>
                <IsAlert>false</IsAlert>
                <DefaultFlapping>1</DefaultFlapping>
            </Metric>
            <Metric id="userName" style="InformationMetric" name="用户名" description="用户名" unit="">
                <IsDisplay displayOrder="2026">true</IsDisplay>
                <IsMonitor>true</IsMonitor>
                <IsEdit>false</IsEdit>
                <DefaultMonitorFreq>day1</DefaultMonitorFreq>
                <SupportMonitorFreq>hour1,day1</SupportMonitorFreq>
                <IsAlert>false</IsAlert>
                <DefaultFlapping>1</DefaultFlapping>
            </Metric>
            <Metric id="procMulCpuRate" style="PerformanceMetric" name="进程CPU平均利用率" description="进程CPU平均利用率" unit="%">
                <IsDisplay displayOrder="2005">true</IsDisplay>
                <IsMonitor>true</IsMonitor>
                <IsEdit>false</IsEdit>
                <DefaultMonitorFreq>min5</DefaultMonitorFreq>
                <SupportMonitorFreq>min1,min5,min10,min30,hour1,hour4,hour8</SupportMonitorFreq>
                <IsAlert>false</IsAlert>
                <DefaultFlapping>1</DefaultFlapping>
                <Thresholds>
                    <Threshold operator="&lt;" defaultvalue="90" stateid="Normal"/>
                    <Threshold operator="&gt;=" defaultvalue="90" stateid="Minor"/>
                    <Threshold operator="&gt;=" defaultvalue="95" stateid="Major"/>
                </Thresholds>
            </Metric>
            <Metric id="procMulMemRate" style="PerformanceMetric" name="进程内存平均利用率" description="进程内存平均利用率" unit="%">
                <IsDisplay displayOrder="2006">true</IsDisplay>
                <IsMonitor>true</IsMonitor>
                <IsEdit>false</IsEdit>
                <DefaultMonitorFreq>min5</DefaultMonitorFreq>
                <SupportMonitorFreq>min1,min5,min10,min30,hour1,hour4,hour8</SupportMonitorFreq>
                <IsAlert>false</IsAlert>
                <DefaultFlapping>1</DefaultFlapping>
                <Thresholds>
                    <Threshold operator="&lt;" defaultvalue="90" stateid="Normal"/>
                    <Threshold operator="&gt;=" defaultvalue="90" stateid="Minor"/>
                    <Threshold operator="&gt;=" defaultvalue="95" stateid="Major"/>
                </Thresholds>
            </Metric>
            <Metric id="processAvail" style="AvailabilityMetric" name="进程可用性" description="进程可用性" unit="">
                <IsDisplay displayOrder="2000">true</IsDisplay>
                <IsMonitor>true</IsMonitor>
                <IsEdit>false</IsEdit>
                <DefaultMonitorFreq>min1</DefaultMonitorFreq>
                <SupportMonitorFreq>sec30,min1,min5,min10,min30,hour1</SupportMonitorFreq>
                <IsAlert>false</IsAlert>
                <DefaultFlapping>2</DefaultFlapping>
            </Metric>
            <Metric id="processPhysicalMem" style="PerformanceMetric" name="物理内存" description="物理内存" unit="KB">
                <IsDisplay displayOrder="2037">true</IsDisplay>
                <IsMonitor>true</IsMonitor>
                <IsEdit>false</IsEdit>
                <DefaultMonitorFreq>min5</DefaultMonitorFreq>
                <SupportMonitorFreq>min1,min5,min10,min30,hour1,hour4,hour8</SupportMonitorFreq>
                <IsAlert>false</IsAlert>
                <DefaultFlapping>1</DefaultFlapping>
                <Thresholds>
                    <Threshold operator="&lt;" defaultvalue="524288" stateid="Normal"/>
                    <Threshold operator="&gt;=" defaultvalue="524288" stateid="Minor"/>
                    <Threshold operator="&gt;=" defaultvalue="1048576" stateid="Major"/>
                </Thresholds>
            </Metric>
            <Metric id="processVirtualMap" style="PerformanceMetric" name="虚拟内存" description="虚拟内存" unit="KB">
                <IsDisplay displayOrder="2038">true</IsDisplay>
                <IsMonitor>true</IsMonitor>
                <IsEdit>false</IsEdit>
                <DefaultMonitorFreq>min5</DefaultMonitorFreq>
                <SupportMonitorFreq>min1,min5,min10,min30,hour1,hour4,hour8</SupportMonitorFreq>
                <IsAlert>false</IsAlert>
                <DefaultFlapping>1</DefaultFlapping>
                <Thresholds>
                    <Threshold operator="&lt;" defaultvalue="524288" stateid="Normal"/>
                    <Threshold operator="&gt;=" defaultvalue="524288" stateid="Minor"/>
                    <Threshold operator="&gt;=" defaultvalue="1048576" stateid="Major"/>
                </Thresholds>
            </Metric>
        </Metrics>
        <Properties>
            <Property id="processId" name="processId" metricid="processId"/>
            <Property id="processRemark" name="processRemark" metricid=""/>
            <Property id="instanceIdKeyValues" name="instanceIdKeyValues" metricid=""/>
            <Property id="processCommand" name="processCommand" metricid="processCommand"/>
        </Properties>
        <Instantiation InstanceId="processCommand" InstanceName="processCommand"/>
    </Resource>
    <Resource id="FreebsdHostFile" type="File" icon="" name="文件" description="文件" parentid="Freebsd" autodiscovery="false">
        <Metrics>
            <Metric id="fileName" style="InformationMetric" name="文件名称" description="文件名称" unit="">
                <IsDisplay displayOrder="2041">false</IsDisplay>
                <IsMonitor>false</IsMonitor>
                <IsEdit>false</IsEdit>
                <DefaultMonitorFreq>day1</DefaultMonitorFreq>
                <SupportMonitorFreq>hour1,day1</SupportMonitorFreq>
                <IsAlert>false</IsAlert>
                <DefaultFlapping>1</DefaultFlapping>
            </Metric>

            <Metric id="fileSize" style="InformationMetric" name="文件大小" description="文件大小" unit="Byte">
                <IsDisplay displayOrder="2042">true</IsDisplay>
                <IsMonitor>true</IsMonitor>
                <IsEdit>false</IsEdit>
                <DefaultMonitorFreq>day1</DefaultMonitorFreq>
                <SupportMonitorFreq>hour1,day1</SupportMonitorFreq>
                <IsAlert>false</IsAlert>
                <DefaultFlapping>1</DefaultFlapping>
            </Metric>

            <Metric id="fileModifyTime" style="InformationMetric" name="文件修改时间" description="文件修改时间" unit="">
                <IsDisplay displayOrder="2043">true</IsDisplay>
                <IsMonitor>true</IsMonitor>
                <IsEdit>false</IsEdit>
                <DefaultMonitorFreq>day1</DefaultMonitorFreq>
                <SupportMonitorFreq>hour1,day1</SupportMonitorFreq>
                <IsAlert>false</IsAlert>
                <DefaultFlapping>1</DefaultFlapping>
            </Metric>
            
            <Metric id="fileMD5" style="InformationMetric" name="MD5采集值" description="MD5采集值" unit="">
                <IsDisplay displayOrder="2062">true</IsDisplay>
                <IsMonitor>true</IsMonitor>
                <IsEdit>false</IsEdit>
                <DefaultMonitorFreq>min5</DefaultMonitorFreq>
                <SupportMonitorFreq>sec30,min1,min5,min10,min30,hour1</SupportMonitorFreq>
                <IsAlert>false</IsAlert>
                <DefaultFlapping>1</DefaultFlapping>
            </Metric>
            <Metric id="fileAvail" style="AvailabilityMetric" name="文件可用性" description="文件可用性" unit="">
                <IsDisplay displayOrder="2044">true</IsDisplay>
                <IsMonitor>true</IsMonitor>
                <IsEdit>false</IsEdit>
                <DefaultMonitorFreq>min1</DefaultMonitorFreq>
                <SupportMonitorFreq>sec30,min1,min5,min10,min30,hour1</SupportMonitorFreq>
                <IsAlert>false</IsAlert>
                <DefaultFlapping>2</DefaultFlapping>
            </Metric>

            <Metric id="filePath" style="InformationMetric" name="文件路径" description="文件路径" unit="">
                <IsDisplay displayOrder="2045">true</IsDisplay>
                <IsMonitor>true</IsMonitor>
                <IsEdit>false</IsEdit>
                <DefaultMonitorFreq>day1</DefaultMonitorFreq>
                <SupportMonitorFreq>hour1,day1</SupportMonitorFreq>
                <IsAlert>false</IsAlert>
                <DefaultFlapping>2</DefaultFlapping>
            </Metric>
        </Metrics>
        <Properties>
            <Property id="filePath" name="filePath" metricid="fileName"/>
        </Properties>
        <Instantiation InstanceId="filePath" InstanceName="filePath"/>
    </Resource>
</Capacity>
