<?xml version="1.0" encoding="UTF-8"?>

<Capacity xmlns:xsi="http://www.w3.org/2001/XMLSchema-instance" version="1.0" xsi:noNamespaceSchemaLocation="../../../schema/Resource.xsd">  
  <SupportInfo> 
    <SupportName>Hardware</SupportName>  
    <PreSupportVersion>Inspur NF系列</PreSupportVersion>  
    <ActualSupportVersion>Inspur NF5240M3</ActualSupportVersion> 
  </SupportInfo>  
  <GlobalMetricSetting isEncrypt="FALSE" version="4.1.0"> 
    <GlobalIsEdit>false</GlobalIsEdit>  
    <GlobalIsMonitor>true</GlobalIsMonitor>  
    <GlobalDefaultMonitorFreq>day1</GlobalDefaultMonitorFreq>  
    <GlobalsupportMonitorFreq>min1,min5,min10,hour1,day1</GlobalsupportMonitorFreq>  
    <GlobalIsAlert>true</GlobalIsAlert>  
    <GlobalDefaultFlapping>1</GlobalDefaultFlapping> 
  </GlobalMetricSetting>  
  <Resource id="InspurNF5240M3" category="InspurServer" icon="InspurIpmi.png" name="InspurNF5240M3" description="InspurNF5240M3"> 
    <Metrics> 
      <Metric id="PowerStatus" style="AvailabilityMetric" name="电源状态" description="电源状态" unit=""> 
        <IsDisplay displayOrder="1000">true</IsDisplay>  
        <IsMonitor>true</IsMonitor>  
        <IsEdit>false</IsEdit>  
        <DefaultMonitorFreq>min1</DefaultMonitorFreq>  
        <SupportMonitorFreq>sec30,min1,min5,min10,min30,hour1</SupportMonitorFreq>  
        <IsAlert>true</IsAlert>  
        <DefaultFlapping>2</DefaultFlapping> 
      </Metric>    
      <Metric id="ProductName" style="InformationMetric" name="产品名称" description="产品名称" unit=""> 
        <IsDisplay displayOrder="1010">true</IsDisplay>  
        <IsMonitor>true</IsMonitor>  
        <IsEdit>false</IsEdit>  
        <DefaultMonitorFreq>day1</DefaultMonitorFreq>  
        <SupportMonitorFreq>hour1,day1</SupportMonitorFreq>  
        <IsAlert>false</IsAlert>  
        <DefaultFlapping>1</DefaultFlapping> 
      </Metric>   
      <Metric id="BoardMfgDate" style="InformationMetric" name="主板生产日期" description="主板生产日期" unit=""> 
        <IsDisplay displayOrder="1020">true</IsDisplay>  
        <IsMonitor>true</IsMonitor>  
        <IsEdit>false</IsEdit>  
        <DefaultMonitorFreq>day1</DefaultMonitorFreq>  
        <SupportMonitorFreq>hour1,day1</SupportMonitorFreq>  
        <IsAlert>false</IsAlert>  
        <DefaultFlapping>1</DefaultFlapping> 
      </Metric>      
      <Metric id="BoardMfg" style="InformationMetric" name="主板制造商" description="主板制造商" unit=""> 
        <IsDisplay displayOrder="1030">true</IsDisplay>  
        <IsMonitor>true</IsMonitor>  
        <IsEdit>false</IsEdit>  
        <DefaultMonitorFreq>day1</DefaultMonitorFreq>  
        <SupportMonitorFreq>hour1,day1</SupportMonitorFreq>  
        <IsAlert>false</IsAlert>  
        <DefaultFlapping>1</DefaultFlapping> 
      </Metric>  
      <Metric id="BoardProduct" style="InformationMetric" name="主板型号" description="主板型号" unit=""> 
        <IsDisplay displayOrder="1040">true</IsDisplay>  
        <IsMonitor>true</IsMonitor>  
        <IsEdit>false</IsEdit>  
        <DefaultMonitorFreq>day1</DefaultMonitorFreq>  
        <SupportMonitorFreq>hour1,day1</SupportMonitorFreq>  
        <IsAlert>false</IsAlert>  
        <DefaultFlapping>1</DefaultFlapping> 
      </Metric>
      <Metric id="BoardFacturer" style="InformationMetric" name="主板厂商" description="主板厂商" unit=""> 
        <IsDisplay displayOrder="1050">true</IsDisplay>  
        <IsMonitor>true</IsMonitor>  
        <IsEdit>false</IsEdit>  
        <DefaultMonitorFreq>day1</DefaultMonitorFreq>  
        <SupportMonitorFreq>hour1,day1</SupportMonitorFreq>  
        <IsAlert>false</IsAlert>  
        <DefaultFlapping>1</DefaultFlapping> 
      </Metric> 
      <Metric id="ProductVersion" style="InformationMetric" name="产品版本" description="产品版本" unit=""> 
        <IsDisplay displayOrder="1060">true</IsDisplay>  
        <IsMonitor>true</IsMonitor>  
        <IsEdit>false</IsEdit>  
        <DefaultMonitorFreq>day1</DefaultMonitorFreq>  
        <SupportMonitorFreq>hour1,day1</SupportMonitorFreq>  
        <IsAlert>false</IsAlert>  
        <DefaultFlapping>1</DefaultFlapping> 
      </Metric>
      <Metric id="ProductSerial" style="InformationMetric" name="产品序列号" description="产品序列号" unit=""> 
        <IsDisplay displayOrder="1070">true</IsDisplay>  
        <IsMonitor>true</IsMonitor>  
        <IsEdit>false</IsEdit>  
        <DefaultMonitorFreq>day1</DefaultMonitorFreq>  
        <SupportMonitorFreq>hour1,day1</SupportMonitorFreq>  
        <IsAlert>false</IsAlert>  
        <DefaultFlapping>1</DefaultFlapping> 
      </Metric>
      <Metric id="SystemPowerStatus" style="InformationMetric" name="系统电源状态" description="系统电源状态" unit=""> 
        <IsDisplay displayOrder="1080">true</IsDisplay>  
        <IsMonitor>true</IsMonitor>  
        <IsEdit>false</IsEdit>  
        <DefaultMonitorFreq>day1</DefaultMonitorFreq>  
        <SupportMonitorFreq>hour1,day1</SupportMonitorFreq>  
        <IsAlert>false</IsAlert>  
        <DefaultFlapping>1</DefaultFlapping> 
      </Metric> 
      <Metric id="PowerOverloadStatus" style="InformationMetric" name="电源过载状态" description="电源过载状态" unit=""> 
        <IsDisplay displayOrder="1090">true</IsDisplay>  
        <IsMonitor>true</IsMonitor>  
        <IsEdit>false</IsEdit>  
        <DefaultMonitorFreq>day1</DefaultMonitorFreq>  
        <SupportMonitorFreq>hour1,day1</SupportMonitorFreq>  
        <IsAlert>false</IsAlert>  
        <DefaultFlapping>1</DefaultFlapping> 
      </Metric>
      <Metric id="PowerOverInterlock" style="InformationMetric" name="电源锁启用状态 " description="电源锁启用状态 " unit=""> 
        <IsDisplay displayOrder="1100">true</IsDisplay>  
        <IsMonitor>true</IsMonitor>  
        <IsEdit>false</IsEdit>  
        <DefaultMonitorFreq>day1</DefaultMonitorFreq>  
        <SupportMonitorFreq>hour1,day1</SupportMonitorFreq>  
        <IsAlert>false</IsAlert>  
        <DefaultFlapping>1</DefaultFlapping> 
      </Metric>
      <Metric id="PowerControlFault" style="InformationMetric" name="控制电源错误 " description="控制电源错误 " unit=""> 
        <IsDisplay displayOrder="1110">true</IsDisplay>  
        <IsMonitor>true</IsMonitor>  
        <IsEdit>false</IsEdit>  
        <DefaultMonitorFreq>day1</DefaultMonitorFreq>  
        <SupportMonitorFreq>hour1,day1</SupportMonitorFreq>  
        <IsAlert>false</IsAlert>  
        <DefaultFlapping>1</DefaultFlapping> 
      </Metric>
      <Metric id="PowerRestorePolicy" style="InformationMetric" name="电源恢复策略 " description="电源恢复策略 " unit=""> 
        <IsDisplay displayOrder="1120">true</IsDisplay>  
        <IsMonitor>true</IsMonitor>  
        <IsEdit>false</IsEdit>  
        <DefaultMonitorFreq>day1</DefaultMonitorFreq>  
        <SupportMonitorFreq>hour1,day1</SupportMonitorFreq>  
        <IsAlert>false</IsAlert>  
        <DefaultFlapping>1</DefaultFlapping> 
      </Metric>
      <Metric id="LastPowerEvent" style="InformationMetric" name="上一次电源事件 " description="上一次电源事件 " unit=""> 
        <IsDisplay displayOrder="1130">true</IsDisplay>  
        <IsMonitor>true</IsMonitor>  
        <IsEdit>false</IsEdit>  
        <DefaultMonitorFreq>day1</DefaultMonitorFreq>  
        <SupportMonitorFreq>hour1,day1</SupportMonitorFreq>  
        <IsAlert>false</IsAlert>  
        <DefaultFlapping>1</DefaultFlapping> 
      </Metric>
      <Metric id="ChassisIntrusion" style="InformationMetric" name="机箱入侵检测 " description="机箱入侵检测 " unit=""> 
        <IsDisplay displayOrder="1140">true</IsDisplay>  
        <IsMonitor>true</IsMonitor>  
        <IsEdit>false</IsEdit>  
        <DefaultMonitorFreq>day1</DefaultMonitorFreq>  
        <SupportMonitorFreq>hour1,day1</SupportMonitorFreq>  
        <IsAlert>false</IsAlert>  
        <DefaultFlapping>1</DefaultFlapping> 
      </Metric>
      <Metric id="FrontPanelLockout" style="InformationMetric" name="前面板锁定 " description="前面板锁定 " unit=""> 
        <IsDisplay displayOrder="1150">true</IsDisplay>  
        <IsMonitor>true</IsMonitor>  
        <IsEdit>false</IsEdit>  
        <DefaultMonitorFreq>day1</DefaultMonitorFreq>  
        <SupportMonitorFreq>hour1,day1</SupportMonitorFreq>  
        <IsAlert>false</IsAlert>  
        <DefaultFlapping>1</DefaultFlapping> 
      </Metric>
      <Metric id="DriveFault" style="InformationMetric" name="驱动错误 " description="驱动错误 " unit=""> 
        <IsDisplay displayOrder="1160">true</IsDisplay>  
        <IsMonitor>true</IsMonitor>  
        <IsEdit>false</IsEdit>  
        <DefaultMonitorFreq>day1</DefaultMonitorFreq>  
        <SupportMonitorFreq>hour1,day1</SupportMonitorFreq>  
        <IsAlert>false</IsAlert>  
        <DefaultFlapping>1</DefaultFlapping> 
      </Metric>
      <Metric id="FanFault" style="InformationMetric" name="风扇错误 " description="风扇错误 " unit=""> 
        <IsDisplay displayOrder="1170">true</IsDisplay>  
        <IsMonitor>true</IsMonitor>  
        <IsEdit>false</IsEdit>  
        <DefaultMonitorFreq>day1</DefaultMonitorFreq>  
        <SupportMonitorFreq>hour1,day1</SupportMonitorFreq>  
        <IsAlert>false</IsAlert>  
        <DefaultFlapping>1</DefaultFlapping> 
      </Metric>
    </Metrics>  
    <Properties> 
      <Property id="ProductName" name="ProductName" metricid="ProductName"/> 
      <Property id="BoardProduct" name="BoardProduct" metricid="BoardProduct"/>   
    </Properties>  
    <Instantiation InstanceId="ProductName,BoardProduct" InstanceName="ProductName"/> 
  </Resource>  
  <Resource id="InspurNF5240M3Fan" type="Fan" icon="" name="风扇" description="风扇" parentid="InspurNF5240M3"> 
    <Metrics> 
      <Metric id="fanIndex" style="InformationMetric" name="风扇索引" description="风扇索引" unit=""> 
        <IsDisplay displayOrder="2000">false</IsDisplay>  
        <IsMonitor>false</IsMonitor>  
        <IsEdit>false</IsEdit>  
        <DefaultMonitorFreq>day1</DefaultMonitorFreq>  
        <SupportMonitorFreq>hour1,day1</SupportMonitorFreq>  
        <IsAlert>false</IsAlert>  
        <DefaultFlapping>1</DefaultFlapping> 
      </Metric>  
      <Metric id="fanName" style="InformationMetric" name="风扇名称" description="风扇名称" unit=""> 
        <IsDisplay displayOrder="2010">false</IsDisplay>  
        <IsMonitor>false</IsMonitor>  
        <IsEdit>false</IsEdit>  
        <DefaultMonitorFreq>day1</DefaultMonitorFreq>  
        <SupportMonitorFreq>hour1,day1</SupportMonitorFreq>  
        <IsAlert>false</IsAlert>  
        <DefaultFlapping>1</DefaultFlapping> 
      </Metric>  
      <Metric id="fanStatus" style="AvailabilityMetric" name="风扇状态" description="风扇状态" unit=""> 
        <IsDisplay displayOrder="2020">true</IsDisplay>  
        <IsMonitor>true</IsMonitor>  
        <IsEdit>false</IsEdit>  
        <DefaultMonitorFreq>min1</DefaultMonitorFreq>  
        <SupportMonitorFreq>sec30,min1,min5,min10,min30,hour1</SupportMonitorFreq>  
        <IsAlert>false</IsAlert>  
        <DefaultFlapping>2</DefaultFlapping> 
      </Metric>
      <Metric id="fanRevolution" style="InformationMetric" name="风扇转数" description="风扇转数" unit=""> 
        <IsDisplay displayOrder="2030">true</IsDisplay>  
        <IsMonitor>true</IsMonitor>  
        <IsEdit>false</IsEdit>  
        <DefaultMonitorFreq>min5</DefaultMonitorFreq>  
        <SupportMonitorFreq>min1,min5,min10,min30,hour1,hour4,hour8</SupportMonitorFreq>  
        <IsAlert>false</IsAlert>  
        <DefaultFlapping>1</DefaultFlapping>  
      </Metric> 
    </Metrics>  
    <Properties> 
      <Property id="fanIndex" name="fanIndex" metricid="fanIndex"/>  
      <Property id="fanName" name="fanName" metricid="fanName"/> 
    </Properties>  
    <Instantiation InstanceId="fanIndex" InstanceName="fanName"/> 
  </Resource> 
  <Resource id="InspurNF5240M3DIMM" type="DIMM" icon="" name="内存插槽" description="内存插槽" parentid="InspurNF5240M3"> 
    <Metrics> 
      <Metric id="DIMMIndex" style="InformationMetric" name="插槽索引" description="插槽索引" unit=""> 
        <IsDisplay displayOrder="3000">false</IsDisplay>  
        <IsMonitor>false</IsMonitor>  
        <IsEdit>false</IsEdit>  
        <DefaultMonitorFreq>day1</DefaultMonitorFreq>  
        <SupportMonitorFreq>hour1,day1</SupportMonitorFreq>  
        <IsAlert>false</IsAlert>  
        <DefaultFlapping>1</DefaultFlapping> 
      </Metric> 
      <Metric id="DIMMName" style="InformationMetric" name="名称" description="名称" unit=""> 
        <IsDisplay displayOrder="3010">false</IsDisplay>  
        <IsMonitor>false</IsMonitor>  
        <IsEdit>false</IsEdit>  
        <DefaultMonitorFreq>day1</DefaultMonitorFreq>  
        <SupportMonitorFreq>hour1,day1</SupportMonitorFreq>  
        <IsAlert>false</IsAlert>  
        <DefaultFlapping>1</DefaultFlapping> 
      </Metric> 
      <Metric id="DIMMStatus" style="AvailabilityMetric" name="插槽状态" description="插槽状态" unit=""> 
        <IsDisplay displayOrder="3020">true</IsDisplay>  
        <IsMonitor>true</IsMonitor>  
        <IsEdit>false</IsEdit>  
        <DefaultMonitorFreq>min1</DefaultMonitorFreq>  
        <SupportMonitorFreq>sec30,min1,min5,min10,min30,hour1</SupportMonitorFreq>  
        <IsAlert>false</IsAlert>  
        <DefaultFlapping>2</DefaultFlapping> 
      </Metric>
      <Metric id="DIMMTemperature" style="InformationMetric" name="插槽温度" description="插槽温度" unit=""> 
        <IsDisplay displayOrder="3030">true</IsDisplay>  
        <IsMonitor>true</IsMonitor>  
        <IsEdit>false</IsEdit>  
        <DefaultMonitorFreq>min5</DefaultMonitorFreq>  
        <SupportMonitorFreq>sec30,min1,min5,min10,min30,hour1</SupportMonitorFreq>  
        <IsAlert>false</IsAlert>  
        <DefaultFlapping>2</DefaultFlapping> 
      </Metric>
    </Metrics>  
    <Properties> 
      <Property id="DIMMIndex" name="DIMMIndex" metricid="DIMMIndex"/> 
    </Properties>  
    <Instantiation InstanceId="DIMMIndex" InstanceName="DIMMName"/> 
  </Resource> 
  <Resource id="InspurNF5240M3Power" type="Power" icon="" name="电源" description="电源" parentid="InspurNF5240M3"> 
    <Metrics> 
      <Metric id="powerIndex" style="InformationMetric" name="电源索引" description="电源索引" unit=""> 
        <IsDisplay displayOrder="4000">false</IsDisplay>  
        <IsMonitor>false</IsMonitor>  
        <IsEdit>false</IsEdit>  
        <DefaultMonitorFreq>day1</DefaultMonitorFreq>  
        <SupportMonitorFreq>hour1,day1</SupportMonitorFreq>  
        <IsAlert>false</IsAlert>  
        <DefaultFlapping>1</DefaultFlapping> 
      </Metric>  
      <Metric id="powerStatus" style="AvailabilityMetric" name="电源状态" description="电源状态" unit=""> 
        <IsDisplay displayOrder="4010">true</IsDisplay>  
        <IsMonitor>true</IsMonitor>  
        <IsEdit>false</IsEdit>  
        <DefaultMonitorFreq>min1</DefaultMonitorFreq>  
        <SupportMonitorFreq>sec30,min1,min5,min10,min30,hour1</SupportMonitorFreq>  
        <IsAlert>false</IsAlert>  
        <DefaultFlapping>2</DefaultFlapping> 
      </Metric> 
    </Metrics>  
    <Properties> 
      <Property id="powerIndex" name="powerIndex" metricid="powerIndex"/> 
    </Properties>  
    <Instantiation InstanceId="powerIndex" InstanceName="powerIndex"/> 
  </Resource>
</Capacity>
