<?xml version="1.0" encoding="UTF-8"?>

<Capacity xmlns:xsi="http://www.w3.org/2001/XMLSchema-instance" version="1.0" xsi:noNamespaceSchemaLocation="../../../schema/Resource.xsd">
    <SupportInfo>
        <SupportName>Hardware</SupportName>
        <PreSupportVersion>Dell PowerEdge R系列</PreSupportVersion>
        <ActualSupportVersion>Dell PowerEdge R720</ActualSupportVersion>
    </SupportInfo>
    <GlobalMetricSetting isEncrypt="FALSE" version="4.1.0">
        <GlobalIsEdit>false</GlobalIsEdit>
        <GlobalIsMonitor>true</GlobalIsMonitor>
        <GlobalDefaultMonitorFreq>day1</GlobalDefaultMonitorFreq>
        <GlobalsupportMonitorFreq>min1,min5,min10,hour1,day1</GlobalsupportMonitorFreq>
        <GlobalIsAlert>true</GlobalIsAlert>
        <GlobalDefaultFlapping>1</GlobalDefaultFlapping>
    </GlobalMetricSetting>
    <Resource id="DellPERx" category="DellServer" icon="DellIpmi.png" name="Dell PowerEdge R系列" description="Dell PowerEdge R系列">
        <Metrics>
            <Metric id="PowerStatus" style="AvailabilityMetric" name="电源状态" description="电源状态" unit="">
                <IsDisplay displayOrder="1000">true</IsDisplay>
                <IsMonitor>true</IsMonitor>
                <IsEdit>false</IsEdit>
                <DefaultMonitorFreq>min1</DefaultMonitorFreq>
                <SupportMonitorFreq>sec30,min1,min5,min10,min30,hour1</SupportMonitorFreq>
                <IsAlert>true</IsAlert>
                <DefaultFlapping>2</DefaultFlapping>
            </Metric>
            <Metric id="AmbientTemp" style="PerformanceMetric" name="机箱温度" description="机箱温度" unit="度">
                <IsDisplay displayOrder="1010">true</IsDisplay>
                <IsMonitor>true</IsMonitor>
                <IsEdit>false</IsEdit>
                <DefaultMonitorFreq>min5</DefaultMonitorFreq>
                <SupportMonitorFreq>min1,min5,min10,min30,hour1,hour4,hour8</SupportMonitorFreq>
                <IsAlert>false</IsAlert>
                <DefaultFlapping>1</DefaultFlapping>
                <Thresholds>
                    <Threshold operator="&gt;" defaultvalue="5" stateid="Normal"/>
                    <Threshold operator="&gt;" defaultvalue="40" stateid="Minor"/>
                    <Threshold operator="&gt;" defaultvalue="50" stateid="Major"/>
                </Thresholds>
            </Metric>
            <Metric id="AmbientTempStatus" style="InformationMetric" name="机箱温度状态" description="机箱温度状态" unit="">
                <IsDisplay displayOrder="1020">true</IsDisplay>
                <IsMonitor>true</IsMonitor>
                <IsEdit>false</IsEdit>
                <DefaultMonitorFreq>min5</DefaultMonitorFreq>
                <SupportMonitorFreq>min1,min5,min10,min30,hour1,hour4,hour8</SupportMonitorFreq>
                <IsAlert>false</IsAlert>
                <DefaultFlapping>1</DefaultFlapping>
            </Metric>
            <Metric id="CMOSBatteryStatus" style="InformationMetric" name="CMOS电池状态" description="CMOS电池状态" unit="">
                <IsDisplay displayOrder="1030">true</IsDisplay>
                <IsMonitor>true</IsMonitor>
                <IsEdit>false</IsEdit>
                <DefaultMonitorFreq>min5</DefaultMonitorFreq>
                <SupportMonitorFreq>min1,min5,min10,min30,hour1,hour4,hour8</SupportMonitorFreq>
                <IsAlert>false</IsAlert>
                <DefaultFlapping>1</DefaultFlapping>
            </Metric>
            <Metric id="ROMBBatteryStatus" style="InformationMetric" name="ROMB电池状态" description="ROMB电池状态" unit="">
                <IsDisplay displayOrder="1040">true</IsDisplay>
                <IsMonitor>true</IsMonitor>
                <IsEdit>false</IsEdit>
                <DefaultMonitorFreq>min5</DefaultMonitorFreq>
                <SupportMonitorFreq>min1,min5,min10,min30,hour1,hour4,hour8</SupportMonitorFreq>
                <IsAlert>false</IsAlert>
                <DefaultFlapping>1</DefaultFlapping>
            </Metric>
            <Metric id="PCIEFatalErrStatus" style="InformationMetric" name="PCIE严重错误状态" description="PCIE严重错误状态" unit="">
                <IsDisplay displayOrder="1100">true</IsDisplay>
                <IsMonitor>true</IsMonitor>
                <IsEdit>false</IsEdit>
                <DefaultMonitorFreq>min5</DefaultMonitorFreq>
                <SupportMonitorFreq>min1,min5,min10,min30,hour1,hour4,hour8</SupportMonitorFreq>
                <IsAlert>false</IsAlert>
                <DefaultFlapping>1</DefaultFlapping>
            </Metric>
            <Metric id="MemCRCErrStatus" style="InformationMetric" name="内存校验错误状态" description="内存校验错误状态" unit="">
                <IsDisplay displayOrder="1110">true</IsDisplay>
                <IsMonitor>true</IsMonitor>
                <IsEdit>false</IsEdit>
                <DefaultMonitorFreq>min5</DefaultMonitorFreq>
                <SupportMonitorFreq>min1,min5,min10,min30,hour1,hour4,hour8</SupportMonitorFreq>
                <IsAlert>false</IsAlert>
                <DefaultFlapping>1</DefaultFlapping>
            </Metric>
            <Metric id="MemOvertempStatus" style="InformationMetric" name="内存过热状态" description="内存过热状态" unit="">
                <IsDisplay displayOrder="1120">true</IsDisplay>
                <IsMonitor>true</IsMonitor>
                <IsEdit>false</IsEdit>
                <DefaultMonitorFreq>min5</DefaultMonitorFreq>
                <SupportMonitorFreq>min1,min5,min10,min30,hour1,hour4,hour8</SupportMonitorFreq>
                <IsAlert>false</IsAlert>
                <DefaultFlapping>1</DefaultFlapping>
            </Metric>
            <Metric id="PowerOverloadStatus" style="InformationMetric" name="电源过载状态" description="电源过载状态" unit="">
                <IsDisplay displayOrder="1200">true</IsDisplay>
                <IsMonitor>true</IsMonitor>
                <IsEdit>false</IsEdit>
                <DefaultMonitorFreq>min5</DefaultMonitorFreq>
                <SupportMonitorFreq>min1,min5,min10,min30,hour1,hour4,hour8</SupportMonitorFreq>
                <IsAlert>false</IsAlert>
                <DefaultFlapping>1</DefaultFlapping>
            </Metric>
            <Metric id="MainPowerFaultStatus" style="InformationMetric" name="主电源错误状态" description="主电源错误状态" unit="">
                <IsDisplay displayOrder="1210">true</IsDisplay>
                <IsMonitor>true</IsMonitor>
                <IsEdit>false</IsEdit>
                <DefaultMonitorFreq>min5</DefaultMonitorFreq>
                <SupportMonitorFreq>min1,min5,min10,min30,hour1,hour4,hour8</SupportMonitorFreq>
                <IsAlert>false</IsAlert>
                <DefaultFlapping>1</DefaultFlapping>
            </Metric>
            <Metric id="PoweControFaulStatu" style="InformationMetric" name="电源管理错误状态" description="电源管理错误状态" unit="">
                <IsDisplay displayOrder="1220">true</IsDisplay>
                <IsMonitor>true</IsMonitor>
                <IsEdit>false</IsEdit>
                <DefaultMonitorFreq>min5</DefaultMonitorFreq>
                <SupportMonitorFreq>min1,min5,min10,min30,hour1,hour4,hour8</SupportMonitorFreq>
                <IsAlert>false</IsAlert>
                <DefaultFlapping>1</DefaultFlapping>
            </Metric>
            <Metric id="DriveFaultStatus" style="InformationMetric" name="驱动器错误状态" description="驱动器错误状态" unit="">
                <IsDisplay displayOrder="1230">true</IsDisplay>
                <IsMonitor>true</IsMonitor>
                <IsEdit>false</IsEdit>
                <DefaultMonitorFreq>min5</DefaultMonitorFreq>
                <SupportMonitorFreq>min1,min5,min10,min30,hour1,hour4,hour8</SupportMonitorFreq>
                <IsAlert>false</IsAlert>
                <DefaultFlapping>1</DefaultFlapping>
            </Metric>
            <Metric id="CoolinFaFaulStatu" style="InformationMetric" name="风扇/制冷错误状态" description="风扇/制冷错误状态" unit="">
                <IsDisplay displayOrder="1240">true</IsDisplay>
                <IsMonitor>true</IsMonitor>
                <IsEdit>false</IsEdit>
                <DefaultMonitorFreq>min5</DefaultMonitorFreq>
                <SupportMonitorFreq>min1,min5,min10,min30,hour1,hour4,hour8</SupportMonitorFreq>
                <IsAlert>false</IsAlert>
                <DefaultFlapping>1</DefaultFlapping>
            </Metric>
            <Metric id="HostName" style="InformationMetric" name="主机名" description="主机名" unit="">
                <IsDisplay displayOrder="1300">true</IsDisplay>
                <IsMonitor>true</IsMonitor>
                <IsEdit>false</IsEdit>
                <DefaultMonitorFreq>day1</DefaultMonitorFreq>
                <SupportMonitorFreq>hour1,day1</SupportMonitorFreq>
                <IsAlert>false</IsAlert>
                <DefaultFlapping>1</DefaultFlapping>
            </Metric>
            <!--
                  <Metric id="DIMMSlotNum" style="InformationMetric" name="内存插槽数" description="内存插槽数" unit="">
                      <IsDisplay displayOrder="1300">true</IsDisplay>
                      <IsMonitor>true</IsMonitor>
                      <IsEdit>false</IsEdit>
                      <DefaultMonitorFreq>day1</DefaultMonitorFreq>
                      <SupportMonitorFreq>hour1,day1</SupportMonitorFreq>
                      <IsAlert>false</IsAlert>
                      <DefaultFlapping>1</DefaultFlapping>
                  </Metric>
                  <Metric id="DIMMSlotUsed" style="InformationMetric" name="已插内存条数" description="已插内存条数" unit="">
                      <IsDisplay displayOrder="1300">true</IsDisplay>
                      <IsMonitor>true</IsMonitor>
                      <IsEdit>false</IsEdit>
                      <DefaultMonitorFreq>day1</DefaultMonitorFreq>
                      <SupportMonitorFreq>hour1,day1</SupportMonitorFreq>
                      <IsAlert>false</IsAlert>
                      <DefaultFlapping>1</DefaultFlapping>
                  </Metric>
                  -->
            <Metric id="servicePort" style="InformationMetric" name="服务端口" description="服务端口" unit="">
                <IsDisplay displayOrder="1300">true</IsDisplay>
                <IsMonitor>true</IsMonitor>
                <IsEdit>false</IsEdit>
                <DefaultMonitorFreq>day1</DefaultMonitorFreq>
                <SupportMonitorFreq>hour1,day1</SupportMonitorFreq>
                <IsAlert>true</IsAlert>
                <DefaultFlapping>1</DefaultFlapping>
            </Metric>
            <Metric id="ProductModel" style="InformationMetric" name="产品型号" description="产品型号" unit="">
                <IsDisplay displayOrder="1310">true</IsDisplay>
                <IsMonitor>true</IsMonitor>
                <IsEdit>false</IsEdit>
                <DefaultMonitorFreq>day1</DefaultMonitorFreq>
                <SupportMonitorFreq>hour1,day1</SupportMonitorFreq>
                <IsAlert>false</IsAlert>
                <DefaultFlapping>1</DefaultFlapping>
            </Metric>
            <Metric id="ServiceTag" style="InformationMetric" name="服务标识" description="服务标识" unit="">
                <IsDisplay displayOrder="1330">true</IsDisplay>
                <IsMonitor>true</IsMonitor>
                <IsEdit>false</IsEdit>
                <DefaultMonitorFreq>day1</DefaultMonitorFreq>
                <SupportMonitorFreq>hour1,day1</SupportMonitorFreq>
                <IsAlert>false</IsAlert>
                <DefaultFlapping>1</DefaultFlapping>
            </Metric>
            <Metric id="BIOSVersion" style="InformationMetric" name="BIOS版本" description="BIOS版本" unit="">
                <IsDisplay displayOrder="1340">true</IsDisplay>
                <IsMonitor>true</IsMonitor>
                <IsEdit>false</IsEdit>
                <DefaultMonitorFreq>day1</DefaultMonitorFreq>
                <SupportMonitorFreq>hour1,day1</SupportMonitorFreq>
                <IsAlert>false</IsAlert>
                <DefaultFlapping>1</DefaultFlapping>
            </Metric>
            <Metric id="SystemOSName" style="InformationMetric" name="操作系统名称" description="操作系统名称" unit="">
                <IsDisplay displayOrder="1350">true</IsDisplay>
                <IsMonitor>true</IsMonitor>
                <IsEdit>false</IsEdit>
                <DefaultMonitorFreq>day1</DefaultMonitorFreq>
                <SupportMonitorFreq>hour1,day1</SupportMonitorFreq>
                <IsAlert>false</IsAlert>
                <DefaultFlapping>1</DefaultFlapping>
            </Metric>
            <!--
                  <Metric id="BoardLanguageCode" style="InformationMetric" name="主板语言" description="主板语言" unit="">
                      <IsDisplay displayOrder="1360">true</IsDisplay>
                      <IsMonitor>true</IsMonitor>
                      <IsEdit>false</IsEdit>
                      <DefaultMonitorFreq>day1</DefaultMonitorFreq>
                      <SupportMonitorFreq>hour1,day1</SupportMonitorFreq>
                      <IsAlert>false</IsAlert>
                      <DefaultFlapping>1</DefaultFlapping>
                  </Metric>
                  -->
            <Metric id="BoardProductName" style="InformationMetric" name="主板产品名" description="主板产品名" unit="">
                <IsDisplay displayOrder="1370">true</IsDisplay>
                <IsMonitor>true</IsMonitor>
                <IsEdit>false</IsEdit>
                <DefaultMonitorFreq>day1</DefaultMonitorFreq>
                <SupportMonitorFreq>hour1,day1</SupportMonitorFreq>
                <IsAlert>false</IsAlert>
                <DefaultFlapping>1</DefaultFlapping>
            </Metric>
            <Metric id="BoardSerialNumber" style="InformationMetric" name="主板序列号" description="主板序列号" unit="">
                <IsDisplay displayOrder="1380">true</IsDisplay>
                <IsMonitor>true</IsMonitor>
                <IsEdit>false</IsEdit>
                <DefaultMonitorFreq>day1</DefaultMonitorFreq>
                <SupportMonitorFreq>hour1,day1</SupportMonitorFreq>
                <IsAlert>false</IsAlert>
                <DefaultFlapping>1</DefaultFlapping>
            </Metric>
            <Metric id="BoardPartNumber" style="InformationMetric" name="主板零件号" description="主板零件号" unit="">
                <IsDisplay displayOrder="1390">true</IsDisplay>
                <IsMonitor>true</IsMonitor>
                <IsEdit>false</IsEdit>
                <DefaultMonitorFreq>day1</DefaultMonitorFreq>
                <SupportMonitorFreq>hour1,day1</SupportMonitorFreq>
                <IsAlert>false</IsAlert>
                <DefaultFlapping>1</DefaultFlapping>
            </Metric>
        </Metrics>
        <Properties>
            <Property id="HostName" name="HostName" metricid="HostName"/>
            <Property id="ProductModel" name="ProductModel" metricid="ProductModel"/>
            <Property id="BoardSerialNumber" name="BoardSerialNumber" metricid="BoardSerialNumber"/>
        </Properties>
        <Instantiation InstanceId="ProductModel,BoardSerialNumber" InstanceName="ProductModel"/>
    </Resource>
    <Resource id="DellPERxFan" type="Fan" icon="" name="风扇" description="风扇" parentid="DellPERx">
        <Metrics>
            <Metric id="fanIndex" style="InformationMetric" name="风扇索引" description="风扇索引" unit="">
                <IsDisplay displayOrder="4000">false</IsDisplay>
                <IsMonitor>false</IsMonitor>
                <IsEdit>false</IsEdit>
                <DefaultMonitorFreq>day1</DefaultMonitorFreq>
                <SupportMonitorFreq>hour1,day1</SupportMonitorFreq>
                <IsAlert>false</IsAlert>
                <DefaultFlapping>1</DefaultFlapping>
            </Metric>
            <Metric id="fanName" style="InformationMetric" name="风扇名称" description="风扇名称" unit="">
                <IsDisplay displayOrder="4010">false</IsDisplay>
                <IsMonitor>false</IsMonitor>
                <IsEdit>false</IsEdit>
                <DefaultMonitorFreq>day1</DefaultMonitorFreq>
                <SupportMonitorFreq>hour1,day1</SupportMonitorFreq>
                <IsAlert>false</IsAlert>
                <DefaultFlapping>1</DefaultFlapping>
            </Metric>
            <Metric id="fanStatus" style="AvailabilityMetric" name="风扇状态" description="风扇状态" unit="">
                <IsDisplay displayOrder="4020">true</IsDisplay>
                <IsMonitor>true</IsMonitor>
                <IsEdit>false</IsEdit>
                <DefaultMonitorFreq>min1</DefaultMonitorFreq>
                <SupportMonitorFreq>sec30,min1,min5,min10,min30,hour1</SupportMonitorFreq>
                <IsAlert>false</IsAlert>
                <DefaultFlapping>2</DefaultFlapping>
            </Metric>
            <Metric id="fanRevolution" style="PerformanceMetric" name="风扇转数" description="风扇转数" unit="RPM">
                <IsDisplay displayOrder="4030">true</IsDisplay>
                <IsMonitor>true</IsMonitor>
                <IsEdit>false</IsEdit>
                <DefaultMonitorFreq>min5</DefaultMonitorFreq>
                <SupportMonitorFreq>min1,min5,min10,min30,hour1,hour4,hour8</SupportMonitorFreq>
                <IsAlert>false</IsAlert>
                <DefaultFlapping>1</DefaultFlapping>
                <Thresholds>
                    <Threshold operator="&gt;" defaultvalue="720" stateid="Normal"/>
                    <Threshold operator="&gt;" defaultvalue="3500" stateid="Minor"/>
                    <Threshold operator="&gt;" defaultvalue="4000" stateid="Major"/>
                </Thresholds>
            </Metric>
        </Metrics>
        <Properties>
            <Property id="fanIndex" name="fanIndex" metricid="fanIndex"/>
            <Property id="fanName" name="fanName" metricid="fanName"/>
        </Properties>
        <Instantiation InstanceId="fanIndex" InstanceName="fanName"/>
    </Resource>
    <Resource id="DellPERxProcessor" type="Processor" icon="" name="处理器" description="处理器" parentid="DellPERx">
        <Metrics>
            <Metric id="processorIndex" style="InformationMetric" name="处理器索引" description="处理器索引" unit="">
                <IsDisplay displayOrder="4000">false</IsDisplay>
                <IsMonitor>false</IsMonitor>
                <IsEdit>false</IsEdit>
                <DefaultMonitorFreq>day1</DefaultMonitorFreq>
                <SupportMonitorFreq>hour1,day1</SupportMonitorFreq>
                <IsAlert>false</IsAlert>
                <DefaultFlapping>1</DefaultFlapping>
            </Metric>
            <Metric id="processorName" style="InformationMetric" name="处理器名称" description="处理器名称" unit="">
                <IsDisplay displayOrder="4010">false</IsDisplay>
                <IsMonitor>false</IsMonitor>
                <IsEdit>false</IsEdit>
                <DefaultMonitorFreq>day1</DefaultMonitorFreq>
                <SupportMonitorFreq>hour1,day1</SupportMonitorFreq>
                <IsAlert>false</IsAlert>
                <DefaultFlapping>1</DefaultFlapping>
            </Metric>
            <Metric id="processorStatus" style="AvailabilityMetric" name="处理器状态" description="处理器状态" unit="">
                <IsDisplay displayOrder="4020">true</IsDisplay>
                <IsMonitor>true</IsMonitor>
                <IsEdit>false</IsEdit>
                <DefaultMonitorFreq>min1</DefaultMonitorFreq>
                <SupportMonitorFreq>sec30,min1,min5,min10,min30,hour1</SupportMonitorFreq>
                <IsAlert>false</IsAlert>
                <DefaultFlapping>2</DefaultFlapping>
            </Metric>
        </Metrics>
        <Properties>
            <Property id="processorIndex" name="processorIndex" metricid="processorIndex"/>
            <Property id="processorName" name="processorName" metricid="processorName"/>
        </Properties>
        <Instantiation InstanceId="processorIndex" InstanceName="processorName"/>
    </Resource>
    <Resource id="DellPERxPower" type="Power" icon="" name="电源" description="电源" parentid="DellPERx">
        <Metrics>
            <Metric id="powerIndex" style="InformationMetric" name="电源索引" description="电源索引" unit="">
                <IsDisplay displayOrder="6000">false</IsDisplay>
                <IsMonitor>false</IsMonitor>
                <IsEdit>false</IsEdit>
                <DefaultMonitorFreq>day1</DefaultMonitorFreq>
                <SupportMonitorFreq>hour1,day1</SupportMonitorFreq>
                <IsAlert>false</IsAlert>
                <DefaultFlapping>1</DefaultFlapping>
            </Metric>
            <Metric id="powerStatus" style="AvailabilityMetric" name="电源状态" description="电源状态" unit="">
                <IsDisplay displayOrder="6020">true</IsDisplay>
                <IsMonitor>true</IsMonitor>
                <IsEdit>false</IsEdit>
                <DefaultMonitorFreq>min1</DefaultMonitorFreq>
                <SupportMonitorFreq>sec30,min1,min5,min10,min30,hour1</SupportMonitorFreq>
                <IsAlert>false</IsAlert>
                <DefaultFlapping>2</DefaultFlapping>
            </Metric>
        </Metrics>
        <Properties>
            <Property id="powerIndex" name="powerIndex" metricid="powerIndex"/>
        </Properties>
        <Instantiation InstanceId="powerIndex" InstanceName="powerIndex"/>
    </Resource>
</Capacity>
