<?xml version="1.0" encoding="UTF-8"?>

<MetricPlugins xmlns:xsi="http://www.w3.org/2001/XMLSchema-instance" version="1.0" xsi:noNamespaceSchemaLocation="../../../schema/Collect.xsd">  
  <GlobalMetricSetting isEncrypt="FALSE" version="4.1.0"/>  
  <PluginClassAliasList> 
    <PluginClassAlias id="defaultProcessor" class="com.mainsteam.stm.plugin.common.DefaultResultSetProcessor"/>
    <PluginClassAlias id="defaultConverter" class="com.mainsteam.stm.plugin.common.DefaultResultSetConverter"/>
    <PluginClassAlias id="selectProcessor" class="com.mainsteam.stm.plugin.common.SelectResultSetProcessor"/>
    <PluginClassAlias id="columnPasteProcessor" class="com.mainsteam.stm.plugin.common.ColumnPasteProcessor"/>
    <PluginClassAlias id="RegularFilter" class="com.mainsteam.stm.plugin.common.RegularFilter"/>
    <PluginClassAlias id="subInstConverter" class="com.mainsteam.stm.plugin.common.SubInstResultSetConverter"/>
    <PluginClassAlias id="availableConverter" class="com.mainsteam.stm.plugin.common.AvailableConverter"/>
    <PluginClassAlias id="tableConverter" class="com.mainsteam.stm.plugin.common.TableResultSetConverter"/>
    <PluginClassAlias id="translateProcessor" class="com.mainsteam.stm.plugin.common.TranslateResultSetProcessor"/>
    <PluginClassAlias id="ChangeRateProcessor" class="com.mainsteam.stm.plugin.common.ChangeRateProcessor"/>
    <PluginClassAlias id="rowFilterProcessor" class="com.mainsteam.stm.plugin.common.RowFilterProcessor"/>
    <PluginClassAlias id="FormatProcessor" class="com.mainsteam.stm.plugin.common.FormatProcessor"/>
  </PluginClassAliasList>  
  <MetricPlugin metricid="PowerStatus" collectType="" pluginid="IpmiPlugin"> 
    <PluginResultMetaInfo columns=""/>  
    <PluginParameter type="ArrayType"> 
      <Parameter key="tool" value="ipmitool"/>  
      <Parameter key="command" value="power status"/> 
    </PluginParameter>  
    <PluginDataHandlers> 
      <PluginDataHandler classKey="RegularFilter"> 
        <Parameter type="" key="REGULAR" value="Chassis Power is (on)"/> 
      </PluginDataHandler>  
      <PluginDataHandler classKey="translateProcessor"> 
        <Parameter type="" key="" value="on,1;0"/> 
      </PluginDataHandler>  
      <PluginDataHandler classKey="availableConverter"/> 
    </PluginDataHandlers> 
  </MetricPlugin>  
  <MetricPlugin metricid="AmbientTemp" collectType="" pluginid="IpmiPlugin"> 
    <PluginResultMetaInfo columns=""/>  
    <PluginParameter type="ArrayType"> 
      <Parameter key="tool" value="ipmitool"/>  
      <Parameter key="command" value="sdr type Temperature"/> 
    </PluginParameter>  
    <PluginDataHandlers> 
      <PluginDataHandler classKey="RegularFilter"> 
        <Parameter type="" key="REGULAR" value="Temp_Ambient_FP\s+\|\s+\S+\s+\|\s+\S+\s+\|\s+\S+\s+\|\s+(\d+)"/> 
      </PluginDataHandler> 
    </PluginDataHandlers> 
  </MetricPlugin>  
  <MetricPlugin metricid="PowerOverloadStatus" collectType="" pluginid="IpmiPlugin"> 
    <PluginResultMetaInfo columns=""/>  
    <PluginParameter type="ArrayType"> 
      <Parameter key="tool" value="ipmitool"/>  
      <Parameter type="" key="command" value="chassis status"/> 
    </PluginParameter>  
    <PluginDataHandlers> 
      <PluginDataHandler classKey="RegularFilter"> 
        <Parameter type="" key="REGULAR" value="Power Overload\s+:\s(\S+)"/> 
      </PluginDataHandler>  
      <PluginDataHandler classKey="translateProcessor"> 
        <Parameter type="" key="" value="false,正常;异常"/> 
      </PluginDataHandler> 
    </PluginDataHandlers> 
  </MetricPlugin>  
  <MetricPlugin metricid="MainPowerFaultStatus" collectType="" pluginid="IpmiPlugin"> 
    <PluginResultMetaInfo columns=""/>  
    <PluginParameter type="ArrayType"> 
      <Parameter key="tool" value="ipmitool"/>  
      <Parameter type="" key="command" value="chassis status"/> 
    </PluginParameter>  
    <PluginDataHandlers> 
      <PluginDataHandler classKey="RegularFilter"> 
        <Parameter type="" key="REGULAR" value="Main Power Fault\s+:\s(\S+)"/> 
      </PluginDataHandler>  
      <PluginDataHandler classKey="translateProcessor"> 
        <Parameter type="" key="" value="false,正常;异常"/> 
      </PluginDataHandler> 
    </PluginDataHandlers> 
  </MetricPlugin>  
  <MetricPlugin metricid="PoweControFaulStatu" collectType="" pluginid="IpmiPlugin"> 
    <PluginResultMetaInfo columns=""/>  
    <PluginParameter type="ArrayType"> 
      <Parameter key="tool" value="ipmitool"/>  
      <Parameter type="" key="command" value="chassis status"/> 
    </PluginParameter>  
    <PluginDataHandlers> 
      <PluginDataHandler classKey="RegularFilter"> 
        <Parameter type="" key="REGULAR" value="Power Control Fault\s+:\s(\S+)"/> 
      </PluginDataHandler>  
      <PluginDataHandler classKey="translateProcessor"> 
        <Parameter type="" key="" value="false,正常;异常"/> 
      </PluginDataHandler> 
    </PluginDataHandlers> 
  </MetricPlugin>  
  <MetricPlugin metricid="DriveFaultStatus" collectType="" pluginid="IpmiPlugin"> 
    <PluginResultMetaInfo columns=""/>  
    <PluginParameter type="ArrayType"> 
      <Parameter key="tool" value="ipmitool"/>  
      <Parameter type="" key="command" value="chassis status"/> 
    </PluginParameter>  
    <PluginDataHandlers> 
      <PluginDataHandler classKey="RegularFilter"> 
        <Parameter type="" key="REGULAR" value="Drive Fault\s+:\s(\S+)"/> 
      </PluginDataHandler>  
      <PluginDataHandler classKey="translateProcessor"> 
        <Parameter type="" key="" value="false,正常;异常"/> 
      </PluginDataHandler> 
    </PluginDataHandlers> 
  </MetricPlugin>  
  <MetricPlugin metricid="CoolinFaFaulStatu" collectType="" pluginid="IpmiPlugin"> 
    <PluginResultMetaInfo columns=""/>  
    <PluginParameter type="ArrayType"> 
      <Parameter key="tool" value="ipmitool"/>  
      <Parameter type="" key="command" value="chassis status"/> 
    </PluginParameter>  
    <PluginDataHandlers> 
      <PluginDataHandler classKey="RegularFilter"> 
        <Parameter type="" key="REGULAR" value="Cooling/Fan Fault\s+:\s(\S+)"/> 
      </PluginDataHandler>  
      <PluginDataHandler classKey="translateProcessor"> 
        <Parameter type="" key="" value="false,正常;异常"/> 
      </PluginDataHandler> 
    </PluginDataHandlers> 
  </MetricPlugin>  
  <MetricPlugin metricid="ChassisIntrusion" collectType="" pluginid="IpmiPlugin"> 
    <PluginResultMetaInfo columns=""/>  
    <PluginParameter type="ArrayType"> 
      <Parameter key="tool" value="ipmitool"/>  
      <Parameter type="" key="command" value="chassis status"/> 
    </PluginParameter>  
    <PluginDataHandlers> 
      <PluginDataHandler classKey="RegularFilter"> 
        <Parameter type="" key="REGULAR" value="Chassis Intrusion\s+:\s(\S+)"/> 
      </PluginDataHandler>  
      <PluginDataHandler classKey="translateProcessor"> 
        <Parameter type="" key="" value="active,激活;未激活"/> 
      </PluginDataHandler> 
    </PluginDataHandlers> 
  </MetricPlugin>
  <MetricPlugin metricid="FrontPanelLockout" collectType="" pluginid="IpmiPlugin"> 
    <PluginResultMetaInfo columns=""/>  
    <PluginParameter type="ArrayType"> 
      <Parameter key="tool" value="ipmitool"/>  
      <Parameter type="" key="command" value="chassis status"/> 
    </PluginParameter>  
    <PluginDataHandlers> 
      <PluginDataHandler classKey="RegularFilter"> 
        <Parameter type="" key="REGULAR" value="Front-Panel Lockout\s+:\s(\S+)"/> 
      </PluginDataHandler>  
      <PluginDataHandler classKey="translateProcessor"> 
        <Parameter type="" key="" value="active,激活;未激活"/> 
      </PluginDataHandler> 
    </PluginDataHandlers> 
  </MetricPlugin>
  <MetricPlugin metricid="ProductName" collectType="" pluginid="IpmiPlugin"> 
    <PluginResultMetaInfo columns=""/>  
    <PluginParameter type="ArrayType"> 
      <Parameter key="tool" value="ipmitool"/>  
      <Parameter type="" key="command" value="fru"/> 
    </PluginParameter>  
    <PluginDataHandlers> 
      <PluginDataHandler classKey="RegularFilter"> 
        <Parameter type="" key="REGULAR" value="Product Name\s+:\s([^\r^\n]+)"/> 
      </PluginDataHandler> 
    </PluginDataHandlers> 
  </MetricPlugin>  
  <MetricPlugin metricid="ProductManufacturer" collectType="" pluginid="IpmiPlugin"> 
    <PluginResultMetaInfo columns="model"/>  
    <PluginParameter type="ArrayType"> 
      <Parameter key="tool" value="ipmitool"/>  
      <Parameter type="" key="command" value="fru"/> 
    </PluginParameter>  
    <PluginDataHandlers> 
      <PluginDataHandler classKey="RegularFilter"> 
        <Parameter type="" key="REGULAR" value="Product Manufacturer\s+:\s+(\S+)"/> 
      </PluginDataHandler>
      <PluginDataHandler classKey="selectProcessor"> 
        <Parameter value="select first(model) as model" key="SELECT"/> 
      </PluginDataHandler> 
    </PluginDataHandlers> 
  </MetricPlugin>   
  <MetricPlugin metricid="BoardProductName" collectType="" pluginid="IpmiPlugin"> 
    <PluginResultMetaInfo columns="model"/>  
    <PluginParameter type="ArrayType"> 
      <Parameter key="tool" value="ipmitool"/>  
      <Parameter type="" key="command" value="fru"/> 
    </PluginParameter>  
    <PluginDataHandlers> 
      <PluginDataHandler classKey="RegularFilter"> 
        <Parameter type="" key="REGULAR" value="Board Product\s+:\s(.+)"/> 
      </PluginDataHandler>  
      <PluginDataHandler classKey="selectProcessor"> 
        <Parameter value="select first(model) as model" key="SELECT"/> 
      </PluginDataHandler> 
    </PluginDataHandlers> 
  </MetricPlugin>  
  <MetricPlugin metricid="BoardMfg" collectType="" pluginid="IpmiPlugin"> 
    <PluginResultMetaInfo columns="model"/>  
    <PluginParameter type="ArrayType"> 
      <Parameter key="tool" value="ipmitool"/>  
      <Parameter type="" key="command" value="fru"/> 
    </PluginParameter>  
    <PluginDataHandlers> 
      <PluginDataHandler classKey="RegularFilter"> 
        <Parameter type="" key="REGULAR" value="Board Mfg\s+:\s(.+)"/> 
      </PluginDataHandler>  
      <PluginDataHandler classKey="selectProcessor"> 
        <Parameter value="select first(model) as model" key="SELECT"/> 
      </PluginDataHandler> 
    </PluginDataHandlers> 
  </MetricPlugin> 
  <MetricPlugin metricid="BoardSerialNumber" collectType="" pluginid="IpmiPlugin"> 
    <PluginResultMetaInfo columns="model"/>  
    <PluginParameter type="ArrayType"> 
      <Parameter key="tool" value="ipmitool"/>  
      <Parameter type="" key="command" value="fru"/> 
    </PluginParameter>  
    <PluginDataHandlers> 
      <PluginDataHandler classKey="RegularFilter"> 
        <Parameter type="" key="REGULAR" value="Board Serial\s+:\s(.+)"/> 
      </PluginDataHandler>  
      <PluginDataHandler classKey="selectProcessor"> 
        <Parameter value="select first(model) as model" key="SELECT"/> 
      </PluginDataHandler> 
    </PluginDataHandlers> 
  </MetricPlugin>  
  <MetricPlugin metricid="BoardPartNumber" collectType="" pluginid="IpmiPlugin"> 
    <PluginResultMetaInfo columns="model"/>  
    <PluginParameter type="ArrayType"> 
      <Parameter key="tool" value="ipmitool"/>  
      <Parameter type="" key="command" value="fru"/> 
    </PluginParameter>  
    <PluginDataHandlers> 
      <PluginDataHandler classKey="RegularFilter"> 
        <Parameter type="" key="REGULAR" value="Board Part Number\s+:\s(.+)"/> 
      </PluginDataHandler>  
      <PluginDataHandler classKey="selectProcessor"> 
        <Parameter value="select first(model) as model" key="SELECT"/> 
      </PluginDataHandler> 
    </PluginDataHandlers> 
  </MetricPlugin>    
  <!-- Fan -->  
  <MetricPlugin metricid="fanIndex" collectType="" pluginid="IpmiPlugin"> 
    <PluginResultMetaInfo columns="fanIndex"/>  
    <PluginParameter type="ArrayType"> 
      <Parameter key="tool" value="ipmitool"/>  
      <Parameter type="" key="command" value="sdr type Fan"/> 
    </PluginParameter>  
    <PluginDataHandlers> 
      <PluginDataHandler classKey="RegularFilter"> 
        <Parameter type="" key="REGULAR" value="(Fan_\S+)"/> 
      </PluginDataHandler> 
    </PluginDataHandlers>  
    <PluginDataConverter classKey="subInstConverter"> 
      <Parameter type="" key="IndexColumnTitle" value="fanIndex"/>  
      <Parameter type="" key="ValueColumnTitle" value="fanIndex"/> 
    </PluginDataConverter> 
  </MetricPlugin>  
  <MetricPlugin metricid="fanStatus" collectType="" pluginid="IpmiPlugin"> 
    <PluginResultMetaInfo columns="fanStatus"/>  
    <PluginParameter type="ArrayType"> 
      <Parameter key="tool" value="ipmitool"/>  
      <Parameter type="" key="command" value="sdr type Fan"/> 
    </PluginParameter>  
    <PluginDataHandlers> 
      <PluginDataHandler classKey="RegularFilter"> 
        <Parameter type="ResourceProperty" key="fanIndex" value="fanIndex"/>  
        <Parameter type="" key="REGULAR" value="${fanIndex}\s+\|\s+\S+\s+\|\s+(\S+)"/> 
      </PluginDataHandler>  
      <PluginDataHandler classKey="translateProcessor"> 
        <Parameter type="" key="fanStatus" value="ok,1;0"/> 
      </PluginDataHandler> 
    </PluginDataHandlers> 
  </MetricPlugin>
  <MetricPlugin metricid="fanSpeed" collectType="" pluginid="IpmiPlugin"> 
    <PluginResultMetaInfo columns="fanIndex,fanSpeed"/>  
    <PluginParameter type="ArrayType"> 
      <Parameter key="tool" value="ipmitool"/>  
      <Parameter type="" key="command" value="sdr type Fan"/> 
    </PluginParameter>  
    <PluginDataHandlers> 
      <PluginDataHandler classKey="RegularFilter">
      	<Parameter type="ResourceProperty" key="fanIndex" value="fanIndex"/> 
        <Parameter type="" key="REGULAR" value="(${fanIndex})\s+\|\s+\S+\s+\|\s+\S+\s+\|\s+\S+\s+\|\s+(\d+)"/> 
      </PluginDataHandler> 
    </PluginDataHandlers>  
    <PluginDataConverter classKey="subInstConverter"> 
      <Parameter type="" key="IndexColumnTitle" value="fanIndex"/>  
      <Parameter type="" key="ValueColumnTitle" value="fanSpeed"/>  
      <Parameter type="ResourceProperty" key="InstPropertyKey" value="fanIndex"/> 
    </PluginDataConverter> 
  </MetricPlugin>  
  <!-- Processor -->  
  <MetricPlugin metricid="processorIndex" collectType="" pluginid="IpmiPlugin"> 
    <PluginResultMetaInfo columns="processorIndex"/>  
    <PluginParameter type="ArrayType"> 
      <Parameter key="tool" value="ipmitool"/>  
      <Parameter type="" key="command" value="sdr type processor"/> 
    </PluginParameter>  
    <PluginDataHandlers> 
      <PluginDataHandler classKey="RegularFilter"> 
        <Parameter type="" key="REGULAR" value="(CPU\d+)"/> 
      </PluginDataHandler> 
    </PluginDataHandlers>  
    <PluginDataConverter classKey="subInstConverter"> 
      <Parameter type="" key="IndexColumnTitle" value="processorIndex"/>  
      <Parameter type="" key="ValueColumnTitle" value="processorIndex"/> 
    </PluginDataConverter> 
  </MetricPlugin>  
  <MetricPlugin metricid="processorStatus" collectType="" pluginid="IpmiPlugin"> 
    <PluginResultMetaInfo columns="processorStatus"/>  
    <PluginParameter type="ArrayType"> 
      <Parameter key="tool" value="ipmitool"/>  
      <Parameter type="" key="command" value="sdr type processor"/> 
    </PluginParameter>  
    <PluginDataHandlers> 
      <PluginDataHandler classKey="RegularFilter"> 
        <Parameter type="ResourceProperty" key="processorIndex" value="processorIndex"/>  
        <Parameter type="" key="REGULAR" value="${processorIndex}\s+\|\s+\S+\s+\|\s+(\S+)"/> 
      </PluginDataHandler>  
      <PluginDataHandler classKey="translateProcessor"> 
        <Parameter type="" key="processorStatus" value="ok,1;0"/> 
      </PluginDataHandler> 
    </PluginDataHandlers> 
  </MetricPlugin>  
  <!-- Power -->  
  <MetricPlugin metricid="powerIndex" collectType="" pluginid="IpmiPlugin"> 
    <PluginResultMetaInfo columns="powerIndex"/>  
    <PluginParameter type="ArrayType"> 
      <Parameter key="tool" value="ipmitool"/>  
      <Parameter type="" key="command" value="sdr type 'Power Supply'"/> 
    </PluginParameter>  
    <PluginDataHandlers> 
      <PluginDataHandler classKey="RegularFilter"> 
        <Parameter type="" key="REGULAR" value="(PSU\d+)_Status"/> 
      </PluginDataHandler> 
    </PluginDataHandlers>  
    <PluginDataConverter classKey="subInstConverter"> 
      <Parameter type="" key="IndexColumnTitle" value="powerIndex"/>  
      <Parameter type="" key="ValueColumnTitle" value="powerIndex"/> 
    </PluginDataConverter> 
  </MetricPlugin>  
  <MetricPlugin metricid="powerStatus" collectType="" pluginid="IpmiPlugin"> 
    <PluginResultMetaInfo columns="powerStatus"/>  
    <PluginParameter type="ArrayType"> 
      <Parameter key="tool" value="ipmitool"/>  
      <Parameter type="" key="command" value="sdr type 'Power Supply'"/> 
    </PluginParameter>  
    <PluginDataHandlers> 
      <PluginDataHandler classKey="RegularFilter"> 
        <Parameter type="ResourceProperty" key="powerIndex" value="powerIndex"/>  
        <Parameter type="" key="REGULAR" value="${powerIndex}_Status\s*\|\s*\S+\s*\|\s*(\S+)"/> 
      </PluginDataHandler>  
      <PluginDataHandler classKey="translateProcessor"> 
        <Parameter type="" key="powerStatus" value="ok,1;0"/> 
      </PluginDataHandler> 
    </PluginDataHandlers> 
  </MetricPlugin> 
  <!-- DIMM -->  
  <MetricPlugin metricid="DIMMIndex" collectType="" pluginid="IpmiPlugin"> 
    <PluginResultMetaInfo columns="DIMMIndex"/>  
    <PluginParameter type="ArrayType"> 
      <Parameter key="tool" value="ipmitool"/>  
      <Parameter type="" key="command" value="sdr type Memory"/> 
    </PluginParameter>  
    <PluginDataHandlers> 
      <PluginDataHandler classKey="RegularFilter"> 
        <Parameter type="" key="REGULAR" value="(Memory)"/> 
      </PluginDataHandler> 
    </PluginDataHandlers>  
    <PluginDataConverter classKey="subInstConverter"> 
      <Parameter type="" key="IndexColumnTitle" value="DIMMIndex"/>  
      <Parameter type="" key="ValueColumnTitle" value="DIMMIndex"/> 
    </PluginDataConverter> 
  </MetricPlugin>  
  <MetricPlugin metricid="DIMMStatus" collectType="" pluginid="IpmiPlugin"> 
    <PluginResultMetaInfo columns="DIMMStatus"/>  
    <PluginParameter type="ArrayType"> 
      <Parameter key="tool" value="ipmitool"/>  
      <Parameter type="" key="command" value="sdr type Memory"/> 
    </PluginParameter>  
    <PluginDataHandlers> 
      <PluginDataHandler classKey="RegularFilter"> 
        <Parameter type="ResourceProperty" key="DIMMIndex" value="DIMMIndex"/>  
        <Parameter type="" key="REGULAR" value="${DIMMIndex}\s+\|\s+\S+\s+\|\s+(\S+)"/> 
      </PluginDataHandler>  
      <PluginDataHandler classKey="translateProcessor"> 
        <Parameter type="" key="DIMMStatus" value="ok,1;0"/> 
      </PluginDataHandler> 
    </PluginDataHandlers> 
  </MetricPlugin>  
  <!-- HardDisk -->
  <MetricPlugin metricid="diskIndex" collectType="" pluginid="IpmiPlugin"> 
    <PluginResultMetaInfo columns="diskIndex"/>  
    <PluginParameter type="ArrayType"> 
      <Parameter key="tool" value="ipmitool"/>  
      <Parameter type="" key="command" value="sdr type 'Drive Slot / Bay'"/> 
    </PluginParameter>  
    <PluginDataHandlers> 
      <PluginDataHandler classKey="RegularFilter"> 
        <Parameter type="" key="REGULAR" value="(HDD\d+)_Status"/> 
      </PluginDataHandler>  
    </PluginDataHandlers>  
    <PluginDataConverter classKey="subInstConverter"> 
      <Parameter type="" key="IndexColumnTitle" value="diskIndex"/>  
      <Parameter type="" key="ValueColumnTitle" value="diskIndex"/>  
    </PluginDataConverter> 
  </MetricPlugin> 
  <MetricPlugin metricid="diskStatus" collectType="" pluginid="IpmiPlugin"> 
    <PluginResultMetaInfo columns="diskStatus"/>  
    <PluginParameter type="ArrayType"> 
      <Parameter key="tool" value="ipmitool"/>  
      <Parameter type="" key="command" value="sdr type 'Drive Slot / Bay'"/> 
    </PluginParameter>  
    <PluginDataHandlers> 
      <PluginDataHandler classKey="RegularFilter">
      	<Parameter type="ResourceProperty" key="diskIndex" value="diskIndex"/>
        <Parameter type="" key="REGULAR" value="${diskIndex}_Status\s+\|\s+\S+\s+\|\s+(\S+)"/> 
      </PluginDataHandler>
      <PluginDataHandler classKey="translateProcessor"> 
        <Parameter type="" key="diskStatus" value="ok,1;0"/> 
      </PluginDataHandler>
    </PluginDataHandlers>  
  </MetricPlugin>
</MetricPlugins>
