<?xml version="1.0" encoding="UTF-8"?>

<Capacity xmlns:xsi="http://www.w3.org/2001/XMLSchema-instance" version="1.0" xsi:noNamespaceSchemaLocation="../../../schema/Resource.xsd">
    <SupportInfo>
        <SupportName>SQLServer Database</SupportName>
        <PreSupportVersion>SQLServer 2005以前版本</PreSupportVersion>
        <ActualSupportVersion>SQLServer 2000/windows2003</ActualSupportVersion>
    </SupportInfo>
    <GlobalMetricSetting isEncrypt="FALSE" version="4.1.0">
        <GlobalIsEdit>false</GlobalIsEdit>
        <GlobalIsMonitor>true</GlobalIsMonitor>
        <GlobalDefaultMonitorFreq>day1</GlobalDefaultMonitorFreq>
        <GlobalsupportMonitorFreq>min1,min5,min10,hour1,day1</GlobalsupportMonitorFreq>
        <GlobalIsAlert>true</GlobalIsAlert>
        <GlobalDefaultFlapping>1</GlobalDefaultFlapping>
    </GlobalMetricSetting>
    <Resource id="SQLServer" category="SQLServers" icon="SQLServer.png" name="SQLServer 2005以下版本" description="SQLServer数据库">
        <Metrics>
            <Metric id="cpuRate" style="PerformanceMetric" name="CPU利用率" description="CPU利用率" unit="%">
                <IsDisplay displayOrder="1400">true</IsDisplay>
                <IsMonitor>true</IsMonitor>
                <IsEdit>false</IsEdit>
                <DefaultMonitorFreq>min5</DefaultMonitorFreq>
                <SupportMonitorFreq>min1,min5,min10,min30,hour1,hour4,hour8</SupportMonitorFreq>
                <IsAlert>false</IsAlert>
                <DefaultFlapping>1</DefaultFlapping>
                <Thresholds>
                    <Threshold operator="&lt;" defaultvalue="90" stateid="Normal"/>
                    <Threshold operator="&gt;=" defaultvalue="90" stateid="Minor"/>
                    <Threshold operator="&gt;=" defaultvalue="95" stateid="Major"/>
                </Thresholds>
            </Metric>
            <Metric id="memRate" style="PerformanceMetric" name="内存利用率" description="内存利用率" unit="%">
                <IsDisplay displayOrder="2500">true</IsDisplay>
                <IsMonitor>true</IsMonitor>
                <IsEdit>false</IsEdit>
                <DefaultMonitorFreq>min5</DefaultMonitorFreq>
                <SupportMonitorFreq>min1,min5,min10,min30,hour1,hour4,hour8</SupportMonitorFreq>
                <IsAlert>false</IsAlert>
                <DefaultFlapping>1</DefaultFlapping>
                <Thresholds>
                    <Threshold operator="&lt;" defaultvalue="90" stateid="Normal"/>
                    <Threshold operator="&gt;=" defaultvalue="90" stateid="Minor"/>
                    <Threshold operator="&gt;=" defaultvalue="95" stateid="Major"/>
                </Thresholds>
            </Metric>
            <Metric id="sqlTop10CPUTime" style="InformationMetric" name="SQL语句CPU占用TOP10" description="SQL语句CPU占用TOP10" unit="" isTable="true">
                <IsDisplay displayOrder="491990010">false</IsDisplay>
                <IsMonitor>true</IsMonitor>
                <IsEdit>false</IsEdit>
                <DefaultMonitorFreq>day1</DefaultMonitorFreq>
                <SupportMonitorFreq>hour1,day1</SupportMonitorFreq>
                <IsAlert>false</IsAlert>
                <DefaultFlapping>1</DefaultFlapping>
            </Metric>
            <Metric id="availability" style="AvailabilityMetric" name="实例可用性" description="实例可用性" unit="">
                <IsDisplay displayOrder="401300010">true</IsDisplay>
                <IsMonitor>true</IsMonitor>
                <IsEdit>false</IsEdit>
                <DefaultMonitorFreq>min1</DefaultMonitorFreq>
                <SupportMonitorFreq>sec30,min1,min5,min10,min30,hour1</SupportMonitorFreq>
                <IsAlert>true</IsAlert>
                <DefaultFlapping>2</DefaultFlapping>
            </Metric>
            <Metric id="OperatingSystem" style="InformationMetric" name="操作系统" description="主机操作系统" unit="">
                <IsDisplay displayOrder="401600080">true</IsDisplay>
                <IsMonitor>true</IsMonitor>
                <IsEdit>false</IsEdit>
                <DefaultMonitorFreq>day1</DefaultMonitorFreq>
                <SupportMonitorFreq>hour1,day1</SupportMonitorFreq>
                <IsAlert>false</IsAlert>
                <DefaultFlapping>1</DefaultFlapping>
            </Metric>
            <Metric id="hostName" style="InformationMetric" name="主机名称" description="主机名称" unit="">
                <IsDisplay displayOrder="401600070">true</IsDisplay>
                <IsMonitor>true</IsMonitor>
                <IsEdit>false</IsEdit>
                <DefaultMonitorFreq>day1</DefaultMonitorFreq>
                <SupportMonitorFreq>hour1,day1</SupportMonitorFreq>
                <IsAlert>false</IsAlert>
                <DefaultFlapping>1</DefaultFlapping>
            </Metric>
            <Metric id="totalMemSize" style="InformationMetric" name="内存总容量" description="安装内存" unit="GB">
                <IsDisplay displayOrder="401500061">true</IsDisplay>
                <IsMonitor>true</IsMonitor>
                <IsEdit>false</IsEdit>
                <DefaultMonitorFreq>day1</DefaultMonitorFreq>
                <SupportMonitorFreq>hour1,day1</SupportMonitorFreq>
                <IsAlert>false</IsAlert>
                <DefaultFlapping>1</DefaultFlapping>
            </Metric>
            <Metric id="appCpuRate" style="PerformanceMetric" name="数据库CPU利用率" description="数据库CPU利用率" unit="%">
                <IsDisplay displayOrder="401400010">true</IsDisplay>
                <IsMonitor>true</IsMonitor>
                <IsEdit>false</IsEdit>
                <DefaultMonitorFreq>min5</DefaultMonitorFreq>
                <SupportMonitorFreq>min1,min5,min10,min30,hour1,hour4,hour8</SupportMonitorFreq>
                <IsAlert>false</IsAlert>
                <DefaultFlapping>1</DefaultFlapping>
                <Thresholds>
                    <Threshold operator="&lt;" defaultvalue="90" stateid="Normal"/>
                    <Threshold operator="&gt;=" defaultvalue="90" stateid="Minor"/>
                    <Threshold operator="&gt;=" defaultvalue="95" stateid="Major"/>
                </Thresholds>
            </Metric>
            <Metric id="appMemRate" style="PerformanceMetric" name="数据库内存利用率" description="数据库内存利用率" unit="%">
                <IsDisplay displayOrder="401400020">true</IsDisplay>
                <IsMonitor>true</IsMonitor>
                <IsEdit>false</IsEdit>
                <DefaultMonitorFreq>min5</DefaultMonitorFreq>
                <SupportMonitorFreq>min1,min5,min10,min30,hour1,hour4,hour8</SupportMonitorFreq>
                <IsAlert>false</IsAlert>
                <DefaultFlapping>1</DefaultFlapping>
                <Thresholds>
                    <Threshold operator="&lt;" defaultvalue="90" stateid="Normal"/>
                    <Threshold operator="&gt;=" defaultvalue="90" stateid="Minor"/>
                    <Threshold operator="&gt;=" defaultvalue="95" stateid="Major"/>
                </Thresholds>
            </Metric>
            <Metric id="sysUpTime" style="InformationMetric" name="连续运行时间" description="连续运行时间" unit="秒">
                <IsDisplay displayOrder="401500010">true</IsDisplay>
                <IsMonitor>true</IsMonitor>
                <IsEdit>false</IsEdit>
                <DefaultMonitorFreq>hour1</DefaultMonitorFreq>
                <SupportMonitorFreq>hour1,day1</SupportMonitorFreq>
                <IsAlert>false</IsAlert>
                <DefaultFlapping>1</DefaultFlapping>
            </Metric>
            <Metric id="memPoolUsed" style="InformationMetric" name="数据库已用内存" description="数据库已用内存" unit="KB">
                <IsDisplay displayOrder="401500009">true</IsDisplay>
                <IsMonitor>true</IsMonitor>
                <IsEdit>false</IsEdit>
                <DefaultMonitorFreq>day1</DefaultMonitorFreq>
                <SupportMonitorFreq>hour1,day1</SupportMonitorFreq>
                <IsAlert>false</IsAlert>
                <DefaultFlapping>1</DefaultFlapping>
            </Metric>
            <Metric id="TotalWrite" style="PerformanceMetric" name="数据库写入速率" description="数据库写入速率" unit="次/秒">
                <IsDisplay displayOrder="401400400">true</IsDisplay>
                <IsMonitor>true</IsMonitor>
                <IsEdit>false</IsEdit>
                <DefaultMonitorFreq>min5</DefaultMonitorFreq>
                <SupportMonitorFreq>min1,min5,min10,min30,hour1,hour4,hour8</SupportMonitorFreq>
                <IsAlert>false</IsAlert>
                <DefaultFlapping>1</DefaultFlapping>
                <Thresholds>
                    <Threshold operator="&lt;" defaultvalue="800" stateid="Normal"/>
                    <Threshold operator="&gt;=" defaultvalue="800" stateid="Minor"/>
                    <Threshold operator="&gt;=" defaultvalue="1000" stateid="Major"/>
                </Thresholds>
            </Metric>
            <Metric id="TotalRead" style="PerformanceMetric" name="数据库读取速率" description="数据库读取速率" unit="次/秒">
                <IsDisplay displayOrder="401400410">true</IsDisplay>
                <IsMonitor>true</IsMonitor>
                <IsEdit>false</IsEdit>
                <DefaultMonitorFreq>min5</DefaultMonitorFreq>
                <SupportMonitorFreq>min1,min5,min10,min30,hour1,hour4,hour8</SupportMonitorFreq>
                <IsAlert>false</IsAlert>
                <DefaultFlapping>1</DefaultFlapping>
                <Thresholds>
                    <Threshold operator="&lt;" defaultvalue="800" stateid="Normal"/>
                    <Threshold operator="&gt;=" defaultvalue="800" stateid="Minor"/>
                    <Threshold operator="&gt;=" defaultvalue="1000" stateid="Major"/>
                </Thresholds>
            </Metric>
            <Metric id="TotalError" style="PerformanceMetric" name="数据包错误率" description="数据包错误率" unit="个/秒">
                <IsDisplay displayOrder="401400420">true</IsDisplay>
                <IsMonitor>true</IsMonitor>
                <IsEdit>false</IsEdit>
                <DefaultMonitorFreq>min5</DefaultMonitorFreq>
                <SupportMonitorFreq>min1,min5,min10,min30,hour1,hour4,hour8</SupportMonitorFreq>
                <IsAlert>false</IsAlert>
                <DefaultFlapping>1</DefaultFlapping>
                <Thresholds>
                    <Threshold operator="&lt;" defaultvalue="80" stateid="Normal"/>
                    <Threshold operator="&gt;=" defaultvalue="80" stateid="Minor"/>
                    <Threshold operator="&gt;=" defaultvalue="100" stateid="Major"/>
                </Thresholds>
            </Metric>
            <Metric id="PackageSent" style="PerformanceMetric" name="数据包发送速率" description="数据包发送速率" unit="个/秒">
                <IsDisplay displayOrder="401400430">true</IsDisplay>
                <IsMonitor>true</IsMonitor>
                <IsEdit>false</IsEdit>
                <DefaultMonitorFreq>min5</DefaultMonitorFreq>
                <SupportMonitorFreq>min1,min5,min10,min30,hour1,hour4,hour8</SupportMonitorFreq>
                <IsAlert>false</IsAlert>
                <DefaultFlapping>1</DefaultFlapping>
                <Thresholds>
                    <Threshold operator="&lt;" defaultvalue="400" stateid="Normal"/>
                    <Threshold operator="&gt;=" defaultvalue="400" stateid="Minor"/>
                    <Threshold operator="&gt;=" defaultvalue="500" stateid="Major"/>
                </Thresholds>
            </Metric>
            <Metric id="PackageReceived" style="PerformanceMetric" name="数据包接收速率" description="数据包接收速率" unit="个/秒">
                <IsDisplay displayOrder="401400440">true</IsDisplay>
                <IsMonitor>true</IsMonitor>
                <IsEdit>false</IsEdit>
                <DefaultMonitorFreq>min5</DefaultMonitorFreq>
                <SupportMonitorFreq>min1,min5,min10,min30,hour1,hour4,hour8</SupportMonitorFreq>
                <IsAlert>false</IsAlert>
                <DefaultFlapping>1</DefaultFlapping>
                <Thresholds>
                    <Threshold operator="&lt;" defaultvalue="400" stateid="Normal"/>
                    <Threshold operator="&gt;=" defaultvalue="400" stateid="Minor"/>
                    <Threshold operator="&gt;=" defaultvalue="500" stateid="Major"/>
                </Thresholds>
            </Metric>
            <Metric id="curSessionCount" style="InformationMetric" name="会话数" description="会话数" unit="个">
                <IsDisplay displayOrder="401400046">true</IsDisplay>
                <IsMonitor>true</IsMonitor>
                <IsEdit>false</IsEdit>
                <DefaultMonitorFreq>day1</DefaultMonitorFreq>
                <SupportMonitorFreq>hour1,day1</SupportMonitorFreq>
                <IsAlert>false</IsAlert>
                <DefaultFlapping>1</DefaultFlapping>
            </Metric>
            <Metric id="CacheUseCount" style="InformationMetric" name="高速缓存对象使用速率" description="高速缓存对象使用速率" unit="次">
                <IsDisplay displayOrder="401400450">true</IsDisplay>
                <IsMonitor>true</IsMonitor>
                <IsEdit>false</IsEdit>
                <DefaultMonitorFreq>day1</DefaultMonitorFreq>
                <SupportMonitorFreq>hour1,day1</SupportMonitorFreq>
                <IsAlert>false</IsAlert>
                <DefaultFlapping>1</DefaultFlapping>
            </Metric>
            <Metric id="IOCpuUsage" style="PerformanceMetric" name="IO操作占用CPU资源百分比" description="IO操作占用CPU资源百分比" unit="%">
                <IsDisplay displayOrder="401400470">true</IsDisplay>
                <IsMonitor>true</IsMonitor>
                <IsEdit>false</IsEdit>
                <DefaultMonitorFreq>min5</DefaultMonitorFreq>
                <SupportMonitorFreq>min1,min5,min10,min30,hour1,hour4,hour8</SupportMonitorFreq>
                <IsAlert>false</IsAlert>
                <DefaultFlapping>1</DefaultFlapping>
                <Thresholds>
                    <Threshold operator="&lt;" defaultvalue="90" stateid="Normal"/>
                    <Threshold operator="&gt;=" defaultvalue="90" stateid="Minor"/>
                    <Threshold operator="&gt;=" defaultvalue="95" stateid="Major"/>
                </Thresholds>
            </Metric>
            <Metric id="BusyCpuUsage" style="PerformanceMetric" name="CPU繁忙时间百分比" description="CPU繁忙时间百分比" unit="%">
                <IsDisplay displayOrder="401400481">true</IsDisplay>
                <IsMonitor>true</IsMonitor>
                <IsEdit>false</IsEdit>
                <DefaultMonitorFreq>min5</DefaultMonitorFreq>
                <SupportMonitorFreq>min1,min5,min10,min30,hour1,hour4,hour8</SupportMonitorFreq>
                <IsAlert>false</IsAlert>
                <DefaultFlapping>1</DefaultFlapping>
                <Thresholds>
                    <Threshold operator="&lt;" defaultvalue="90" stateid="Normal"/>
                    <Threshold operator="&gt;=" defaultvalue="90" stateid="Minor"/>
                    <Threshold operator="&gt;=" defaultvalue="95" stateid="Major"/>
                </Thresholds>
            </Metric>
            <Metric id="IdleCpuUsage" style="PerformanceMetric" name="CPU空闲时间百分比" description="CPU空闲时间百分比" unit="%">
                <IsDisplay displayOrder="401400480">true</IsDisplay>
                <IsMonitor>true</IsMonitor>
                <IsEdit>false</IsEdit>
                <DefaultMonitorFreq>min5</DefaultMonitorFreq>
                <SupportMonitorFreq>min1,min5,min10,min30,hour1,hour4,hour8</SupportMonitorFreq>
                <IsAlert>false</IsAlert>
                <DefaultFlapping>1</DefaultFlapping>
                <Thresholds>
                    <Threshold operator="&lt;" defaultvalue="100" stateid="Normal"/>
                    <Threshold operator="&lt;" defaultvalue="10" stateid="Minor"/>
                    <Threshold operator="&lt;" defaultvalue="5" stateid="Major"/>
                </Thresholds>
            </Metric>
            <Metric id="OptMemSize" style="InformationMetric" name="优化器内存" description="优化器内存" unit="KB">
                <IsDisplay displayOrder="401500021">true</IsDisplay>
                <IsMonitor>true</IsMonitor>
                <IsEdit>false</IsEdit>
                <DefaultMonitorFreq>day1</DefaultMonitorFreq>
                <SupportMonitorFreq>hour1,day1</SupportMonitorFreq>
                <IsAlert>false</IsAlert>
                <DefaultFlapping>1</DefaultFlapping>
            </Metric>
            <Metric id="dbBufferCacheSize" style="InformationMetric" name="高速缓冲池" description="高速缓冲池" unit="KB">
                <IsDisplay displayOrder="401500030">true</IsDisplay>
                <IsMonitor>true</IsMonitor>
                <IsEdit>false</IsEdit>
                <DefaultMonitorFreq>day1</DefaultMonitorFreq>
                <SupportMonitorFreq>hour1,day1</SupportMonitorFreq>
                <IsAlert>false</IsAlert>
                <DefaultFlapping>1</DefaultFlapping>
            </Metric>
            <Metric id="numberOfDatabase" style="InformationMetric" name="数据库个数" description="数据库个数" unit="个">
                <IsDisplay displayOrder="401600081">true</IsDisplay>
                <IsMonitor>true</IsMonitor>
                <IsEdit>false</IsEdit>
                <DefaultMonitorFreq>day1</DefaultMonitorFreq>
                <SupportMonitorFreq>hour1,day1</SupportMonitorFreq>
                <IsAlert>false</IsAlert>
                <DefaultFlapping>1</DefaultFlapping>
            </Metric>
            <Metric id="Version" style="InformationMetric" name="数据库版本" description="数据库版本" unit="">
                <IsDisplay displayOrder="401600030">true</IsDisplay>
                <IsMonitor>true</IsMonitor>
                <IsEdit>false</IsEdit>
                <DefaultMonitorFreq>day1</DefaultMonitorFreq>
                <SupportMonitorFreq>hour1,day1</SupportMonitorFreq>
                <IsAlert>false</IsAlert>
                <DefaultFlapping>1</DefaultFlapping>
            </Metric>
            <Metric id="PatchVersion" style="InformationMetric" name="补丁版本" description="补丁版本" unit="">
                <IsDisplay displayOrder="401600101">true</IsDisplay>
                <IsMonitor>true</IsMonitor>
                <IsEdit>false</IsEdit>
                <DefaultMonitorFreq>day1</DefaultMonitorFreq>
                <SupportMonitorFreq>hour1,day1</SupportMonitorFreq>
                <IsAlert>false</IsAlert>
                <DefaultFlapping>1</DefaultFlapping>
            </Metric>
            <Metric id="ActiveMemSize" style="InformationMetric" name="服务器动态内存总量" description="服务器动态内存总量" unit="KB">
                <IsDisplay displayOrder="499900025">true</IsDisplay>
                <IsMonitor>true</IsMonitor>
                <IsEdit>false</IsEdit>
                <DefaultMonitorFreq>day1</DefaultMonitorFreq>
                <SupportMonitorFreq>hour1,day1</SupportMonitorFreq>
                <IsAlert>false</IsAlert>
                <DefaultFlapping>1</DefaultFlapping>
            </Metric>
            <Metric id="installDirectory" style="InformationMetric" name="安装目录" description="安装目录" unit="">
                <IsDisplay displayOrder="401600051">true</IsDisplay>
                <IsMonitor>true</IsMonitor>
                <IsEdit>false</IsEdit>
                <DefaultMonitorFreq>day1</DefaultMonitorFreq>
                <SupportMonitorFreq>hour1,day1</SupportMonitorFreq>
                <IsAlert>false</IsAlert>
                <DefaultFlapping>1</DefaultFlapping>
            </Metric>
            <Metric id="ProductName" style="InformationMetric" name="产品名称" description="产品名称" unit="">
                <IsDisplay displayOrder="401600061">true</IsDisplay>
                <IsMonitor>true</IsMonitor>
                <IsEdit>false</IsEdit>
                <DefaultMonitorFreq>day1</DefaultMonitorFreq>
                <SupportMonitorFreq>hour1,day1</SupportMonitorFreq>
                <IsAlert>false</IsAlert>
                <DefaultFlapping>1</DefaultFlapping>
            </Metric>
            <Metric id="LockMemSize" style="InformationMetric" name="锁内存" description="锁内存" unit="KB">
                <IsDisplay displayOrder="401500071">true</IsDisplay>
                <IsMonitor>true</IsMonitor>
                <IsEdit>false</IsEdit>
                <DefaultMonitorFreq>day1</DefaultMonitorFreq>
                <SupportMonitorFreq>hour1,day1</SupportMonitorFreq>
                <IsAlert>false</IsAlert>
                <DefaultFlapping>1</DefaultFlapping>
            </Metric>
            <Metric id="maxConnCount" style="InformationMetric" name="最大连接数" description="最大连接数" unit="个">
                <IsDisplay displayOrder="401590034">true</IsDisplay>
                <IsMonitor>true</IsMonitor>
                <IsEdit>false</IsEdit>
                <DefaultMonitorFreq>day1</DefaultMonitorFreq>
                <SupportMonitorFreq>hour1,day1</SupportMonitorFreq>
                <IsAlert>false</IsAlert>
                <DefaultFlapping>1</DefaultFlapping>
            </Metric>
            <Metric id="AuthMode" style="InformationMetric" name="验证模式" description="验证模式" unit="">
                <IsDisplay displayOrder="401600081">true</IsDisplay>
                <IsMonitor>true</IsMonitor>
                <IsEdit>false</IsEdit>
                <DefaultMonitorFreq>day1</DefaultMonitorFreq>
                <SupportMonitorFreq>hour1,day1</SupportMonitorFreq>
                <IsAlert>false</IsAlert>
                <DefaultFlapping>1</DefaultFlapping>
            </Metric>
            <Metric id="UserRole" style="InformationMetric" name="数据库用户角色" description="数据库用户角色" unit="" isTable="true">
                <IsDisplay displayOrder="401600091">true</IsDisplay>
                <IsMonitor>true</IsMonitor>
                <IsEdit>false</IsEdit>
                <DefaultMonitorFreq>day1</DefaultMonitorFreq>
                <SupportMonitorFreq>hour1,day1</SupportMonitorFreq>
                <IsAlert>false</IsAlert>
                <DefaultFlapping>1</DefaultFlapping>
            </Metric>
            <Metric id="LockInfo" style="InformationMetric" name="锁信息" description="锁信息" unit="" isTable="true">
                <IsDisplay displayOrder="499900013">false</IsDisplay>
                <IsMonitor>false</IsMonitor>
                <IsEdit>false</IsEdit>
                <DefaultMonitorFreq>day1</DefaultMonitorFreq>
                <SupportMonitorFreq>hour1,day1</SupportMonitorFreq>
                <IsAlert>false</IsAlert>
                <DefaultFlapping>1</DefaultFlapping>
            </Metric>
            <!--
            <Metric id="DeadLockInfo" style="InformationMetric" name="死锁信息" description="死锁信息" unit="" isTable="true">
              <IsDisplay displayOrder="499900014">true</IsDisplay>
              <IsMonitor>true</IsMonitor>
              <IsEdit>false</IsEdit>
              <DefaultMonitorFreq>day1</DefaultMonitorFreq>
              <SupportMonitorFreq>hour1,day1</SupportMonitorFreq>
              <IsAlert>false</IsAlert>
              <DefaultFlapping>1</DefaultFlapping>
            </Metric>
            -->
            <Metric id="cacheHitRate" style="PerformanceMetric" name="缓存命中率" description="缓存命中率" unit="%">
                <IsDisplay displayOrder="401400118">true</IsDisplay>
                <IsMonitor>true</IsMonitor>
                <IsEdit>false</IsEdit>
                <DefaultMonitorFreq>min5</DefaultMonitorFreq>
                <SupportMonitorFreq>min1,min5,min10,min30,hour1,hour4,hour8</SupportMonitorFreq>
                <IsAlert>false</IsAlert>
                <DefaultFlapping>1</DefaultFlapping>
                <Thresholds>
                    <Threshold operator="&gt;" defaultvalue="95" stateid="Normal"/>
                    <Threshold operator="&lt;=" defaultvalue="95" stateid="Minor"/>
                    <Threshold operator="&lt;=" defaultvalue="85" stateid="Major"/>
                </Thresholds>
            </Metric>
            <Metric id="CachePageCount" style="PerformanceMetric" name="高速缓存页数" description="高速缓存页数" unit="页">
                <IsDisplay displayOrder="401400044">true</IsDisplay>
                <IsMonitor>true</IsMonitor>
                <IsEdit>false</IsEdit>
                <DefaultMonitorFreq>min5</DefaultMonitorFreq>
                <SupportMonitorFreq>min1,min5,min10,min30,hour1,hour4,hour8</SupportMonitorFreq>
                <IsAlert>false</IsAlert>
                <DefaultFlapping>1</DefaultFlapping>
                <Thresholds>
                    <Threshold operator="&lt;=" defaultvalue="400" stateid="Normal"/>
                    <Threshold operator="&gt;" defaultvalue="400" stateid="Minor"/>
                    <Threshold operator="&gt;" defaultvalue="500" stateid="Major"/>
                </Thresholds>
            </Metric>
            <Metric id="CacheObjectCount" style="PerformanceMetric" name="高速缓存对象计数" description="高速缓存对象计数" unit="个">
                <IsDisplay displayOrder="401400048">true</IsDisplay>
                <IsMonitor>true</IsMonitor>
                <IsEdit>false</IsEdit>
                <DefaultMonitorFreq>min5</DefaultMonitorFreq>
                <SupportMonitorFreq>min1,min5,min10,min30,hour1,hour4,hour8</SupportMonitorFreq>
                <IsAlert>false</IsAlert>
                <DefaultFlapping>1</DefaultFlapping>
                <Thresholds>
                    <Threshold operator="&lt;=" defaultvalue="100" stateid="Normal"/>
                    <Threshold operator="&gt;" defaultvalue="100" stateid="Minor"/>
                    <Threshold operator="&gt;" defaultvalue="200" stateid="Major"/>
                </Thresholds>
            </Metric>
            <Metric id="userConnCount" style="PerformanceMetric" name="用户连接数" description="用户连接数" unit="个">
                <IsDisplay displayOrder="401400061">true</IsDisplay>
                <IsMonitor>true</IsMonitor>
                <IsEdit>false</IsEdit>
                <DefaultMonitorFreq>min5</DefaultMonitorFreq>
                <SupportMonitorFreq>min1,min5,min10,min30,hour1,hour4,hour8</SupportMonitorFreq>
                <IsAlert>false</IsAlert>
                <DefaultFlapping>1</DefaultFlapping>
                <Thresholds>
                    <Threshold operator="&lt;=" defaultvalue="200" stateid="Normal"/>
                    <Threshold operator="&gt;" defaultvalue="200" stateid="Minor"/>
                    <Threshold operator="&gt;" defaultvalue="300" stateid="Major"/>
                </Thresholds>
            </Metric>
            <Metric id="UserConnRatio" style="PerformanceMetric" name="用户连接比率" description="用户连接比率" unit="%">
                <IsDisplay displayOrder="401400062">true</IsDisplay>
                <IsMonitor>true</IsMonitor>
                <IsEdit>false</IsEdit>
                <DefaultMonitorFreq>min5</DefaultMonitorFreq>
                <SupportMonitorFreq>min1,min5,min10,min30,hour1,hour4,hour8</SupportMonitorFreq>
                <IsAlert>false</IsAlert>
                <DefaultFlapping>1</DefaultFlapping>
                <Thresholds>
                    <Threshold operator="&lt;" defaultvalue="90" stateid="Normal"/>
                    <Threshold operator="&gt;=" defaultvalue="90" stateid="Minor"/>
                    <Threshold operator="&gt;=" defaultvalue="95" stateid="Major"/>
                </Thresholds>
            </Metric>
            <Metric id="LoginRate" style="PerformanceMetric" name="每秒注册数" description="每秒注册数" unit="次/秒">
                <IsDisplay displayOrder="401400081">true</IsDisplay>
                <IsMonitor>true</IsMonitor>
                <IsEdit>false</IsEdit>
                <DefaultMonitorFreq>min5</DefaultMonitorFreq>
                <SupportMonitorFreq>min1,min5,min10,min30,hour1,hour4,hour8</SupportMonitorFreq>
                <IsAlert>false</IsAlert>
                <DefaultFlapping>1</DefaultFlapping>
                <Thresholds>
                    <Threshold operator="&lt;=" defaultvalue="20" stateid="Normal"/>
                    <Threshold operator="&gt;" defaultvalue="20" stateid="Minor"/>
                    <Threshold operator="&gt;" defaultvalue="30" stateid="Major"/>
                </Thresholds>
            </Metric>
            <Metric id="LogoutRate" style="PerformanceMetric" name="每秒注销数" description="每秒注销数" unit="次/秒">
                <IsDisplay displayOrder="401400091">true</IsDisplay>
                <IsMonitor>true</IsMonitor>
                <IsEdit>false</IsEdit>
                <DefaultMonitorFreq>min5</DefaultMonitorFreq>
                <SupportMonitorFreq>min1,min5,min10,min30,hour1,hour4,hour8</SupportMonitorFreq>
                <IsAlert>false</IsAlert>
                <DefaultFlapping>1</DefaultFlapping>
                <Thresholds>
                    <Threshold operator="&lt;=" defaultvalue="20" stateid="Normal"/>
                    <Threshold operator="&gt;" defaultvalue="20" stateid="Minor"/>
                    <Threshold operator="&gt;" defaultvalue="30" stateid="Major"/>
                </Thresholds>
            </Metric>
            <Metric id="BlockedProCount" style="PerformanceMetric" name="阻塞进程数" description="阻塞进程数" unit="个">
                <IsDisplay displayOrder="401400101">true</IsDisplay>
                <IsMonitor>true</IsMonitor>
                <IsEdit>false</IsEdit>
                <DefaultMonitorFreq>min5</DefaultMonitorFreq>
                <SupportMonitorFreq>min1,min5,min10,min30,hour1,hour4,hour8</SupportMonitorFreq>
                <IsAlert>false</IsAlert>
                <DefaultFlapping>1</DefaultFlapping>
                <Thresholds>
                    <Threshold operator="&lt;=" defaultvalue="5" stateid="Normal"/>
                    <Threshold operator="&gt;" defaultvalue="5" stateid="Minor"/>
                    <Threshold operator="&gt;" defaultvalue="10" stateid="Major"/>
                </Thresholds>
            </Metric>
            <Metric id="deadLockCount" style="PerformanceMetric" name="死锁数量" description="死锁数量" unit="个">
                <IsDisplay displayOrder="401400130">true</IsDisplay>
                <IsMonitor>true</IsMonitor>
                <IsEdit>false</IsEdit>
                <DefaultMonitorFreq>min5</DefaultMonitorFreq>
                <SupportMonitorFreq>min1,min5,min10,min30,hour1,hour4,hour8</SupportMonitorFreq>
                <IsAlert>false</IsAlert>
                <DefaultFlapping>1</DefaultFlapping>
                <Thresholds>
                    <Threshold operator="&lt;" defaultvalue="10" stateid="Normal"/>
                    <Threshold operator="&gt;=" defaultvalue="10" stateid="Minor"/>
                    <Threshold operator="&gt;=" defaultvalue="20" stateid="Major"/>
                </Thresholds>
            </Metric>
            <Metric id="TransactionRate" style="PerformanceMetric" name="每秒事务数" description="每秒事务数" unit="个">
                <IsDisplay displayOrder="401400121">true</IsDisplay>
                <IsMonitor>true</IsMonitor>
                <IsEdit>false</IsEdit>
                <DefaultMonitorFreq>min5</DefaultMonitorFreq>
                <SupportMonitorFreq>min1,min5,min10,min30,hour1,hour4,hour8</SupportMonitorFreq>
                <IsAlert>false</IsAlert>
                <DefaultFlapping>1</DefaultFlapping>
                <Thresholds>
                    <Threshold operator="&lt;=" defaultvalue="100" stateid="Normal"/>
                    <Threshold operator="&gt;" defaultvalue="100" stateid="Minor"/>
                    <Threshold operator="&gt;" defaultvalue="200" stateid="Major"/>
                </Thresholds>
            </Metric>
            <Metric id="ActiveTransRate" style="PerformanceMetric" name="活动事务数" description="活动事务数" unit="个">
                <IsDisplay displayOrder="401400131">true</IsDisplay>
                <IsMonitor>true</IsMonitor>
                <IsEdit>false</IsEdit>
                <DefaultMonitorFreq>min5</DefaultMonitorFreq>
                <SupportMonitorFreq>min1,min5,min10,min30,hour1,hour4,hour8</SupportMonitorFreq>
                <IsAlert>false</IsAlert>
                <DefaultFlapping>1</DefaultFlapping>
                <Thresholds>
                    <Threshold operator="&lt;=" defaultvalue="10" stateid="Normal"/>
                    <Threshold operator="&gt;" defaultvalue="10" stateid="Minor"/>
                    <Threshold operator="&gt;" defaultvalue="20" stateid="Major"/>
                </Thresholds>
            </Metric>
            <Metric id="SQLReCompileRate" style="PerformanceMetric" name="每分SQL重新编译数" description="每分SQL重新编译数" unit="次/分钟">
                <IsDisplay displayOrder="401400141">true</IsDisplay>
                <IsMonitor>true</IsMonitor>
                <IsEdit>false</IsEdit>
                <DefaultMonitorFreq>min5</DefaultMonitorFreq>
                <SupportMonitorFreq>min1,min5,min10,min30,hour1,hour4,hour8</SupportMonitorFreq>
                <IsAlert>false</IsAlert>
                <DefaultFlapping>1</DefaultFlapping>
                <Thresholds>
                    <Threshold operator="&lt;=" defaultvalue="50" stateid="Normal"/>
                    <Threshold operator="&gt;" defaultvalue="50" stateid="Minor"/>
                    <Threshold operator="&gt;" defaultvalue="100" stateid="Major"/>
                </Thresholds>
            </Metric>
            <Metric id="BatchRequestRate" style="PerformanceMetric" name="每分收到的 Transact-SQL 命令批数" description="每分收到的 Transact-SQL 命令批数" unit="次/分钟">
                <IsDisplay displayOrder="401400151">true</IsDisplay>
                <IsMonitor>true</IsMonitor>
                <IsEdit>false</IsEdit>
                <DefaultMonitorFreq>min5</DefaultMonitorFreq>
                <SupportMonitorFreq>min1,min5,min10,min30,hour1,hour4,hour8</SupportMonitorFreq>
                <IsAlert>false</IsAlert>
                <DefaultFlapping>1</DefaultFlapping>
                <Thresholds>
                    <Threshold operator="&lt;=" defaultvalue="50" stateid="Normal"/>
                    <Threshold operator="&gt;" defaultvalue="50" stateid="Minor"/>
                    <Threshold operator="&gt;" defaultvalue="100" stateid="Major"/>
                </Thresholds>
            </Metric>
            <Metric id="SQLCompileRate" style="PerformanceMetric" name="每分SQL编译数" description="每分SQL编译数" unit="次/分钟">
                <IsDisplay displayOrder="401400161">true</IsDisplay>
                <IsMonitor>true</IsMonitor>
                <IsEdit>false</IsEdit>
                <DefaultMonitorFreq>min5</DefaultMonitorFreq>
                <SupportMonitorFreq>min1,min5,min10,min30,hour1,hour4,hour8</SupportMonitorFreq>
                <IsAlert>false</IsAlert>
                <DefaultFlapping>1</DefaultFlapping>
                <Thresholds>
                    <Threshold operator="&lt;=" defaultvalue="50" stateid="Normal"/>
                    <Threshold operator="&gt;" defaultvalue="50" stateid="Minor"/>
                    <Threshold operator="&gt;" defaultvalue="100" stateid="Major"/>
                </Thresholds>
            </Metric>
            <Metric id="PageReadRate" style="PerformanceMetric" name="页读速率" description="页读速率" unit="页/秒">
                <IsDisplay displayOrder="401400171">true</IsDisplay>
                <IsMonitor>true</IsMonitor>
                <IsEdit>false</IsEdit>
                <DefaultMonitorFreq>min5</DefaultMonitorFreq>
                <SupportMonitorFreq>min1,min5,min10,min30,hour1,hour4,hour8</SupportMonitorFreq>
                <IsAlert>false</IsAlert>
                <DefaultFlapping>1</DefaultFlapping>
                <Thresholds>
                    <Threshold operator="&lt;=" defaultvalue="100" stateid="Normal"/>
                    <Threshold operator="&gt;" defaultvalue="100" stateid="Minor"/>
                    <Threshold operator="&gt;" defaultvalue="200" stateid="Major"/>
                </Thresholds>
            </Metric>
            <Metric id="PageWriteRate" style="PerformanceMetric" name="页写速率" description="页写速率" unit="页/秒">
                <IsDisplay displayOrder="401400181">true</IsDisplay>
                <IsMonitor>true</IsMonitor>
                <IsEdit>false</IsEdit>
                <DefaultMonitorFreq>min5</DefaultMonitorFreq>
                <SupportMonitorFreq>min1,min5,min10,min30,hour1,hour4,hour8</SupportMonitorFreq>
                <IsAlert>false</IsAlert>
                <DefaultFlapping>1</DefaultFlapping>
                <Thresholds>
                    <Threshold operator="&lt;=" defaultvalue="100" stateid="Normal"/>
                    <Threshold operator="&gt;" defaultvalue="100" stateid="Minor"/>
                    <Threshold operator="&gt;" defaultvalue="200" stateid="Major"/>
                </Thresholds>
            </Metric>
            <Metric id="ConnMemory" style="InformationMetric" name="维护连接状态的动态内存" description="维护连接状态的动态内存" unit="KB">
                <IsDisplay displayOrder="401400069">true</IsDisplay>
                <IsMonitor>true</IsMonitor>
                <IsEdit>false</IsEdit>
                <DefaultMonitorFreq>day1</DefaultMonitorFreq>
                <SupportMonitorFreq>hour1,day1</SupportMonitorFreq>
                <IsAlert>false</IsAlert>
                <DefaultFlapping>1</DefaultFlapping>
            </Metric>
            <Metric id="PackegeError" style="InformationMetric" name="数据库读写错误" description="数据库读写错误" unit="次/秒">
                <IsDisplay displayOrder="401400119">true</IsDisplay>
                <IsMonitor>true</IsMonitor>
                <IsEdit>false</IsEdit>
                <DefaultMonitorFreq>day1</DefaultMonitorFreq>
                <SupportMonitorFreq>hour1,day1</SupportMonitorFreq>
                <IsAlert>false</IsAlert>
                <DefaultFlapping>1</DefaultFlapping>
            </Metric>
            <Metric id="lockRequireRate" style="InformationMetric" name="锁请求率" description="锁请求率" unit="次/秒">
                <IsDisplay displayOrder="401400066">true</IsDisplay>
                <IsMonitor>true</IsMonitor>
                <IsEdit>false</IsEdit>
                <DefaultMonitorFreq>day1</DefaultMonitorFreq>
                <SupportMonitorFreq>hour1,day1</SupportMonitorFreq>
                <IsAlert>false</IsAlert>
                <DefaultFlapping>1</DefaultFlapping>
            </Metric>
            <Metric id="dblockReqRate" style="InformationMetric" name="数据库锁请求率" description="数据库锁请求率" unit="次/秒">
                <IsDisplay displayOrder="401400066">true</IsDisplay>
                <IsMonitor>true</IsMonitor>
                <IsEdit>false</IsEdit>
                <DefaultMonitorFreq>day1</DefaultMonitorFreq>
                <SupportMonitorFreq>hour1,day1</SupportMonitorFreq>
                <IsAlert>false</IsAlert>
                <DefaultFlapping>1</DefaultFlapping>
            </Metric>
            <Metric id="extlockReqRate" style="InformationMetric" name="扩展锁请求率" description="扩展锁请求率" unit="次/秒">
                <IsDisplay displayOrder="401400068">true</IsDisplay>
                <IsMonitor>true</IsMonitor>
                <IsEdit>false</IsEdit>
                <DefaultMonitorFreq>day1</DefaultMonitorFreq>
                <SupportMonitorFreq>hour1,day1</SupportMonitorFreq>
                <IsAlert>false</IsAlert>
                <DefaultFlapping>1</DefaultFlapping>
            </Metric>
            <Metric id="majorlockReqRate" style="InformationMetric" name="关键锁请求率" description="关键锁请求率" unit="次/秒">
                <IsDisplay displayOrder="401400069">true</IsDisplay>
                <IsMonitor>true</IsMonitor>
                <IsEdit>false</IsEdit>
                <DefaultMonitorFreq>day1</DefaultMonitorFreq>
                <SupportMonitorFreq>hour1,day1</SupportMonitorFreq>
                <IsAlert>false</IsAlert>
                <DefaultFlapping>1</DefaultFlapping>
            </Metric>
            <Metric id="pagelockReqRate" style="InformationMetric" name="页面锁请求率" description="页面锁请求率" unit="次/秒">
                <IsDisplay displayOrder="401400070">true</IsDisplay>
                <IsMonitor>true</IsMonitor>
                <IsEdit>false</IsEdit>
                <DefaultMonitorFreq>day1</DefaultMonitorFreq>
                <SupportMonitorFreq>hour1,day1</SupportMonitorFreq>
                <IsAlert>false</IsAlert>
                <DefaultFlapping>1</DefaultFlapping>
            </Metric>
            <Metric id="ridlockReqRate" style="InformationMetric" name="行ID锁请求率" description="行ID锁请求率" unit="次/秒">
                <IsDisplay displayOrder="401400071">true</IsDisplay>
                <IsMonitor>true</IsMonitor>
                <IsEdit>false</IsEdit>
                <DefaultMonitorFreq>day1</DefaultMonitorFreq>
                <SupportMonitorFreq>hour1,day1</SupportMonitorFreq>
                <IsAlert>false</IsAlert>
                <DefaultFlapping>1</DefaultFlapping>
            </Metric>
            <Metric id="dblockwaittime" style="InformationMetric" name="数据库锁平均等待时间" description="数据库锁平均等待时间" unit="ms">
                <IsDisplay displayOrder="402000067">true</IsDisplay>
                <IsMonitor>true</IsMonitor>
                <IsEdit>false</IsEdit>
                <DefaultMonitorFreq>day1</DefaultMonitorFreq>
                <SupportMonitorFreq>hour1,day1</SupportMonitorFreq>
                <IsAlert>false</IsAlert>
                <DefaultFlapping>1</DefaultFlapping>
            </Metric>
            <Metric id="extlockwaittime" style="InformationMetric" name="扩展锁平均等待时间" description="扩展锁平均等待时间" unit="ms">
                <IsDisplay displayOrder="402000068">true</IsDisplay>
                <IsMonitor>true</IsMonitor>
                <IsEdit>false</IsEdit>
                <DefaultMonitorFreq>day1</DefaultMonitorFreq>
                <SupportMonitorFreq>hour1,day1</SupportMonitorFreq>
                <IsAlert>false</IsAlert>
                <DefaultFlapping>1</DefaultFlapping>
            </Metric>
            <Metric id="majorlockwaittime" style="InformationMetric" name="关键锁平均等待时间" description="关键锁平均等待时间" unit="ms">
                <IsDisplay displayOrder="402000069">true</IsDisplay>
                <IsMonitor>true</IsMonitor>
                <IsEdit>false</IsEdit>
                <DefaultMonitorFreq>day1</DefaultMonitorFreq>
                <SupportMonitorFreq>hour1,day1</SupportMonitorFreq>
                <IsAlert>false</IsAlert>
                <DefaultFlapping>1</DefaultFlapping>
            </Metric>
            <Metric id="pagelockwaittime" style="InformationMetric" name="页面锁平均等待时间" description="页面锁平均等待时间" unit="ms">
                <IsDisplay displayOrder="402000070">true</IsDisplay>
                <IsMonitor>true</IsMonitor>
                <IsEdit>false</IsEdit>
                <DefaultMonitorFreq>day1</DefaultMonitorFreq>
                <SupportMonitorFreq>hour1,day1</SupportMonitorFreq>
                <IsAlert>false</IsAlert>
                <DefaultFlapping>1</DefaultFlapping>
            </Metric>
            <Metric id="ridlockwaittime" style="InformationMetric" name="行ID锁平均等待时间" description="行ID锁平均等待时间" unit="ms">
                <IsDisplay displayOrder="402000071">true</IsDisplay>
                <IsMonitor>true</IsMonitor>
                <IsEdit>false</IsEdit>
                <DefaultMonitorFreq>day1</DefaultMonitorFreq>
                <SupportMonitorFreq>hour1,day1</SupportMonitorFreq>
                <IsAlert>false</IsAlert>
                <DefaultFlapping>1</DefaultFlapping>
            </Metric>
            <Metric id="dblockReqWait" style="PerformanceMetric" name="数据库锁请求等待百分比" description="数据库锁请求等待百分比" unit="%">
                <IsDisplay displayOrder="401400073">true</IsDisplay>
                <IsMonitor>true</IsMonitor>
                <IsEdit>false</IsEdit>
                <DefaultMonitorFreq>min5</DefaultMonitorFreq>
                <SupportMonitorFreq>min1,min5,min10,min30,hour1,hour4,hour8</SupportMonitorFreq>
                <IsAlert>false</IsAlert>
                <DefaultFlapping>1</DefaultFlapping>
                <Thresholds>
                    <Threshold operator="&lt;" defaultvalue="90" stateid="Normal"/>
                    <Threshold operator="&gt;=" defaultvalue="90" stateid="Minor"/>
                    <Threshold operator="&gt;=" defaultvalue="95" stateid="Major"/>
                </Thresholds>
            </Metric>
            <Metric id="extlockReqWait" style="PerformanceMetric" name="扩展锁请求等待百分比" description="扩展锁请求等待百分比" unit="%">
                <IsDisplay displayOrder="401400074">true</IsDisplay>
                <IsMonitor>true</IsMonitor>
                <IsEdit>false</IsEdit>
                <DefaultMonitorFreq>min5</DefaultMonitorFreq>
                <SupportMonitorFreq>min1,min5,min10,min30,hour1,hour4,hour8</SupportMonitorFreq>
                <IsAlert>false</IsAlert>
                <DefaultFlapping>1</DefaultFlapping>
                <Thresholds>
                    <Threshold operator="&lt;" defaultvalue="90" stateid="Normal"/>
                    <Threshold operator="&gt;=" defaultvalue="90" stateid="Minor"/>
                    <Threshold operator="&gt;=" defaultvalue="95" stateid="Major"/>
                </Thresholds>
            </Metric>
            <Metric id="majorlockReqWait" style="PerformanceMetric" name="关键锁请求等待百分比" description="关键锁请求等待百分比" unit="%">
                <IsDisplay displayOrder="401400075">true</IsDisplay>
                <IsMonitor>true</IsMonitor>
                <IsEdit>false</IsEdit>
                <DefaultMonitorFreq>min5</DefaultMonitorFreq>
                <SupportMonitorFreq>min1,min5,min10,min30,hour1,hour4,hour8</SupportMonitorFreq>
                <IsAlert>false</IsAlert>
                <DefaultFlapping>1</DefaultFlapping>
                <Thresholds>
                    <Threshold operator="&lt;" defaultvalue="90" stateid="Normal"/>
                    <Threshold operator="&gt;=" defaultvalue="90" stateid="Minor"/>
                    <Threshold operator="&gt;=" defaultvalue="95" stateid="Major"/>
                </Thresholds>
            </Metric>
            <Metric id="pagelockReqWait" style="PerformanceMetric" name="页面锁请求等待百分比" description="页面锁请求等待百分比" unit="%">
                <IsDisplay displayOrder="401400076">true</IsDisplay>
                <IsMonitor>true</IsMonitor>
                <IsEdit>false</IsEdit>
                <DefaultMonitorFreq>min5</DefaultMonitorFreq>
                <SupportMonitorFreq>min1,min5,min10,min30,hour1,hour4,hour8</SupportMonitorFreq>
                <IsAlert>false</IsAlert>
                <DefaultFlapping>1</DefaultFlapping>
                <Thresholds>
                    <Threshold operator="&lt;" defaultvalue="90" stateid="Normal"/>
                    <Threshold operator="&gt;=" defaultvalue="90" stateid="Minor"/>
                    <Threshold operator="&gt;=" defaultvalue="95" stateid="Major"/>
                </Thresholds>
            </Metric>
            <Metric id="ridlockReqWait" style="PerformanceMetric" name="行ID锁请求等待百分比" description="行ID锁请求等待百分比" unit="%">
                <IsDisplay displayOrder="401400077">true</IsDisplay>
                <IsMonitor>true</IsMonitor>
                <IsEdit>false</IsEdit>
                <DefaultMonitorFreq>min5</DefaultMonitorFreq>
                <SupportMonitorFreq>min1,min5,min10,min30,hour1,hour4,hour8</SupportMonitorFreq>
                <IsAlert>false</IsAlert>
                <DefaultFlapping>1</DefaultFlapping>
                <Thresholds>
                    <Threshold operator="&lt;" defaultvalue="90" stateid="Normal"/>
                    <Threshold operator="&gt;=" defaultvalue="90" stateid="Minor"/>
                    <Threshold operator="&gt;=" defaultvalue="95" stateid="Major"/>
                </Thresholds>
            </Metric>
            <Metric id="curLockCount" style="InformationMetric" name="锁数量" description="锁数量" unit="个">
                <IsDisplay displayOrder="401400120">true</IsDisplay>
                <IsMonitor>true</IsMonitor>
                <IsEdit>false</IsEdit>
                <DefaultMonitorFreq>day1</DefaultMonitorFreq>
                <SupportMonitorFreq>hour1,day1</SupportMonitorFreq>
                <IsAlert>false</IsAlert>
                <DefaultFlapping>1</DefaultFlapping>
            </Metric>
            <Metric id="SessionInfo" style="InformationMetric" name="会话" description="会话" unit="" isTable="true">
                <IsDisplay displayOrder="499900010">false</IsDisplay>
                <IsMonitor>false</IsMonitor>
                <IsEdit>false</IsEdit>
                <DefaultMonitorFreq>day1</DefaultMonitorFreq>
                <SupportMonitorFreq>hour1,day1</SupportMonitorFreq>
                <IsAlert>false</IsAlert>
                <DefaultFlapping>1</DefaultFlapping>
            </Metric>
            <Metric id="SQLServersInstanceID" style="InformationMetric" name="资源实例ID" description="资源实例ID" unit="">
                <IsDisplay displayOrder="1500">false</IsDisplay>
                <IsMonitor>false</IsMonitor>
                <IsEdit>false</IsEdit>
                <DefaultMonitorFreq>hour1</DefaultMonitorFreq>
                <SupportMonitorFreq>hour1,day1</SupportMonitorFreq>
                <IsAlert>false</IsAlert>
                <DefaultFlapping>1</DefaultFlapping>
            </Metric>
            <Metric id="deadlockTable" style="InformationMetric" name="死锁进程表" description="死锁进程表" unit="" isTable="true">
                <IsDisplay displayOrder="1510">true</IsDisplay>
                <IsMonitor>false</IsMonitor>
                <IsEdit>false</IsEdit>
                <DefaultMonitorFreq>day1</DefaultMonitorFreq>
                <SupportMonitorFreq>hour1,day1</SupportMonitorFreq>
                <IsAlert>false</IsAlert>
                <DefaultFlapping>1</DefaultFlapping>
            </Metric>
        </Metrics>
        <Properties>
            <Property id="hostName" name="hostName" metricid="hostName"/>
            <Property id="SQLServersInstanceID" name="SQLServersInstanceID" metricid="SQLServersInstanceID"/>
        </Properties>
        <Instantiation InstanceId="SQLServersInstanceID" InstanceName="SQLServersInstanceID"/>
    </Resource>
    <Resource id="SQLServerDatabase" type="Database" icon="" name="数据库" description="数据库" parentid="SQLServer">
        <Metrics>
            <Metric id="dbdataBaseName" style="InformationMetric" name="数据库名称" description="数据库名称" unit="">
                <IsDisplay displayOrder="2004">false</IsDisplay>
                <IsMonitor>false</IsMonitor>
                <IsEdit>false</IsEdit>
                <DefaultMonitorFreq>day1</DefaultMonitorFreq>
                <SupportMonitorFreq>hour1,day1</SupportMonitorFreq>
                <IsAlert>false</IsAlert>
                <DefaultFlapping>1</DefaultFlapping>
            </Metric>
            <Metric id="dbdatabaseSpace" style="InformationMetric" name="数据库大小" description="数据库大小" unit="">
                <IsDisplay displayOrder="2005">true</IsDisplay>
                <IsMonitor>true</IsMonitor>
                <IsEdit>false</IsEdit>
                <DefaultMonitorFreq>day1</DefaultMonitorFreq>
                <SupportMonitorFreq>hour1,day1</SupportMonitorFreq>
                <IsAlert>false</IsAlert>
                <DefaultFlapping>1</DefaultFlapping>
            </Metric>
            <Metric id="dbdataFileSize" style="InformationMetric" name="数据文件大小" description="数据文件大小" unit="KB">
                <IsDisplay displayOrder="2006">true</IsDisplay>
                <IsMonitor>true</IsMonitor>
                <IsEdit>false</IsEdit>
                <DefaultMonitorFreq>day1</DefaultMonitorFreq>
                <SupportMonitorFreq>hour1,day1</SupportMonitorFreq>
                <IsAlert>false</IsAlert>
                <DefaultFlapping>1</DefaultFlapping>
            </Metric>
            <Metric id="dbLogFileSize" style="InformationMetric" name="日志文件大小" description="日志文件大小" unit="KB">
                <IsDisplay displayOrder="2007">true</IsDisplay>
                <IsMonitor>true</IsMonitor>
                <IsEdit>false</IsEdit>
                <DefaultMonitorFreq>day1</DefaultMonitorFreq>
                <SupportMonitorFreq>hour1,day1</SupportMonitorFreq>
                <IsAlert>false</IsAlert>
                <DefaultFlapping>1</DefaultFlapping>
            </Metric>
            <Metric id="dbdataFiles" style="InformationMetric" name="数据文件" description="数据文件" unit="">
                <IsDisplay displayOrder="2008">true</IsDisplay>
                <IsMonitor>true</IsMonitor>
                <IsEdit>false</IsEdit>
                <DefaultMonitorFreq>day1</DefaultMonitorFreq>
                <SupportMonitorFreq>hour1,day1</SupportMonitorFreq>
                <IsAlert>false</IsAlert>
                <DefaultFlapping>1</DefaultFlapping>
            </Metric>
            <Metric id="dbLogFiles" style="InformationMetric" name="日志文件" description="日志文件" unit="">
                <IsDisplay displayOrder="2009">true</IsDisplay>
                <IsMonitor>true</IsMonitor>
                <IsEdit>false</IsEdit>
                <DefaultMonitorFreq>day1</DefaultMonitorFreq>
                <SupportMonitorFreq>hour1,day1</SupportMonitorFreq>
                <IsAlert>false</IsAlert>
                <DefaultFlapping>1</DefaultFlapping>
            </Metric>
            <Metric id="dbLogFileUsedSize" style="InformationMetric" name="日志文件使用大小" description="日志文件使用大小" unit="KB">
                <IsDisplay displayOrder="2010">true</IsDisplay>
                <IsMonitor>true</IsMonitor>
                <IsEdit>false</IsEdit>
                <DefaultMonitorFreq>day1</DefaultMonitorFreq>
                <SupportMonitorFreq>hour1,day1</SupportMonitorFreq>
                <IsAlert>false</IsAlert>
                <DefaultFlapping>1</DefaultFlapping>
            </Metric>
            <Metric id="dbAvailability" style="AvailabilityMetric" name="数据库可用性" description="数据库可用性" unit="">
                <IsDisplay displayOrder="2000">true</IsDisplay>
                <IsMonitor>true</IsMonitor>
                <IsEdit>false</IsEdit>
                <DefaultMonitorFreq>min1</DefaultMonitorFreq>
                <SupportMonitorFreq>sec30,min1,min5,min10,min30,hour1</SupportMonitorFreq>
                <IsAlert>false</IsAlert>
                <DefaultFlapping>2</DefaultFlapping>
            </Metric>
            <Metric id="dbLogSpUtilRatio" style="PerformanceMetric" name="日志空间使用率" description="日志空间使用率" unit="%">
                <IsDisplay displayOrder="2001">true</IsDisplay>
                <IsMonitor>true</IsMonitor>
                <IsEdit>false</IsEdit>
                <DefaultMonitorFreq>min5</DefaultMonitorFreq>
                <SupportMonitorFreq>min1,min5,min10,min30,hour1,hour4,hour8</SupportMonitorFreq>
                <IsAlert>false</IsAlert>
                <DefaultFlapping>1</DefaultFlapping>
                <Thresholds>
                    <Threshold operator="&lt;" defaultvalue="90" stateid="Normal"/>
                    <Threshold operator="&gt;=" defaultvalue="90" stateid="Minor"/>
                    <Threshold operator="&gt;=" defaultvalue="95" stateid="Major"/>
                </Thresholds>
            </Metric>
            <Metric id="dbTransCount" style="PerformanceMetric" name="每秒事务数" description="每秒事务数" unit="个">
                <IsDisplay displayOrder="2002">true</IsDisplay>
                <IsMonitor>true</IsMonitor>
                <IsEdit>false</IsEdit>
                <DefaultMonitorFreq>min5</DefaultMonitorFreq>
                <SupportMonitorFreq>min1,min5,min10,min30,hour1,hour4,hour8</SupportMonitorFreq>
                <IsAlert>false</IsAlert>
                <DefaultFlapping>1</DefaultFlapping>
                <Thresholds>
                    <Threshold operator="&lt;" defaultvalue="40" stateid="Normal"/>
                    <Threshold operator="&gt;=" defaultvalue="40" stateid="Minor"/>
                    <Threshold operator="&gt;=" defaultvalue="50" stateid="Major"/>
                </Thresholds>
            </Metric>
            <Metric id="dbActiveTransCount" style="PerformanceMetric" name="活动事务数" description="活动事务数" unit="个">
                <IsDisplay displayOrder="2003">true</IsDisplay>
                <IsMonitor>true</IsMonitor>
                <IsEdit>false</IsEdit>
                <DefaultMonitorFreq>min5</DefaultMonitorFreq>
                <SupportMonitorFreq>min1,min5,min10,min30,hour1,hour4,hour8</SupportMonitorFreq>
                <IsAlert>false</IsAlert>
                <DefaultFlapping>1</DefaultFlapping>
                <Thresholds>
                    <Threshold operator="&lt;" defaultvalue="5" stateid="Normal"/>
                    <Threshold operator="&gt;=" defaultvalue="5" stateid="Minor"/>
                    <Threshold operator="&gt;=" defaultvalue="10" stateid="Major"/>
                </Thresholds>
            </Metric>
            <Metric id="dbcurSession" style="InformationMetric" name="当前连接数" description="当前连接数" unit="个">
                <IsDisplay displayOrder="2011">true</IsDisplay>
                <IsMonitor>true</IsMonitor>
                <IsEdit>false</IsEdit>
                <DefaultMonitorFreq>day1</DefaultMonitorFreq>
                <SupportMonitorFreq>hour1,day1</SupportMonitorFreq>
                <IsAlert>false</IsAlert>
                <DefaultFlapping>1</DefaultFlapping>
            </Metric>
        </Metrics>
        <Properties>
            <Property id="dbdataBaseName" name="dbdataBaseName" metricid="dbdataBaseName"/>
        </Properties>
        <Instantiation InstanceId="dbdataBaseName" InstanceName="dbdataBaseName"/>
    </Resource>
    <Resource id="SQLServerSqlserverjob" type="Job" icon="" name="作业" description="作业" parentid="SQLServer">
        <Metrics>
            <Metric id="mssqljobId" style="InformationMetric" name="作业ID" description="作业ID" unit="">
                <IsDisplay displayOrder="2012">false</IsDisplay>
                <IsMonitor>false</IsMonitor>
                <IsEdit>false</IsEdit>
                <DefaultMonitorFreq>day1</DefaultMonitorFreq>
                <SupportMonitorFreq>hour1,day1</SupportMonitorFreq>
                <IsAlert>false</IsAlert>
                <DefaultFlapping>1</DefaultFlapping>
            </Metric>
            <Metric id="mssqljobname" style="InformationMetric" name="作业名称" description="作业名称" unit="">
                <IsDisplay displayOrder="2013">false</IsDisplay>
                <IsMonitor>true</IsMonitor>
                <IsEdit>false</IsEdit>
                <DefaultMonitorFreq>day1</DefaultMonitorFreq>
                <SupportMonitorFreq>hour1,day1</SupportMonitorFreq>
                <IsAlert>false</IsAlert>
                <DefaultFlapping>1</DefaultFlapping>
            </Metric>
            <Metric id="mssqljobcreator" style="InformationMetric" name="作业创建者" description="作业创建者" unit="">
                <IsDisplay displayOrder="2014">true</IsDisplay>
                <IsMonitor>true</IsMonitor>
                <IsEdit>false</IsEdit>
                <DefaultMonitorFreq>day1</DefaultMonitorFreq>
                <SupportMonitorFreq>hour1,day1</SupportMonitorFreq>
                <IsAlert>false</IsAlert>
                <DefaultFlapping>1</DefaultFlapping>
            </Metric>
            <Metric id="mssqljobdesc" style="InformationMetric" name="作业描述" description="作业描述" unit="">
                <IsDisplay displayOrder="2015">true</IsDisplay>
                <IsMonitor>true</IsMonitor>
                <IsEdit>false</IsEdit>
                <DefaultMonitorFreq>day1</DefaultMonitorFreq>
                <SupportMonitorFreq>hour1,day1</SupportMonitorFreq>
                <IsAlert>false</IsAlert>
                <DefaultFlapping>1</DefaultFlapping>
            </Metric>
            <Metric id="mssqljobenable" style="InformationMetric" name="是否启用" description="是否启用" unit="">
                <IsDisplay displayOrder="2016">true</IsDisplay>
                <IsMonitor>true</IsMonitor>
                <IsEdit>false</IsEdit>
                <DefaultMonitorFreq>day1</DefaultMonitorFreq>
                <SupportMonitorFreq>hour1,day1</SupportMonitorFreq>
                <IsAlert>false</IsAlert>
                <DefaultFlapping>1</DefaultFlapping>
            </Metric>
            <Metric id="mssqljobcreattime" style="InformationMetric" name="作业创建日期" description="作业创建日期" unit="">
                <IsDisplay displayOrder="2017">true</IsDisplay>
                <IsMonitor>true</IsMonitor>
                <IsEdit>false</IsEdit>
                <DefaultMonitorFreq>day1</DefaultMonitorFreq>
                <SupportMonitorFreq>hour1,day1</SupportMonitorFreq>
                <IsAlert>false</IsAlert>
                <DefaultFlapping>1</DefaultFlapping>
            </Metric>
            <Metric id="mssqljobmodtime" style="InformationMetric" name="作业最后修改日期" description="作业最后修改日期" unit="">
                <IsDisplay displayOrder="2018">true</IsDisplay>
                <IsMonitor>true</IsMonitor>
                <IsEdit>false</IsEdit>
                <DefaultMonitorFreq>day1</DefaultMonitorFreq>
                <SupportMonitorFreq>hour1,day1</SupportMonitorFreq>
                <IsAlert>false</IsAlert>
                <DefaultFlapping>1</DefaultFlapping>
            </Metric>
            <Metric id="mssqljobrunserver" style="InformationMetric" name="作业运行服务器" description="作业运行服务器" unit="">
                <IsDisplay displayOrder="2019">true</IsDisplay>
                <IsMonitor>true</IsMonitor>
                <IsEdit>false</IsEdit>
                <DefaultMonitorFreq>day1</DefaultMonitorFreq>
                <SupportMonitorFreq>hour1,day1</SupportMonitorFreq>
                <IsAlert>false</IsAlert>
                <DefaultFlapping>1</DefaultFlapping>
            </Metric>
            <!--  <Metric id="mssqljobsch" style="InformationMetric" name="是否分布式作业" description="是否分布式作业" unit="">
              <IsDisplay displayOrder="2020">true</IsDisplay>
              <IsMonitor>true</IsMonitor>
              <IsEdit>false</IsEdit>
              <DefaultMonitorFreq>day1</DefaultMonitorFreq>
              <SupportMonitorFreq>hour1,day1</SupportMonitorFreq>
              <IsAlert>false</IsAlert>
              <DefaultFlapping>1</DefaultFlapping>
            </Metric>  -->
            <Metric id="mssqljobcustname" style="InformationMetric" name="用户定义名称" description="用户定义名称" unit="">
                <IsDisplay displayOrder="2021">true</IsDisplay>
                <IsMonitor>true</IsMonitor>
                <IsEdit>false</IsEdit>
                <DefaultMonitorFreq>day1</DefaultMonitorFreq>
                <SupportMonitorFreq>hour1,day1</SupportMonitorFreq>
                <IsAlert>false</IsAlert>
                <DefaultFlapping>1</DefaultFlapping>
            </Metric>
            <Metric id="mssqljobdellevel" style="InformationMetric" name="完成时删除作业级别" description="完成时删除作业级别" unit="">
                <IsDisplay displayOrder="2022">true</IsDisplay>
                <IsMonitor>true</IsMonitor>
                <IsEdit>false</IsEdit>
                <DefaultMonitorFreq>day1</DefaultMonitorFreq>
                <SupportMonitorFreq>hour1,day1</SupportMonitorFreq>
                <IsAlert>false</IsAlert>
                <DefaultFlapping>1</DefaultFlapping>
            </Metric>
            <Metric id="mssqljobrtime" style="InformationMetric" name="上次执行时间" description="上次执行时间" unit="">
                <IsDisplay displayOrder="2023">true</IsDisplay>
                <IsMonitor>true</IsMonitor>
                <IsEdit>false</IsEdit>
                <DefaultMonitorFreq>day1</DefaultMonitorFreq>
                <SupportMonitorFreq>hour1,day1</SupportMonitorFreq>
                <IsAlert>false</IsAlert>
                <DefaultFlapping>1</DefaultFlapping>
            </Metric>
            <Metric id="mssqljobrstatus" style="InformationMetric" name="上次执行状态" description="上次执行状态" unit="">
                <IsDisplay displayOrder="2024">true</IsDisplay>
                <IsMonitor>true</IsMonitor>
                <IsEdit>false</IsEdit>
                <DefaultMonitorFreq>day1</DefaultMonitorFreq>
                <SupportMonitorFreq>hour1,day1</SupportMonitorFreq>
                <IsAlert>false</IsAlert>
                <DefaultFlapping>1</DefaultFlapping>
            </Metric>
            <Metric id="mssqljobrmessage" style="InformationMetric" name="上次执行结果信息" description="上次执行结果信息" unit="">
                <IsDisplay displayOrder="2025">true</IsDisplay>
                <IsMonitor>true</IsMonitor>
                <IsEdit>false</IsEdit>
                <DefaultMonitorFreq>day1</DefaultMonitorFreq>
                <SupportMonitorFreq>hour1,day1</SupportMonitorFreq>
                <IsAlert>false</IsAlert>
                <DefaultFlapping>1</DefaultFlapping>
            </Metric>
            <Metric id="mssqljoblasttime" style="InformationMetric" name="上次执行时长" description="上次执行时长" unit="秒">
                <IsDisplay displayOrder="2026">true</IsDisplay>
                <IsMonitor>true</IsMonitor>
                <IsEdit>false</IsEdit>
                <DefaultMonitorFreq>day1</DefaultMonitorFreq>
                <SupportMonitorFreq>hour1,day1</SupportMonitorFreq>
                <IsAlert>false</IsAlert>
                <DefaultFlapping>1</DefaultFlapping>
            </Metric>
            <Metric id="mssqljobnexttime" style="InformationMetric" name="下次执行时间" description="下次执行时间" unit="">
                <IsDisplay displayOrder="2027">true</IsDisplay>
                <IsMonitor>true</IsMonitor>
                <IsEdit>false</IsEdit>
                <DefaultMonitorFreq>day1</DefaultMonitorFreq>
                <SupportMonitorFreq>hour1,day1</SupportMonitorFreq>
                <IsAlert>false</IsAlert>
                <DefaultFlapping>1</DefaultFlapping>
            </Metric>
        </Metrics>
        <Properties>
            <Property id="mssqljobId" name="mssqljobId" metricid="mssqljobId"/>
            <Property id="mssqljobname" name="mssqljobname" metricid="mssqljobname"/>
        </Properties>
        <Instantiation InstanceId="mssqljobId" InstanceName="mssqljobname"/>
    </Resource>
</Capacity>
