<?xml version="1.0" encoding="UTF-8"?>
<Capacity xmlns:xsi="http://www.w3.org/2001/XMLSchema-instance" version="1.0" xsi:noNamespaceSchemaLocation="../../../schema/Resource.xsd">
    <SupportInfo>
        <SupportName>IBM Power(HMC)</SupportName>
        <PreSupportVersion>IBM Power(HMC)</PreSupportVersion>
        <ActualSupportVersion>IBM Power(HMC)</ActualSupportVersion>
    </SupportInfo>
    <GlobalMetricSetting isEncrypt="FALSE" version="4.1.0">
        <GlobalIsEdit>false</GlobalIsEdit>
        <GlobalIsMonitor>true</GlobalIsMonitor>
        <GlobalDefaultMonitorFreq>day1</GlobalDefaultMonitorFreq>
        <GlobalsupportMonitorFreq>min1,min5,min10,hour1,day1</GlobalsupportMonitorFreq>
        <GlobalIsAlert>true</GlobalIsAlert>
        <GlobalDefaultFlapping>1</GlobalDefaultFlapping>
    </GlobalMetricSetting>
    <Resource id="IBMPower" category="IBMServer" icon="IBMServer.png" name="IBM Power(HMC)" description="IBM Power(HMC)" confirmation="合肥公安-IBM Power(HMC)">
        <Metrics>
            <Metric id="state" style="AvailabilityMetric" name="状态" description="状态" unit="">
                <IsDisplay displayOrder="1000">true</IsDisplay>
                <IsMonitor>true</IsMonitor>
                <IsEdit>false</IsEdit>
                <DefaultMonitorFreq>min1</DefaultMonitorFreq>
                <SupportMonitorFreq>sec30,min1,min5,min10,min30,hour1</SupportMonitorFreq>
                <IsAlert>true</IsAlert>
                <DefaultFlapping>2</DefaultFlapping>
            </Metric>
            <Metric id="name" style="InformationMetric" name="系统名称" description="系统名称" unit="">
                <IsDisplay displayOrder="1100">true</IsDisplay>
                <IsMonitor>true</IsMonitor>
                <IsEdit>false</IsEdit>
                <DefaultMonitorFreq>day1</DefaultMonitorFreq>
                <SupportMonitorFreq>hour1,day1</SupportMonitorFreq>
                <IsAlert>false</IsAlert>
                <DefaultFlapping>1</DefaultFlapping>
            </Metric>
            <Metric id="model" style="InformationMetric" name="设备型号" description="设备型号" unit="">
                <IsDisplay displayOrder="1110">true</IsDisplay>
                <IsMonitor>true</IsMonitor>
                <IsEdit>false</IsEdit>
                <DefaultMonitorFreq>day1</DefaultMonitorFreq>
                <SupportMonitorFreq>hour1,day1</SupportMonitorFreq>
                <IsAlert>false</IsAlert>
                <DefaultFlapping>1</DefaultFlapping>
            </Metric>
            <Metric id="serialNum" style="InformationMetric" name="序列号" description="序列号" unit="">
                <IsDisplay displayOrder="1120">true</IsDisplay>
                <IsMonitor>true</IsMonitor>
                <IsEdit>false</IsEdit>
                <DefaultMonitorFreq>day1</DefaultMonitorFreq>
                <SupportMonitorFreq>hour1,day1</SupportMonitorFreq>
                <IsAlert>false</IsAlert>
                <DefaultFlapping>1</DefaultFlapping>
            </Metric>
            <Metric id="ip" style="InformationMetric" name="IP地址" description="IP地址" unit="">
                <IsDisplay displayOrder="1130">true</IsDisplay>
                <IsMonitor>true</IsMonitor>
                <IsEdit>false</IsEdit>
                <DefaultMonitorFreq>hour1</DefaultMonitorFreq>
                <SupportMonitorFreq>hour1,day1</SupportMonitorFreq>
                <IsAlert>false</IsAlert>
                <DefaultFlapping>1</DefaultFlapping>
            </Metric>
            <Metric id="sysTime" style="InformationMetric" name="系统时间" description="系统时间" unit="">
                <IsDisplay displayOrder="1140">true</IsDisplay>
                <IsMonitor>true</IsMonitor>
                <IsEdit>false</IsEdit>
                <DefaultMonitorFreq>hour1</DefaultMonitorFreq>
                <SupportMonitorFreq>hour1,day1</SupportMonitorFreq>
                <IsAlert>false</IsAlert>
                <DefaultFlapping>1</DefaultFlapping>
            </Metric>
            <Metric id="powerOnType" style="InformationMetric" name="电源状态" description="电源状态" unit="">
                <IsDisplay displayOrder="1150">true</IsDisplay>
                <IsMonitor>true</IsMonitor>
                <IsEdit>false</IsEdit>
                <DefaultMonitorFreq>min1</DefaultMonitorFreq>
                <SupportMonitorFreq>sec30,min1,min5,min10,min30,hour1</SupportMonitorFreq>
                <IsAlert>false</IsAlert>
                <DefaultFlapping>1</DefaultFlapping>
            </Metric>

            <Metric id="installedProc" style="InformationMetric" name="已安装处理单元" description="已安装处理单元" unit="个">
                <IsDisplay displayOrder="1200">true</IsDisplay>
                <IsMonitor>true</IsMonitor>
                <IsEdit>false</IsEdit>
                <DefaultMonitorFreq>hour1</DefaultMonitorFreq>
                <SupportMonitorFreq>hour1,day1</SupportMonitorFreq>
                <IsAlert>false</IsAlert>
                <DefaultFlapping>1</DefaultFlapping>
            </Metric>
            <Metric id="configurableProc" style="InformationMetric" name="可配置处理单元" description="可配置处理单元" unit="个">
                <IsDisplay displayOrder="1210">true</IsDisplay>
                <IsMonitor>true</IsMonitor>
                <IsEdit>false</IsEdit>
                <DefaultMonitorFreq>hour1</DefaultMonitorFreq>
                <SupportMonitorFreq>hour1,day1</SupportMonitorFreq>
                <IsAlert>false</IsAlert>
                <DefaultFlapping>1</DefaultFlapping>
            </Metric>
            <Metric id="deconfigProc" style="InformationMetric" name="不可配置处理单元" description="不可配置处理单元" unit="个">
                <IsDisplay displayOrder="1220">true</IsDisplay>
                <IsMonitor>true</IsMonitor>
                <IsEdit>false</IsEdit>
                <DefaultMonitorFreq>hour1</DefaultMonitorFreq>
                <SupportMonitorFreq>hour1,day1</SupportMonitorFreq>
                <IsAlert>false</IsAlert>
                <DefaultFlapping>1</DefaultFlapping>
            </Metric>
            <Metric id="currUsedProc" style="PerformanceMetric" name="当前已用处理单元" description="当前已用处理单元" unit="个">
                <IsDisplay displayOrder="1225">true</IsDisplay>
                <IsMonitor>true</IsMonitor>
                <IsEdit>false</IsEdit>
                <DefaultMonitorFreq>min5</DefaultMonitorFreq>
                <SupportMonitorFreq>min1,min5,min10,min30,hour1,hour4,hour8</SupportMonitorFreq>
                <IsAlert>false</IsAlert>
                <DefaultFlapping>1</DefaultFlapping>
                <Thresholds>
                    <Threshold operator="&lt;=" defaultvalue="8" stateid="Normal"/>
                    <Threshold operator="&gt;" defaultvalue="12" stateid="Minor"/>
                    <Threshold operator="&gt;" defaultvalue="14" stateid="Major"/>
                </Thresholds>
            </Metric>
            <Metric id="currAvailProc" style="PerformanceMetric" name="当前可用处理单元" description="当前可用处理单元" unit="个">
                <IsDisplay displayOrder="1230">true</IsDisplay>
                <IsMonitor>true</IsMonitor>
                <IsEdit>false</IsEdit>
                <DefaultMonitorFreq>min5</DefaultMonitorFreq>
                <SupportMonitorFreq>min1,min5,min10,min30,hour1,hour4,hour8</SupportMonitorFreq>
                <IsAlert>false</IsAlert>
                <DefaultFlapping>1</DefaultFlapping>
                <Thresholds>
                    <Threshold operator="&gt;=" defaultvalue="3" stateid="Normal"/>
                    <Threshold operator="&lt;" defaultvalue="2" stateid="Minor"/>
                    <Threshold operator="&lt;" defaultvalue="1" stateid="Major"/>
                </Thresholds>
            </Metric>
            <Metric id="pendUsedProc" style="PerformanceMetric" name="请求已用处理单元" description="请求已用处理单元" unit="个">
                <IsDisplay displayOrder="1235">true</IsDisplay>
                <IsMonitor>true</IsMonitor>
                <IsEdit>false</IsEdit>
                <DefaultMonitorFreq>min5</DefaultMonitorFreq>
                <SupportMonitorFreq>min1,min5,min10,min30,hour1,hour4,hour8</SupportMonitorFreq>
                <IsAlert>false</IsAlert>
                <DefaultFlapping>1</DefaultFlapping>
                <Thresholds>
                    <Threshold operator="&lt;=" defaultvalue="8" stateid="Normal"/>
                    <Threshold operator="&gt;" defaultvalue="12" stateid="Minor"/>
                    <Threshold operator="&gt;" defaultvalue="14" stateid="Major"/>
                </Thresholds>
            </Metric>
            <Metric id="pendAvailProc" style="PerformanceMetric" name="请求可用处理单元" description="请求可用处理单元" unit="个">
                <IsDisplay displayOrder="1240">true</IsDisplay>
                <IsMonitor>true</IsMonitor>
                <IsEdit>false</IsEdit>
                <DefaultMonitorFreq>min5</DefaultMonitorFreq>
                <SupportMonitorFreq>min1,min5,min10,min30,hour1,hour4,hour8</SupportMonitorFreq>
                <IsAlert>false</IsAlert>
                <DefaultFlapping>1</DefaultFlapping>
                <Thresholds>
                    <Threshold operator="&gt;=" defaultvalue="3" stateid="Normal"/>
                    <Threshold operator="&lt;" defaultvalue="2" stateid="Minor"/>
                    <Threshold operator="&lt;" defaultvalue="1" stateid="Major"/>
                </Thresholds>
            </Metric>

            <Metric id="installedMem" style="InformationMetric" name="已安装内存" description="已安装内存" unit="MB">
                <IsDisplay displayOrder="1300">true</IsDisplay>
                <IsMonitor>true</IsMonitor>
                <IsEdit>false</IsEdit>
                <DefaultMonitorFreq>hour1</DefaultMonitorFreq>
                <SupportMonitorFreq>hour1,day1</SupportMonitorFreq>
                <IsAlert>false</IsAlert>
                <DefaultFlapping>1</DefaultFlapping>
            </Metric>
            <Metric id="configurableMem" style="InformationMetric" name="可配置内存" description="可配置内存" unit="MB">
                <IsDisplay displayOrder="1310">true</IsDisplay>
                <IsMonitor>true</IsMonitor>
                <IsEdit>false</IsEdit>
                <DefaultMonitorFreq>hour1</DefaultMonitorFreq>
                <SupportMonitorFreq>hour1,day1</SupportMonitorFreq>
                <IsAlert>false</IsAlert>
                <DefaultFlapping>1</DefaultFlapping>
            </Metric>
            <Metric id="deconfigMem" style="InformationMetric" name="不可配置内存" description="不可配置内存" unit="MB">
                <IsDisplay displayOrder="1320">true</IsDisplay>
                <IsMonitor>true</IsMonitor>
                <IsEdit>false</IsEdit>
                <DefaultMonitorFreq>hour1</DefaultMonitorFreq>
                <SupportMonitorFreq>hour1,day1</SupportMonitorFreq>
                <IsAlert>false</IsAlert>
                <DefaultFlapping>1</DefaultFlapping>
            </Metric>
            <Metric id="currUsedMem" style="PerformanceMetric" name="当前已用内存" description="当前已用内存" unit="MB">
                <IsDisplay displayOrder="1325">true</IsDisplay>
                <IsMonitor>true</IsMonitor>
                <IsEdit>false</IsEdit>
                <DefaultMonitorFreq>min5</DefaultMonitorFreq>
                <SupportMonitorFreq>min1,min5,min10,min30,hour1,hour4,hour8</SupportMonitorFreq>
                <IsAlert>false</IsAlert>
                <DefaultFlapping>1</DefaultFlapping>
                <Thresholds>
                    <Threshold operator="&lt;=" defaultvalue="10240" stateid="Normal"/>
                    <Threshold operator="&gt;" defaultvalue="10240" stateid="Minor"/>
                    <Threshold operator="&gt;" defaultvalue="20480" stateid="Major"/>
                </Thresholds>
            </Metric>
            <Metric id="currAvailMem" style="PerformanceMetric" name="当前可用内存" description="当前可用内存" unit="MB">
                <IsDisplay displayOrder="1330">true</IsDisplay>
                <IsMonitor>true</IsMonitor>
                <IsEdit>false</IsEdit>
                <DefaultMonitorFreq>min5</DefaultMonitorFreq>
                <SupportMonitorFreq>min1,min5,min10,min30,hour1,hour4,hour8</SupportMonitorFreq>
                <IsAlert>false</IsAlert>
                <DefaultFlapping>1</DefaultFlapping>
                <Thresholds>
                    <Threshold operator="&gt;=" defaultvalue="512" stateid="Normal"/>
                    <Threshold operator="&lt;" defaultvalue="128" stateid="Minor"/>
                    <Threshold operator="&lt;" defaultvalue="64" stateid="Major"/>
                </Thresholds>
            </Metric>
            <Metric id="pendUsedMem" style="PerformanceMetric" name="请求已用内存" description="请求已用内存" unit="MB">
                <IsDisplay displayOrder="1325">true</IsDisplay>
                <IsMonitor>true</IsMonitor>
                <IsEdit>false</IsEdit>
                <DefaultMonitorFreq>min5</DefaultMonitorFreq>
                <SupportMonitorFreq>min1,min5,min10,min30,hour1,hour4,hour8</SupportMonitorFreq>
                <IsAlert>false</IsAlert>
                <DefaultFlapping>1</DefaultFlapping>
                <Thresholds>
                    <Threshold operator="&lt;=" defaultvalue="10240" stateid="Normal"/>
                    <Threshold operator="&gt;" defaultvalue="20480" stateid="Minor"/>
                    <Threshold operator="&gt;" defaultvalue="20480" stateid="Major"/>
                </Thresholds>
            </Metric>
            <Metric id="pendAvailMem" style="PerformanceMetric" name="请求可用内存" description="请求可用内存" unit="MB">
                <IsDisplay displayOrder="1340">true</IsDisplay>
                <IsMonitor>true</IsMonitor>
                <IsEdit>false</IsEdit>
                <DefaultMonitorFreq>min5</DefaultMonitorFreq>
                <SupportMonitorFreq>min1,min5,min10,min30,hour1,hour4,hour8</SupportMonitorFreq>
                <IsAlert>false</IsAlert>
                <DefaultFlapping>1</DefaultFlapping>
                <Thresholds>
                    <Threshold operator="&gt;=" defaultvalue="512" stateid="Normal"/>
                    <Threshold operator="&lt;" defaultvalue="128" stateid="Minor"/>
                    <Threshold operator="&lt;" defaultvalue="64" stateid="Major"/>
                </Thresholds>
            </Metric>
            <Metric id="sysFirmwareMem" style="InformationMetric" name="系统固件内存" description="系统固件内存" unit="MB">
                <IsDisplay displayOrder="1350">true</IsDisplay>
                <IsMonitor>true</IsMonitor>
                <IsEdit>false</IsEdit>
                <DefaultMonitorFreq>hour1</DefaultMonitorFreq>
                <SupportMonitorFreq>hour1,day1</SupportMonitorFreq>
                <IsAlert>false</IsAlert>
                <DefaultFlapping>1</DefaultFlapping>
            </Metric>
        </Metrics>
        <Properties>
            <Property id="ip" name="ip" metricid="ip"/>
            <Property id="name" name="name" metricid="name"/>
        </Properties>
        <Instantiation InstanceId="ip" InstanceName="name"/>
    </Resource>
    <Resource id="IBMPowerLPAR" type="LPAR" icon="" name="LPAR" description="LPAR" parentid="IBMPower">
        <Metrics>
            <Metric id="lparId" style="InformationMetric" name="ID" description="ID" unit="">
                <IsDisplay displayOrder="2000">false</IsDisplay>
                <IsMonitor>false</IsMonitor>
                <IsEdit>false</IsEdit>
                <DefaultMonitorFreq>day1</DefaultMonitorFreq>
                <SupportMonitorFreq>hour1,day1</SupportMonitorFreq>
                <IsAlert>false</IsAlert>
                <DefaultFlapping>1</DefaultFlapping>
            </Metric>
            <Metric id="lparName" style="InformationMetric" name="名称" description="名称" unit="">
                <IsDisplay displayOrder="2010">false</IsDisplay>
                <IsMonitor>false</IsMonitor>
                <IsEdit>false</IsEdit>
                <DefaultMonitorFreq>day1</DefaultMonitorFreq>
                <SupportMonitorFreq>hour1,day1</SupportMonitorFreq>
                <IsAlert>false</IsAlert>
                <DefaultFlapping>1</DefaultFlapping>
            </Metric>
            <Metric id="lparState" style="AvailabilityMetric" name="状态" description="状态" unit="">
                <IsDisplay displayOrder="2100">true</IsDisplay>
                <IsMonitor>true</IsMonitor>
                <IsEdit>false</IsEdit>
                <DefaultMonitorFreq>min1</DefaultMonitorFreq>
                <SupportMonitorFreq>sec30,min1,min5,min10,min30,hour1</SupportMonitorFreq>
                <IsAlert>false</IsAlert>
                <DefaultFlapping>2</DefaultFlapping>
            </Metric>
            <Metric id="lparOsVersion" style="InformationMetric" name="操作系统版本" description="操作系统版本" unit="">
                <IsDisplay displayOrder="2200">true</IsDisplay>
                <IsMonitor>true</IsMonitor>
                <IsEdit>false</IsEdit>
                <DefaultMonitorFreq>hour1</DefaultMonitorFreq>
                <SupportMonitorFreq>hour1,day1</SupportMonitorFreq>
                <IsAlert>false</IsAlert>
                <DefaultFlapping>1</DefaultFlapping>
            </Metric>

            <Metric id="lparCurrProc" style="PerformanceMetric" name="当前处理单元" description="当前处理单元" unit="个">
                <IsDisplay displayOrder="2300">true</IsDisplay>
                <IsMonitor>true</IsMonitor>
                <IsEdit>false</IsEdit>
                <DefaultMonitorFreq>min5</DefaultMonitorFreq>
                <SupportMonitorFreq>min1,min5,min10,min30,hour1,hour4,hour8</SupportMonitorFreq>
                <IsAlert>false</IsAlert>
                <DefaultFlapping>1</DefaultFlapping>
                <Thresholds>
                    <Threshold operator="&lt;=" defaultvalue="8" stateid="Normal"/>
                    <Threshold operator="&gt;" defaultvalue="8" stateid="Minor"/>
                    <Threshold operator="&gt;" defaultvalue="16" stateid="Major"/>
                </Thresholds>
            </Metric>
            <Metric id="lparPendProc" style="PerformanceMetric" name="请求处理单元" description="请求处理单元" unit="个">
                <IsDisplay displayOrder="2310">true</IsDisplay>
                <IsMonitor>true</IsMonitor>
                <IsEdit>false</IsEdit>
                <DefaultMonitorFreq>min5</DefaultMonitorFreq>
                <SupportMonitorFreq>min1,min5,min10,min30,hour1,hour4,hour8</SupportMonitorFreq>
                <IsAlert>false</IsAlert>
                <DefaultFlapping>1</DefaultFlapping>
                <Thresholds>
                    <Threshold operator="&lt;=" defaultvalue="8" stateid="Normal"/>
                    <Threshold operator="&gt;" defaultvalue="8" stateid="Minor"/>
                    <Threshold operator="&gt;" defaultvalue="16" stateid="Major"/>
                </Thresholds>
            </Metric>
            <Metric id="lparRunProc" style="PerformanceMetric" name="运行处理单元" description="运行处理单元" unit="个">
                <IsDisplay displayOrder="2320">true</IsDisplay>
                <IsMonitor>true</IsMonitor>
                <IsEdit>false</IsEdit>
                <DefaultMonitorFreq>min5</DefaultMonitorFreq>
                <SupportMonitorFreq>min1,min5,min10,min30,hour1,hour4,hour8</SupportMonitorFreq>
                <IsAlert>false</IsAlert>
                <DefaultFlapping>1</DefaultFlapping>
                <Thresholds>
                    <Threshold operator="&lt;=" defaultvalue="8" stateid="Normal"/>
                    <Threshold operator="&gt;" defaultvalue="8" stateid="Minor"/>
                    <Threshold operator="&gt;" defaultvalue="16" stateid="Major"/>
                </Thresholds>
            </Metric>

            <Metric id="lparCurrMem" style="PerformanceMetric" name="当前内存" description="当前内存" unit="MB">
                <IsDisplay displayOrder="2400">true</IsDisplay>
                <IsMonitor>true</IsMonitor>
                <IsEdit>false</IsEdit>
                <DefaultMonitorFreq>min5</DefaultMonitorFreq>
                <SupportMonitorFreq>min1,min5,min10,min30,hour1,hour4,hour8</SupportMonitorFreq>
                <IsAlert>false</IsAlert>
                <DefaultFlapping>1</DefaultFlapping>
                <Thresholds>
                    <Threshold operator="&lt;=" defaultvalue="10240" stateid="Normal"/>
                    <Threshold operator="&gt;" defaultvalue="102400" stateid="Minor"/>
                    <Threshold operator="&gt;" defaultvalue="102400" stateid="Major"/>
                </Thresholds>
            </Metric>
            <Metric id="lparPendMem" style="PerformanceMetric" name="请求内存" description="请求内存" unit="MB">
                <IsDisplay displayOrder="2410">true</IsDisplay>
                <IsMonitor>true</IsMonitor>
                <IsEdit>false</IsEdit>
                <DefaultMonitorFreq>min5</DefaultMonitorFreq>
                <SupportMonitorFreq>min1,min5,min10,min30,hour1,hour4,hour8</SupportMonitorFreq>
                <IsAlert>false</IsAlert>
                <DefaultFlapping>1</DefaultFlapping>
                <Thresholds>
                    <Threshold operator="&lt;=" defaultvalue="10240" stateid="Normal"/>
                    <Threshold operator="&gt;" defaultvalue="102400" stateid="Minor"/>
                    <Threshold operator="&gt;" defaultvalue="102400" stateid="Major"/>
                </Thresholds>
            </Metric>
            <Metric id="lparRunMem" style="PerformanceMetric" name="运行内存" description="运行内存" unit="MB">
                <IsDisplay displayOrder="2420">true</IsDisplay>
                <IsMonitor>true</IsMonitor>
                <IsEdit>false</IsEdit>
                <DefaultMonitorFreq>min5</DefaultMonitorFreq>
                <SupportMonitorFreq>min1,min5,min10,min30,hour1,hour4,hour8</SupportMonitorFreq>
                <IsAlert>false</IsAlert>
                <DefaultFlapping>1</DefaultFlapping>
                <Thresholds>
                    <Threshold operator="&lt;=" defaultvalue="10240" stateid="Normal"/>
                    <Threshold operator="&gt;" defaultvalue="102400" stateid="Minor"/>
                    <Threshold operator="&gt;" defaultvalue="102400" stateid="Major"/>
                </Thresholds>
            </Metric>
        </Metrics>
        <Properties>
            <Property id="lparId" name="lparId" metricid="lparId"/>
            <Property id="lparName" name="lparName" metricid="lparName"/>
        </Properties>
        <Instantiation InstanceId="lparId" InstanceName="lparName"/>
    </Resource>
    <Resource id="IBMPowerProcPool" type="ProcPool" icon="" name="共享处理器池" description="共享处理器池" parentid="IBMPower">
        <Metrics>
            <Metric id="procPoolId" style="InformationMetric" name="ID" description="ID" unit="">
                <IsDisplay displayOrder="3000">false</IsDisplay>
                <IsMonitor>false</IsMonitor>
                <IsEdit>false</IsEdit>
                <DefaultMonitorFreq>day1</DefaultMonitorFreq>
                <SupportMonitorFreq>hour1,day1</SupportMonitorFreq>
                <IsAlert>false</IsAlert>
                <DefaultFlapping>1</DefaultFlapping>
            </Metric>
            <Metric id="procPoolName" style="InformationMetric" name="名称" description="名称" unit="">
                <IsDisplay displayOrder="3010">false</IsDisplay>
                <IsMonitor>false</IsMonitor>
                <IsEdit>false</IsEdit>
                <DefaultMonitorFreq>day1</DefaultMonitorFreq>
                <SupportMonitorFreq>hour1,day1</SupportMonitorFreq>
                <IsAlert>false</IsAlert>
                <DefaultFlapping>1</DefaultFlapping>
            </Metric>
            <Metric id="procPoolLparNames" style="InformationMetric" name="LPAR名称" description="LPAR名称" unit="">
                <IsDisplay displayOrder="3100">true</IsDisplay>
                <IsMonitor>true</IsMonitor>
                <IsEdit>false</IsEdit>
                <DefaultMonitorFreq>hour1</DefaultMonitorFreq>
                <SupportMonitorFreq>hour1,day1</SupportMonitorFreq>
                <IsAlert>false</IsAlert>
                <DefaultFlapping>1</DefaultFlapping>
            </Metric>
        </Metrics>
        <Properties>
            <Property id="procPoolID" name="procPoolID" metricid="procPoolID"/>
            <Property id="procPoolName" name="procPoolName" metricid="procPoolName"/>
        </Properties>
        <Instantiation InstanceId="procPoolID" InstanceName="procPoolName"/>
    </Resource>
</Capacity>
