<?xml version="1.0" encoding="UTF-8"?>

<MetricPlugins xmlns:xsi="http://www.w3.org/2001/XMLSchema-instance" version="1.0" xsi:noNamespaceSchemaLocation="../../../schema/Collect.xsd">
    <GlobalMetricSetting isEncrypt="FALSE" version="4.1.0">
    </GlobalMetricSetting>
    <PluginClassAliasList>
        <PluginClassAlias id="defaultProcessor" class="com.mainsteam.stm.plugin.common.DefaultResultSetProcessor"/>
        <PluginClassAlias id="defaultConverter" class="com.mainsteam.stm.plugin.common.DefaultResultSetConverter"/>
        <PluginClassAlias id="selectProcessor" class="com.mainsteam.stm.plugin.common.SelectResultSetProcessor"/>
        <PluginClassAlias id="columnPasteProcessor" class="com.mainsteam.stm.plugin.common.ColumnPasteProcessor"/>
        <PluginClassAlias id="RegularFilter" class="com.mainsteam.stm.plugin.common.RegularFilter"/>
        <PluginClassAlias id="subInstConverter" class="com.mainsteam.stm.plugin.common.SubInstResultSetConverter"/>
        <PluginClassAlias id="availableConverter" class="com.mainsteam.stm.plugin.common.AvailableConverter"/>
        <PluginClassAlias id="tableConverter" class="com.mainsteam.stm.plugin.common.TableResultSetConverter"/>
        <PluginClassAlias id="translateProcessor" class="com.mainsteam.stm.plugin.common.TranslateResultSetProcessor"/>
        <PluginClassAlias id="ChangeRateProcessor" class="com.mainsteam.stm.plugin.common.ChangeRateProcessor"/>
        <PluginClassAlias id="processConverter" class="com.mainsteam.stm.plugin.common.ProcessResultSetConverter"/>
        <PluginClassAlias id="uptimeProcessor" class="com.mainsteam.stm.plugin.common.UptimeProcessor"/>
        <PluginClassAlias id="FormatProcessor" class="com.mainsteam.stm.plugin.common.FormatProcessor"/>
        <PluginClassAlias id="regexTransProcessor" class="com.mainsteam.stm.plugin.common.RegexTransProcessor"/>
    </PluginClassAliasList>
    <MetricPlugin metricid="PowerStatus" collectType="" pluginid="IpmiPlugin">
        <PluginResultMetaInfo columns=""/>
        <PluginParameter type="ArrayType">
            <Parameter key="tool" value="ipmitool"/>
            <Parameter key="command" value="power status"/>
        </PluginParameter>
        <PluginDataHandlers>
            <PluginDataHandler classKey="RegularFilter">
                <Parameter type="" key="REGULAR" value="Chassis Power is (on)"/>
            </PluginDataHandler>
            <PluginDataHandler classKey="translateProcessor">
                <Parameter type="" key="" value="on,1;0"/>
            </PluginDataHandler>
            <PluginDataHandler classKey="availableConverter"/>
        </PluginDataHandlers>
    </MetricPlugin>
    <MetricPlugin metricid="PowerOverloadStatus" collectType="" pluginid="IpmiPlugin">
        <PluginResultMetaInfo columns=""/>
        <PluginParameter type="ArrayType">
            <Parameter key="tool" value="ipmitool"/>
            <Parameter type="" key="command" value="chassis status"/>
        </PluginParameter>
        <PluginDataHandlers>
            <PluginDataHandler classKey="RegularFilter">
                <Parameter type="" key="REGULAR" value="Power Overload\s+:\s(\S+)"/>
            </PluginDataHandler>
            <PluginDataHandler classKey="translateProcessor">
                <Parameter type="" key="" value="false,正常;异常"/>
            </PluginDataHandler>
        </PluginDataHandlers>
    </MetricPlugin>
    <MetricPlugin metricid="MainPowerFaultStatus" collectType="" pluginid="IpmiPlugin">
        <PluginResultMetaInfo columns=""/>
        <PluginParameter type="ArrayType">
            <Parameter key="tool" value="ipmitool"/>
            <Parameter type="" key="command" value="chassis status"/>
        </PluginParameter>
        <PluginDataHandlers>
            <PluginDataHandler classKey="RegularFilter">
                <Parameter type="" key="REGULAR" value="Main Power Fault\s+:\s(\S+)"/>
            </PluginDataHandler>
            <PluginDataHandler classKey="translateProcessor">
                <Parameter type="" key="" value="false,正常;异常"/>
            </PluginDataHandler>
        </PluginDataHandlers>
    </MetricPlugin>  
    <MetricPlugin metricid="PoweControFaulStatu" collectType="" pluginid="IpmiPlugin">
        <PluginResultMetaInfo columns=""/>
        <PluginParameter type="ArrayType">
            <Parameter key="tool" value="ipmitool"/>
            <Parameter type="" key="command" value="chassis status"/>
        </PluginParameter>
        <PluginDataHandlers>
            <PluginDataHandler classKey="RegularFilter">
                <Parameter type="" key="REGULAR" value="Power Control Fault\s+:\s(\S+)"/>
            </PluginDataHandler>
            <PluginDataHandler classKey="translateProcessor">
                <Parameter type="" key="" value="false,正常;异常"/>
            </PluginDataHandler>
        </PluginDataHandlers>
    </MetricPlugin>   
    <MetricPlugin metricid="DriveFaultStatus" collectType="" pluginid="IpmiPlugin">
        <PluginResultMetaInfo columns=""/>
        <PluginParameter type="ArrayType">
            <Parameter key="tool" value="ipmitool"/>
            <Parameter type="" key="command" value="chassis status"/>
        </PluginParameter>
        <PluginDataHandlers>
            <PluginDataHandler classKey="RegularFilter">
                <Parameter type="" key="REGULAR" value="Drive Fault\s+:\s(\S+)"/>
            </PluginDataHandler>
            <PluginDataHandler classKey="translateProcessor">
                <Parameter type="" key="" value="false,正常;异常"/>
            </PluginDataHandler>
        </PluginDataHandlers>
    </MetricPlugin>
    <MetricPlugin metricid="CoolinFaFaulStatu" collectType="" pluginid="IpmiPlugin">
        <PluginResultMetaInfo columns=""/>
        <PluginParameter type="ArrayType">
            <Parameter key="tool" value="ipmitool"/>
            <Parameter type="" key="command" value="chassis status"/>
        </PluginParameter>
        <PluginDataHandlers>
            <PluginDataHandler classKey="RegularFilter">
                <Parameter type="" key="REGULAR" value="Cooling/Fan Fault\s+:\s(\S+)"/>
            </PluginDataHandler>
            <PluginDataHandler classKey="translateProcessor">
                <Parameter type="" key="" value="false,正常;异常"/>
            </PluginDataHandler>
        </PluginDataHandlers>
    </MetricPlugin>       
    <MetricPlugin metricid="ProductName" collectType="" pluginid="IpmiPlugin">
        <PluginResultMetaInfo columns="model"/>
        <PluginParameter type="ArrayType">
            <Parameter key="tool" value="ipmitool"/>
            <Parameter type="" key="command" value="fru"/>
        </PluginParameter>
        <PluginDataHandlers>
            <PluginDataHandler classKey="RegularFilter">
                <Parameter type="" key="REGULAR" value="Product Name\s+:\s(.+)"/>
            </PluginDataHandler>
            <PluginDataHandler classKey="selectProcessor">
                <Parameter value="select first(model) as model" key="SELECT"/>
            </PluginDataHandler>
        </PluginDataHandlers>
    </MetricPlugin>   
    <MetricPlugin metricid="ProductSerial" collectType="" pluginid="IpmiPlugin">
        <PluginResultMetaInfo columns="model"/>
        <PluginParameter type="ArrayType">
            <Parameter key="tool" value="ipmitool"/>
            <Parameter type="" key="command" value="fru"/>
        </PluginParameter>
        <PluginDataHandlers>
            <PluginDataHandler classKey="RegularFilter">
                <Parameter type="" key="REGULAR" value="Product Serial\s+:\s(.+)"/>
            </PluginDataHandler>
            <PluginDataHandler classKey="selectProcessor">
                <Parameter value="select first(model) as model" key="SELECT"/>
            </PluginDataHandler>
        </PluginDataHandlers>
    </MetricPlugin>
    <!-- Power -->
    <MetricPlugin metricid="powerIndex" collectType="" pluginid="IpmiPlugin">
        <PluginResultMetaInfo columns="powerIndex"/>
        <PluginParameter type="ArrayType">
            <Parameter key="tool" value="ipmitool"/>
            <Parameter type="" key="command" value="sdr type 'Power Supply'"/>
        </PluginParameter>
        <PluginDataHandlers>
            <PluginDataHandler classKey="RegularFilter">
                <Parameter type="" key="REGULAR" value="(PSU\d_STATUS)"/>
            </PluginDataHandler>
        </PluginDataHandlers>
        <PluginDataConverter classKey="subInstConverter">
            <Parameter type="" key="IndexColumnTitle" value="powerIndex"/>
            <Parameter type="" key="ValueColumnTitle" value="powerIndex"/>
        </PluginDataConverter>
    </MetricPlugin>
    <MetricPlugin metricid="powerStatus" collectType="" pluginid="IpmiPlugin">
        <PluginResultMetaInfo columns="powerIndex,powerStatus"/>
        <PluginParameter type="ArrayType">
            <Parameter key="tool" value="ipmitool"/>
            <Parameter type="" key="command" value="sdr type 'Power Supply'"/>
        </PluginParameter>
        <PluginDataHandlers>
            <PluginDataHandler classKey="RegularFilter">
                <Parameter type="" key="REGULAR" value="(PSU\d_STATUS)\s+\|\s\S+\s\|\s\S+\s+\|\s\S+\s+\|[\s&amp;&amp;[^\r\n]]+(.*)"/>
            </PluginDataHandler>
            <PluginDataHandler classKey="translateProcessor">
                <Parameter type="" key="powerStatus" value="Presence detected,1;0"/>
            </PluginDataHandler>
            <PluginDataHandler classKey="selectProcessor">
                <Parameter value="select  powerIndex, powerStatus" key="SELECT"/>
            </PluginDataHandler>
        </PluginDataHandlers>
        <PluginDataConverter classKey="subInstConverter">
            <Parameter type="" key="IndexColumnTitle" value="powerIndex"/>
            <Parameter type="" key="ValueColumnTitle" value="powerStatus"/>
            <Parameter type="ResourceProperty" key="InstPropertyKey" value="powerIndex"/>
        </PluginDataConverter>
    </MetricPlugin>
    <!-- Fan -->
    <MetricPlugin metricid="fanIndex" collectType="" pluginid="IpmiPlugin">
        <PluginResultMetaInfo columns="fanIndex"/>
        <PluginParameter type="ArrayType">
            <Parameter key="tool" value="ipmitool"/>
            <Parameter type="" key="command" value="sdr type Fan"/>
        </PluginParameter>
        <PluginDataHandlers>
            <PluginDataHandler classKey="RegularFilter">
                <Parameter type="" key="REGULAR" value="FAN(\d\_TACH\d)"/>
            </PluginDataHandler>
        </PluginDataHandlers>
        <PluginDataConverter classKey="subInstConverter">
            <Parameter type="" key="IndexColumnTitle" value="fanIndex"/>
            <Parameter type="" key="ValueColumnTitle" value="fanIndex"/>
        </PluginDataConverter>
    </MetricPlugin>
    <MetricPlugin metricid="fanName" collectType="" pluginid="IpmiPlugin">
        <PluginResultMetaInfo columns="fanName,fanIndex"/>
        <PluginParameter type="ArrayType">
            <Parameter key="tool" value="ipmitool"/>
            <Parameter type="" key="command" value="sdr type Fan"/>
        </PluginParameter>
        <PluginDataHandlers>
            <PluginDataHandler classKey="RegularFilter">
                <Parameter type="" key="REGULAR" value="(FAN)(\d\_TACH\d)"/>
            </PluginDataHandler>
            <PluginDataHandler classKey="selectProcessor">
                <Parameter value="SELECT (fanName+fanIndex) as fanName, fanIndex" key="SELECT"/>
            </PluginDataHandler>
        </PluginDataHandlers>
        <PluginDataConverter classKey="subInstConverter">
            <Parameter type="" key="IndexColumnTitle" value="fanIndex"/>
            <Parameter type="" key="ValueColumnTitle" value="fanName"/>
            <Parameter type="ResourceProperty" key="InstPropertyKey" value="fanIndex"/>
        </PluginDataConverter>
    </MetricPlugin>
    <MetricPlugin metricid="fanStatus" collectType="" pluginid="IpmiPlugin">
        <PluginResultMetaInfo columns="fanIndex,fanStatus"/>
        <PluginParameter type="ArrayType">
            <Parameter key="tool" value="ipmitool"/>
            <Parameter type="" key="command" value="sdr type Fan"/>
        </PluginParameter>
        <PluginDataHandlers>
            <PluginDataHandler classKey="RegularFilter">
                <Parameter type="" key="REGULAR" value="FAN(\d\_TACH\d)\s+\|\s\S+\s+\|\s+(\S+)"/>
            </PluginDataHandler>
            <PluginDataHandler classKey="translateProcessor">
                <Parameter type="" key="fanStatus" value="ok,1;0"/>
            </PluginDataHandler>
        </PluginDataHandlers>
        <PluginDataConverter classKey="subInstConverter">
            <Parameter type="" key="IndexColumnTitle" value="fanIndex"/>
            <Parameter type="" key="ValueColumnTitle" value="fanStatus"/>
            <Parameter type="ResourceProperty" key="InstPropertyKey" value="fanIndex"/>
        </PluginDataConverter>
    </MetricPlugin>
    <MetricPlugin metricid="fanRevolution" collectType="" pluginid="IpmiPlugin">
        <PluginResultMetaInfo columns="fanIndex,fanRevolution"/>
        <PluginParameter type="ArrayType">
            <Parameter key="tool" value="ipmitool"/>
            <Parameter type="" key="command" value="sdr type Fan"/>
        </PluginParameter>
        <PluginDataHandlers>
            <PluginDataHandler classKey="RegularFilter">
                <Parameter type="" key="REGULAR" value="FAN(\d\_TACH\d)\s+\|\s\S+\s+\|\s+\S+\s+\|\s\S+\s\|\s(\d+)"/>
            </PluginDataHandler>
        </PluginDataHandlers>
        <PluginDataConverter classKey="subInstConverter">
            <Parameter type="" key="IndexColumnTitle" value="fanIndex"/>
            <Parameter type="" key="ValueColumnTitle" value="fanRevolution"/>
            <Parameter type="ResourceProperty" key="InstPropertyKey" value="fanIndex"/>
        </PluginDataConverter>
    </MetricPlugin>  
    <!-- temp -->
    <MetricPlugin metricid="tempIndex" collectType="" pluginid="IpmiPlugin">
        <PluginResultMetaInfo columns="tempIndex"/>
        <PluginParameter type="ArrayType">
            <Parameter key="tool" value="ipmitool"/>
            <Parameter type="" key="command" value="sdr type Temperature"/>
        </PluginParameter>
        <PluginDataHandlers>
            <PluginDataHandler classKey="RegularFilter">
                <Parameter type="" key="REGULAR" value="(\S+)\s+\|\s\S+\s\|\s\S+\s+\|\s+\S+\s\|\s+\d+"/>
            </PluginDataHandler>
        </PluginDataHandlers>
        <PluginDataConverter classKey="subInstConverter">
            <Parameter type="" key="IndexColumnTitle" value="tempIndex"/>
            <Parameter type="" key="ValueColumnTitle" value="tempIndex"/>
        </PluginDataConverter>
    </MetricPlugin>
    <MetricPlugin metricid="tempStatus" collectType="" pluginid="IpmiPlugin">
        <PluginResultMetaInfo columns="tempIndex,tempStatus"/>
        <PluginParameter type="ArrayType">
            <Parameter key="tool" value="ipmitool"/>
            <Parameter type="" key="command" value="sdr type Temperature"/>
        </PluginParameter>
        <PluginDataHandlers>
            <PluginDataHandler classKey="RegularFilter">
                <Parameter type="" key="REGULAR" value="(\S+)\s+\|\s\S+\s\|\s(\S+)\s+\|\s+\S+\s\|\s+\d+"/>
            </PluginDataHandler>
            <PluginDataHandler classKey="translateProcessor">
                <Parameter type="" key="tempStatus" value="ok,1;0"/>
            </PluginDataHandler>
            <PluginDataHandler classKey="selectProcessor">
                <Parameter value="select  tempIndex, tempStatus" key="SELECT"/>
            </PluginDataHandler>
        </PluginDataHandlers>
        <PluginDataConverter classKey="subInstConverter">
            <Parameter type="" key="IndexColumnTitle" value="tempIndex"/>
            <Parameter type="" key="ValueColumnTitle" value="tempStatus"/>
            <Parameter type="ResourceProperty" key="InstPropertyKey" value="tempIndex"/>
        </PluginDataConverter>
    </MetricPlugin> 
    <MetricPlugin metricid="tempDegrees" collectType="" pluginid="IpmiPlugin">
        <PluginResultMetaInfo columns="tempIndex,tempDegrees"/>
        <PluginParameter type="ArrayType">
            <Parameter key="tool" value="ipmitool"/>
            <Parameter type="" key="command" value="sdr type Temperature"/>
        </PluginParameter>
        <PluginDataHandlers>
            <PluginDataHandler classKey="RegularFilter">
                <Parameter type="" key="REGULAR" value="(\S+)\s+\|\s\S+\s\|\s\S+\s+\|\s+\S+\s\|\s+(\d+)"/>
            </PluginDataHandler>
            <PluginDataHandler classKey="selectProcessor">
                <Parameter value="select  tempIndex, tempDegrees" key="SELECT"/>
            </PluginDataHandler>
        </PluginDataHandlers>
        <PluginDataConverter classKey="subInstConverter">
            <Parameter type="" key="IndexColumnTitle" value="tempIndex"/>
            <Parameter type="" key="ValueColumnTitle" value="tempDegrees"/>
            <Parameter type="ResourceProperty" key="InstPropertyKey" value="tempIndex"/>
        </PluginDataConverter>
    </MetricPlugin>   
    <!-- Voltage -->
    <MetricPlugin metricid="VoltageIndex" collectType="" pluginid="IpmiPlugin">
        <PluginResultMetaInfo columns="VoltageIndex"/>
        <PluginParameter type="ArrayType">
            <Parameter key="tool" value="ipmitool"/>
            <Parameter type="" key="command" value="sdr type Voltage"/>
        </PluginParameter>
        <PluginDataHandlers>
            <PluginDataHandler classKey="RegularFilter">
                <Parameter type="" key="REGULAR" value="(\S+)\s+\|\s\S+\s\|\s\S+\s+\|\s+\S+\s\|\s+\S+\sVolts"/>
            </PluginDataHandler>
        </PluginDataHandlers>
        <PluginDataConverter classKey="subInstConverter">
            <Parameter type="" key="IndexColumnTitle" value="VoltageIndex"/>
            <Parameter type="" key="ValueColumnTitle" value="VoltageIndex"/>
        </PluginDataConverter>
    </MetricPlugin>
    <MetricPlugin metricid="VoltageStatus" collectType="" pluginid="IpmiPlugin">
        <PluginResultMetaInfo columns="VoltageIndex,VoltageStatus"/>
        <PluginParameter type="ArrayType">
            <Parameter key="tool" value="ipmitool"/>
            <Parameter type="" key="command" value="sdr type Voltage"/>
        </PluginParameter>
        <PluginDataHandlers>
            <PluginDataHandler classKey="RegularFilter">
                <Parameter type="" key="REGULAR" value="(\S+)\s+\|\s\S+\s\|\s(\S+)\s+\|\s+\S+\s\|\s+\S+\sVolts"/>
            </PluginDataHandler>
            <PluginDataHandler classKey="translateProcessor">
                <Parameter type="" key="VoltageStatus" value="ok,1;0"/>
            </PluginDataHandler>
            <PluginDataHandler classKey="selectProcessor">
                <Parameter value="select  VoltageIndex, VoltageStatus" key="SELECT"/>
            </PluginDataHandler>
        </PluginDataHandlers>
        <PluginDataConverter classKey="subInstConverter">
            <Parameter type="" key="IndexColumnTitle" value="VoltageIndex"/>
            <Parameter type="" key="ValueColumnTitle" value="VoltageStatus"/>
            <Parameter type="ResourceProperty" key="InstPropertyKey" value="VoltageIndex"/>
        </PluginDataConverter>
    </MetricPlugin> 
    <MetricPlugin metricid="VoltageVolts" collectType="" pluginid="IpmiPlugin">
        <PluginResultMetaInfo columns="VoltageIndex,VoltageVolts"/>
        <PluginParameter type="ArrayType">
            <Parameter key="tool" value="ipmitool"/>
            <Parameter type="" key="command" value="sdr type Voltage"/>
        </PluginParameter>
        <PluginDataHandlers>
            <PluginDataHandler classKey="RegularFilter">
                <Parameter type="" key="REGULAR" value="(\S+)\s+\|\s\S+\s\|\s\S+\s+\|\s+\S+\s\|\s+(\S+)\sVolts"/>
            </PluginDataHandler>
            <PluginDataHandler classKey="selectProcessor">
                <Parameter value="select  VoltageIndex, VoltageVolts" key="SELECT"/>
            </PluginDataHandler>
        </PluginDataHandlers>
        <PluginDataConverter classKey="subInstConverter">
            <Parameter type="" key="IndexColumnTitle" value="VoltageIndex"/>
            <Parameter type="" key="ValueColumnTitle" value="VoltageVolts"/>
            <Parameter type="ResourceProperty" key="InstPropertyKey" value="VoltageIndex"/>
        </PluginDataConverter>
    </MetricPlugin> 
     <!-- Current -->
    <MetricPlugin metricid="CurrentIndex" collectType="" pluginid="IpmiPlugin">
        <PluginResultMetaInfo columns="CurrentIndex"/>
        <PluginParameter type="ArrayType">
            <Parameter key="tool" value="ipmitool"/>
            <Parameter type="" key="command" value="sdr type Current"/>
        </PluginParameter>
        <PluginDataHandlers>
            <PluginDataHandler classKey="RegularFilter">
                <Parameter type="" key="REGULAR" value="(PSU\d_IOUT)"/>
            </PluginDataHandler>
        </PluginDataHandlers>
        <PluginDataConverter classKey="subInstConverter">
            <Parameter type="" key="IndexColumnTitle" value="CurrentIndex"/>
            <Parameter type="" key="ValueColumnTitle" value="CurrentIndex"/>
        </PluginDataConverter>
    </MetricPlugin>
    <MetricPlugin metricid="CurrentStatus" collectType="" pluginid="IpmiPlugin">
        <PluginResultMetaInfo columns="CurrentIndex,CurrentStatus"/>
        <PluginParameter type="ArrayType">
            <Parameter key="tool" value="ipmitool"/>
            <Parameter type="" key="command" value="sdr type Current"/>
        </PluginParameter>
        <PluginDataHandlers>
            <PluginDataHandler classKey="RegularFilter">
                <Parameter type="" key="REGULAR" value="(PSU\d_IOUT)\s+\|\s\S+\s\|\s(\S+)"/>
            </PluginDataHandler>
            <PluginDataHandler classKey="translateProcessor">
                <Parameter type="" key="CurrentStatus" value="ok,1;0"/>
            </PluginDataHandler>
            <PluginDataHandler classKey="selectProcessor">
                <Parameter value="select  CurrentIndex, CurrentStatus" key="SELECT"/>
            </PluginDataHandler>
        </PluginDataHandlers>
        <PluginDataConverter classKey="subInstConverter">
            <Parameter type="" key="IndexColumnTitle" value="CurrentIndex"/>
            <Parameter type="" key="ValueColumnTitle" value="CurrentStatus"/>
            <Parameter type="ResourceProperty" key="InstPropertyKey" value="CurrentIndex"/>
        </PluginDataConverter>
    </MetricPlugin> 
    <MetricPlugin metricid="CurrentAmps" collectType="" pluginid="IpmiPlugin">
        <PluginResultMetaInfo columns="CurrentIndex,CurrentAmps"/>
        <PluginParameter type="ArrayType">
            <Parameter key="tool" value="ipmitool"/>
            <Parameter type="" key="command" value="sdr type Current"/>
        </PluginParameter>
        <PluginDataHandlers>
            <PluginDataHandler classKey="RegularFilter">
                <Parameter type="" key="REGULAR" value="(PSU\d_IOUT)\s+\|\s\S+\s\|\s\S+\s+\|\s\S+\s\|\s(\S+)"/>
            </PluginDataHandler>
            <PluginDataHandler classKey="selectProcessor">
                <Parameter value="select  CurrentIndex, CurrentAmps" key="SELECT"/>
            </PluginDataHandler>
        </PluginDataHandlers>
        <PluginDataConverter classKey="subInstConverter">
            <Parameter type="" key="IndexColumnTitle" value="CurrentIndex"/>
            <Parameter type="" key="ValueColumnTitle" value="CurrentAmps"/>
            <Parameter type="ResourceProperty" key="InstPropertyKey" value="CurrentIndex"/>
        </PluginDataConverter>
    </MetricPlugin>
     <!-- DIMM -->     
    <MetricPlugin metricid="DIMMIndex" collectType="" pluginid="IpmiPlugin">
        <PluginResultMetaInfo columns="DIMMIndex"/>
        <PluginParameter type="ArrayType">
            <Parameter key="tool" value="ipmitool"/>
            <Parameter type="" key="command" value="sdr type Memory"/>
        </PluginParameter>
        <PluginDataHandlers>
            <PluginDataHandler classKey="RegularFilter">
                <Parameter type="" key="REGULAR" value="DDR\d_P\d_(\S+)_ECC"/>
            </PluginDataHandler>
            <PluginDataHandler classKey="selectProcessor">
                <Parameter value="select ('DIMM_'+DIMMIndex) as DIMMIndex" key="SELECT"/>
            </PluginDataHandler>
        </PluginDataHandlers>
        <PluginDataConverter classKey="subInstConverter">
            <Parameter type="" key="IndexColumnTitle" value="DIMMIndex"/>
            <Parameter type="" key="ValueColumnTitle" value="DIMMIndex"/>
        </PluginDataConverter>
    </MetricPlugin>
    <MetricPlugin metricid="DIMMStatus" collectType="" pluginid="IpmiPlugin">
        <PluginResultMetaInfo columns="DIMMIndex,DIMMStatus"/>
        <PluginParameter type="ArrayType">
            <Parameter key="tool" value="ipmitool"/>
            <Parameter type="" key="command" value="sdr type Memory"/>
        </PluginParameter>
        <PluginDataHandlers>
            <PluginDataHandler classKey="RegularFilter">
                <Parameter type="" key="REGULAR" value="DDR\d_P\d_(\S+)_ECC\s+\|\s\S+\s\|\s(\S+)"/>
            </PluginDataHandler>
            <PluginDataHandler classKey="translateProcessor">
                <Parameter type="" key="DIMMStatus" value="ok,1;0"/>
            </PluginDataHandler>
            <PluginDataHandler classKey="selectProcessor">
                <Parameter value="select ('DIMM_'+DIMMIndex) as DIMMIndex" key="SELECT"/>
            </PluginDataHandler>  
        </PluginDataHandlers>
        <PluginDataConverter classKey="subInstConverter">
            <Parameter type="" key="IndexColumnTitle" value="DIMMIndex"/>
            <Parameter type="" key="ValueColumnTitle" value="DIMMStatus"/>
            <Parameter type="ResourceProperty" key="InstPropertyKey" value="DIMMIndex"/>
        </PluginDataConverter>
    </MetricPlugin>  
     <!-- HDD -->     
    <MetricPlugin metricid="HDDIndex" collectType="" pluginid="IpmiPlugin">
        <PluginResultMetaInfo columns="HDDIndex"/>
        <PluginParameter type="ArrayType">
            <Parameter key="tool" value="ipmitool"/>
            <Parameter type="" key="command" value="sdr elist all"/>
        </PluginParameter>
        <PluginDataHandlers>
            <PluginDataHandler classKey="RegularFilter">
                <Parameter type="" key="REGULAR" value="(HDD\d+_STATUS)"/>
            </PluginDataHandler>
        </PluginDataHandlers>
        <PluginDataConverter classKey="subInstConverter">
            <Parameter type="" key="IndexColumnTitle" value="HDDIndex"/>
            <Parameter type="" key="ValueColumnTitle" value="HDDIndex"/>
        </PluginDataConverter>
    </MetricPlugin>
    <MetricPlugin metricid="HDDStatus" collectType="" pluginid="IpmiPlugin">
        <PluginResultMetaInfo columns="HDDIndex,HDDStatus"/>
        <PluginParameter type="ArrayType">
            <Parameter key="tool" value="ipmitool"/>
            <Parameter type="" key="command" value="sdr elist all"/>
        </PluginParameter>
        <PluginDataHandlers>
            <PluginDataHandler classKey="RegularFilter">
                <Parameter type="" key="REGULAR" value="(HDD\d+_STATUS)\s+\|\s\S+\s\|\s\S+\s+\|\s+\S+\s\|[\s&amp;&amp;[^\r\n]]+(.*)"/>
            </PluginDataHandler>
            <PluginDataHandler classKey="translateProcessor">
                <Parameter type="" key="HDDStatus" value="Drive Present,1;0"/>
            </PluginDataHandler>  
        </PluginDataHandlers>
        <PluginDataConverter classKey="subInstConverter">
            <Parameter type="" key="IndexColumnTitle" value="HDDIndex"/>
            <Parameter type="" key="ValueColumnTitle" value="HDDStatus"/>
            <Parameter type="ResourceProperty" key="InstPropertyKey" value="HDDIndex"/>
        </PluginDataConverter>
    </MetricPlugin>                                                                                     
</MetricPlugins>
