<?xml version="1.0" encoding="UTF-8"?>

<MetricPlugins xmlns:xsi="http://www.w3.org/2001/XMLSchema-instance" version="1.0" xsi:noNamespaceSchemaLocation="../../../schema/Collect.xsd">
    <GlobalMetricSetting isEncrypt="FALSE" version="4.1.0"/>
    <PluginClassAliasList>
        <PluginClassAlias id="defaultProcessor" class="com.mainsteam.stm.plugin.common.DefaultResultSetProcessor"/>
        <PluginClassAlias id="defaultConverter" class="com.mainsteam.stm.plugin.common.DefaultResultSetConverter"/>
        <PluginClassAlias id="selectProcessor" class="com.mainsteam.stm.plugin.common.SelectResultSetProcessor"/>
        <PluginClassAlias id="columnPasteProcessor" class="com.mainsteam.stm.plugin.common.ColumnPasteProcessor"/>
        <PluginClassAlias id="RegularFilter" class="com.mainsteam.stm.plugin.common.RegularFilter"/>
        <PluginClassAlias id="subInstConverter" class="com.mainsteam.stm.plugin.common.SubInstResultSetConverter"/>
        <PluginClassAlias id="availableConverter" class="com.mainsteam.stm.plugin.common.AvailableConverter"/>
        <PluginClassAlias id="tableConverter" class="com.mainsteam.stm.plugin.common.TableResultSetConverter"/>
        <PluginClassAlias id="translateProcessor" class="com.mainsteam.stm.plugin.common.TranslateResultSetProcessor"/>
        <PluginClassAlias id="ChangeRateProcessor" class="com.mainsteam.stm.plugin.common.ChangeRateProcessor"/>
        <PluginClassAlias id="rowFilterProcessor" class="com.mainsteam.stm.plugin.common.RowFilterProcessor"/>
        <PluginClassAlias id="FormatProcessor" class="com.mainsteam.stm.plugin.common.FormatProcessor"/>
    	<PluginClassAlias id="regexTransProcessor" class="com.mainsteam.stm.plugin.common.RegexTransProcessor"/>
    </PluginClassAliasList>
    <MetricPlugin metricid="PowerStatus" collectType="" pluginid="IpmiPlugin">
        <PluginResultMetaInfo columns=""/>
        <PluginParameter type="ArrayType">
            <Parameter key="tool" value="ipmitool"/>
            <Parameter key="command" value="power status"/>
        </PluginParameter>
        <PluginDataHandlers>
            <PluginDataHandler classKey="RegularFilter">
                <Parameter type="" key="REGULAR" value="Chassis Power is (on)"/>
            </PluginDataHandler>
            <PluginDataHandler classKey="translateProcessor">
                <Parameter type="" key="" value="on,1;0"/>
            </PluginDataHandler>
            <PluginDataHandler classKey="availableConverter"/>
        </PluginDataHandlers>
    </MetricPlugin>
    <MetricPlugin metricid="ProductName" collectType="" pluginid="IpmiPlugin">
        <PluginResultMetaInfo columns=""/>
        <PluginParameter type="ArrayType">
            <Parameter key="tool" value="ipmitool"/>
            <Parameter type="" key="command" value="fru"/>
        </PluginParameter>
        <PluginDataHandlers>
            <PluginDataHandler classKey="RegularFilter">
                <Parameter type="" key="REGULAR" value="Product Name\s+:\s([^\r^\n]+)"/>
            </PluginDataHandler>
        </PluginDataHandlers>
    </MetricPlugin>
    <MetricPlugin metricid="BoardMfgDate" collectType="" pluginid="IpmiPlugin">
        <PluginResultMetaInfo columns=""/>
        <PluginParameter type="ArrayType">
            <Parameter key="tool" value="ipmitool"/>
            <Parameter type="" key="command" value="fru"/>
        </PluginParameter>
        <PluginDataHandlers>
            <PluginDataHandler classKey="RegularFilter">
                <Parameter type="" key="REGULAR" value="Board Mfg Date\s+:\s([^\r^\n]+)"/>
            </PluginDataHandler>
        </PluginDataHandlers>
    </MetricPlugin>
    <MetricPlugin metricid="BoardMfg" collectType="" pluginid="IpmiPlugin">
        <PluginResultMetaInfo columns=""/>
        <PluginParameter type="ArrayType">
            <Parameter key="tool" value="ipmitool"/>
            <Parameter type="" key="command" value="fru"/>
        </PluginParameter>
        <PluginDataHandlers>
            <PluginDataHandler classKey="RegularFilter">
                <Parameter type="" key="REGULAR" value="Board Mfg\s+:\s([^\r^\n]+)"/>
            </PluginDataHandler>
        </PluginDataHandlers>
    </MetricPlugin>
    <MetricPlugin metricid="BoardProduct" collectType="" pluginid="IpmiPlugin">
        <PluginResultMetaInfo columns=""/>
        <PluginParameter type="ArrayType">
            <Parameter key="tool" value="ipmitool"/>
            <Parameter type="" key="command" value="fru"/>
        </PluginParameter>
        <PluginDataHandlers>
            <PluginDataHandler classKey="RegularFilter">
                <Parameter type="" key="REGULAR" value="Board Product\s+:\s([^\r^\n]+)"/>
            </PluginDataHandler>
        </PluginDataHandlers>
    </MetricPlugin>
    <MetricPlugin metricid="ProductSerial" collectType="" pluginid="IpmiPlugin">
        <PluginResultMetaInfo columns=""/>
        <PluginParameter type="ArrayType">
            <Parameter key="tool" value="ipmitool"/>
            <Parameter type="" key="command" value="fru"/>
        </PluginParameter>
        <PluginDataHandlers>
            <PluginDataHandler classKey="RegularFilter">
                <Parameter type="" key="REGULAR" value="Product Serial\s+:\s([^\r^\n]+)"/>
            </PluginDataHandler>
        </PluginDataHandlers>
    </MetricPlugin>
    <MetricPlugin metricid="PowerOverloadStatus" collectType="" pluginid="IpmiPlugin">
        <PluginResultMetaInfo columns=""/>
        <PluginParameter type="ArrayType">
            <Parameter key="tool" value="ipmitool"/>
            <Parameter type="" key="command" value="chassis status"/>
        </PluginParameter>
        <PluginDataHandlers>
            <PluginDataHandler classKey="RegularFilter">
                <Parameter type="" key="REGULAR" value="Power Overload\s+:\s(\S+)"/>
            </PluginDataHandler>
            <PluginDataHandler classKey="translateProcessor">
                <Parameter type="" key="" value="false,正常;异常"/>
            </PluginDataHandler>
        </PluginDataHandlers>
    </MetricPlugin>
    <MetricPlugin metricid="PowerOverInterlock" collectType="" pluginid="IpmiPlugin">
        <PluginResultMetaInfo columns=""/>
        <PluginParameter type="ArrayType">
            <Parameter key="tool" value="ipmitool"/>
            <Parameter type="" key="command" value="chassis status"/>
        </PluginParameter>
        <PluginDataHandlers>
            <PluginDataHandler classKey="RegularFilter">
                <Parameter type="" key="REGULAR" value="Power Interlock\s+:\s(\S+)"/>
            </PluginDataHandler>
            <PluginDataHandler classKey="translateProcessor">
                <Parameter type="" key="" value="inactive,未激活;激活"/>
            </PluginDataHandler>
        </PluginDataHandlers>
    </MetricPlugin>
    <MetricPlugin metricid="PowerControlFault" collectType="" pluginid="IpmiPlugin">
        <PluginResultMetaInfo columns=""/>
        <PluginParameter type="ArrayType">
            <Parameter key="tool" value="ipmitool"/>
            <Parameter type="" key="command" value="chassis status"/>
        </PluginParameter>
        <PluginDataHandlers>
            <PluginDataHandler classKey="RegularFilter">
                <Parameter type="" key="REGULAR" value="Power Control Fault\s+:\s(\S+)"/>
            </PluginDataHandler>
            <PluginDataHandler classKey="translateProcessor">
                <Parameter type="" key="" value="false,正常;有错误"/>
            </PluginDataHandler>
        </PluginDataHandlers>
    </MetricPlugin>
    <MetricPlugin metricid="PowerRestorePolicy" collectType="" pluginid="IpmiPlugin">
        <PluginResultMetaInfo columns=""/>
        <PluginParameter type="ArrayType">
            <Parameter key="tool" value="ipmitool"/>
            <Parameter type="" key="command" value="chassis status"/>
        </PluginParameter>
        <PluginDataHandlers>
            <PluginDataHandler classKey="RegularFilter">
                <Parameter type="" key="REGULAR" value="Power Restore Policy\s+:\s(\S+)"/>
            </PluginDataHandler>
        </PluginDataHandlers>
    </MetricPlugin>
    <MetricPlugin metricid="LastPowerEvent" collectType="" pluginid="IpmiPlugin">
        <PluginResultMetaInfo columns=""/>
        <PluginParameter type="ArrayType">
            <Parameter key="tool" value="ipmitool"/>
            <Parameter type="" key="command" value="chassis status"/>
        </PluginParameter>
        <PluginDataHandlers>
            <PluginDataHandler classKey="RegularFilter">
                <Parameter type="" key="REGULAR" value="Last Power Event\s+:\s(\S+)"/>
            </PluginDataHandler>
        </PluginDataHandlers>
    </MetricPlugin>
    <MetricPlugin metricid="ChassisIntrusion" collectType="" pluginid="IpmiPlugin">
        <PluginResultMetaInfo columns=""/>
        <PluginParameter type="ArrayType">
            <Parameter key="tool" value="ipmitool"/>
            <Parameter type="" key="command" value="chassis status"/>
        </PluginParameter>
        <PluginDataHandlers>
            <PluginDataHandler classKey="RegularFilter">
                <Parameter type="" key="REGULAR" value="Chassis Intrusion\s+:\s(\S+)"/>
            </PluginDataHandler>
            <PluginDataHandler classKey="translateProcessor">
                <Parameter type="" key="" value="inactive,未激活;激活"/>
            </PluginDataHandler>
        </PluginDataHandlers>
    </MetricPlugin>
    <MetricPlugin metricid="FrontPanelLockout" collectType="" pluginid="IpmiPlugin">
        <PluginResultMetaInfo columns=""/>
        <PluginParameter type="ArrayType">
            <Parameter key="tool" value="ipmitool"/>
            <Parameter type="" key="command" value="chassis status"/>
        </PluginParameter>
        <PluginDataHandlers>
            <PluginDataHandler classKey="RegularFilter">
                <Parameter type="" key="REGULAR" value="Front-Panel Lockout\s+:\s(\S+)"/>
            </PluginDataHandler>
            <PluginDataHandler classKey="translateProcessor">
                <Parameter type="" key="" value="inactive,未激活;激活"/>
            </PluginDataHandler>
        </PluginDataHandlers>
    </MetricPlugin>
    <MetricPlugin metricid="DriveFault" collectType="" pluginid="IpmiPlugin">
        <PluginResultMetaInfo columns=""/>
        <PluginParameter type="ArrayType">
            <Parameter key="tool" value="ipmitool"/>
            <Parameter type="" key="command" value="chassis status"/>
        </PluginParameter>
        <PluginDataHandlers>
            <PluginDataHandler classKey="RegularFilter">
                <Parameter type="" key="REGULAR" value="Drive Fault\s+:\s(\S+)"/>
            </PluginDataHandler>
            <PluginDataHandler classKey="translateProcessor">
                <Parameter type="" key="" value="false,正常;有错误"/>
            </PluginDataHandler>
        </PluginDataHandlers>
    </MetricPlugin>
    <MetricPlugin metricid="FanFault" collectType="" pluginid="IpmiPlugin">
        <PluginResultMetaInfo columns=""/>
        <PluginParameter type="ArrayType">
            <Parameter key="tool" value="ipmitool"/>
            <Parameter type="" key="command" value="chassis status"/>
        </PluginParameter>
        <PluginDataHandlers>
            <PluginDataHandler classKey="RegularFilter">
                <Parameter type="" key="REGULAR" value="Cooling/Fan Fault\s+:\s(\S+)"/>
            </PluginDataHandler>
            <PluginDataHandler classKey="translateProcessor">
                <Parameter type="" key="" value="false,正常;有错误"/>
            </PluginDataHandler>
        </PluginDataHandlers>
    </MetricPlugin>
      <!-- 机箱温度 -->
    <MetricPlugin metricid="AmbientTemp" collectType="" pluginid="IpmiPlugin">
        <PluginResultMetaInfo columns=""/>
        <PluginParameter type="ArrayType">
            <Parameter key="tool" value="ipmitool"/>
            <Parameter key="command" value="sdr elist all"/>
        </PluginParameter>
        <PluginDataHandlers>
            <PluginDataHandler classKey="RegularFilter">
                <Parameter type="" key="REGULAR" value="Inlet_Temp\s+\|\s+\S+\s+\|\s+\S+\s+\|\s+\S+\s+\|\s+(\S+)"/>
            </PluginDataHandler>
        </PluginDataHandlers>
    </MetricPlugin>
    <!-- Fan -->
    <MetricPlugin metricid="fanIndex" collectType="" pluginid="IpmiPlugin">
        <PluginResultMetaInfo columns="fanIndex"/>
        <PluginParameter type="ArrayType">
            <Parameter key="tool" value="ipmitool"/>
            <Parameter type="" key="command" value="sdr elist all"/>
        </PluginParameter>
        <PluginDataHandlers>
            <PluginDataHandler classKey="RegularFilter">
                <Parameter type="" key="REGULAR" value="FAN_(\d+)"/>
            </PluginDataHandler>
        </PluginDataHandlers>
        <PluginDataConverter classKey="subInstConverter">
            <Parameter type="" key="IndexColumnTitle" value="fanIndex"/>
            <Parameter type="" key="ValueColumnTitle" value="fanIndex"/>
        </PluginDataConverter>
    </MetricPlugin>
    <MetricPlugin metricid="fanName" collectType="" pluginid="IpmiPlugin">
        <PluginResultMetaInfo columns="fanName,fanIndex"/>
        <PluginParameter type="ArrayType">
            <Parameter key="tool" value="ipmitool"/>
            <Parameter type="" key="command" value="sdr elist all"/>
        </PluginParameter>
        <PluginDataHandlers>
            <PluginDataHandler classKey="RegularFilter">
                <Parameter type="" key="REGULAR" value="(FAN)_(\d+)"/>
            </PluginDataHandler>
            <PluginDataHandler classKey="selectProcessor">
                <Parameter value="SELECT (fanName+fanIndex) as fanName, fanIndex" key="SELECT"/>
            </PluginDataHandler>
        </PluginDataHandlers>
        <PluginDataConverter classKey="subInstConverter">
            <Parameter type="" key="IndexColumnTitle" value="fanIndex"/>
            <Parameter type="" key="ValueColumnTitle" value="fanName"/>
            <Parameter type="ResourceProperty" key="InstPropertyKey" value="fanIndex"/>
        </PluginDataConverter>
    </MetricPlugin>
    <MetricPlugin metricid="fanStatus" collectType="" pluginid="IpmiPlugin">
        <PluginResultMetaInfo columns="fanIndex,fanStatus"/>
        <PluginParameter type="ArrayType">
            <Parameter key="tool" value="ipmitool"/>
            <Parameter type="" key="command" value="sdr elist all"/>
        </PluginParameter>
        <PluginDataHandlers>
            <PluginDataHandler classKey="RegularFilter">
                <Parameter type="" key="REGULAR" value="FAN_(\d+)\s+\S\s+\S+\s+\S+\s+(\S+)"/>
            </PluginDataHandler>
            <PluginDataHandler classKey="translateProcessor">
                <Parameter type="" key="fanStatus" value="ok,1;0"/>
            </PluginDataHandler>
        </PluginDataHandlers>
        <PluginDataConverter classKey="subInstConverter">
            <Parameter type="" key="IndexColumnTitle" value="fanIndex"/>
            <Parameter type="" key="ValueColumnTitle" value="fanStatus"/>
            <Parameter type="ResourceProperty" key="InstPropertyKey" value="fanIndex"/>
        </PluginDataConverter>
    </MetricPlugin>
    <MetricPlugin metricid="fanRevolution" collectType="" pluginid="IpmiPlugin">
        <PluginResultMetaInfo columns="fanIndex,fanRevolution"/>
        <PluginParameter type="ArrayType">
            <Parameter key="tool" value="ipmitool"/>
            <Parameter type="" key="command" value="sdr elist all"/>
        </PluginParameter>
        <PluginDataHandlers>
            <PluginDataHandler classKey="RegularFilter">
                <Parameter type="" key="REGULAR" value="FAN_(\d+)\s+\S\s+\S+\s+\S+\s+\S+\s+\S+\s+\S+\s+\S+\s+(\S+)"/>
            </PluginDataHandler>
        </PluginDataHandlers>
        <PluginDataConverter classKey="subInstConverter">
            <Parameter type="" key="IndexColumnTitle" value="fanIndex"/>
            <Parameter type="" key="ValueColumnTitle" value="fanRevolution"/>
            <Parameter type="ResourceProperty" key="InstPropertyKey" value="fanIndex"/>
        </PluginDataConverter>
    </MetricPlugin>
    <!-- HardDisk -->
    <MetricPlugin metricid="hddIndex" collectType="" pluginid="IpmiPlugin">
        <PluginResultMetaInfo columns="hddIndex"/>
        <PluginParameter type="ArrayType">
            <Parameter key="tool" value="ipmitool"/>
            <Parameter type="" key="command" value="sdr elist all"/>
        </PluginParameter>
        <PluginDataHandlers>
            <PluginDataHandler classKey="RegularFilter">
                <Parameter type="" key="REGULAR" value="(HDD\d+)_Status"/>
            </PluginDataHandler>
        </PluginDataHandlers>
        <PluginDataConverter classKey="subInstConverter">
            <Parameter type="" key="IndexColumnTitle" value="hddIndex"/>
            <Parameter type="" key="ValueColumnTitle" value="hddIndex"/>
        </PluginDataConverter>
    </MetricPlugin>
    <MetricPlugin metricid="hddStatus" collectType="" pluginid="IpmiPlugin">
        <PluginResultMetaInfo columns="hddIndex,hddStatus"/>
        <PluginParameter type="ArrayType">
            <Parameter key="tool" value="ipmitool"/>
            <Parameter type="" key="command" value="sdr elist all"/>
        </PluginParameter>
        <PluginDataHandlers>
            <PluginDataHandler classKey="RegularFilter">
            <Parameter type="ResourceProperty" key="hddIndex" value="hddIndex"/>
                <Parameter type="" key="REGULAR" value="(${hddIndex})_Status\s+\S\s+\S+\s\S+\s(\S+)"/>
            </PluginDataHandler>
            <PluginDataHandler classKey="translateProcessor">
                <Parameter type="" key="hddStatus" value="ok,1;0"/>
            </PluginDataHandler>
        </PluginDataHandlers>
        <PluginDataConverter classKey="subInstConverter">
            <Parameter type="" key="IndexColumnTitle" value="hddIndex"/>
            <Parameter type="" key="ValueColumnTitle" value="hddStatus"/>
            <Parameter type="ResourceProperty" key="InstPropertyKey" value="hddIndex"/>
        </PluginDataConverter>
    </MetricPlugin>
    <MetricPlugin metricid="drivePresent" collectType="" pluginid="IpmiPlugin">
        <PluginResultMetaInfo columns="hddIndex,drivePresent"/>
        <PluginParameter type="ArrayType">
            <Parameter key="tool" value="ipmitool"/>
            <Parameter type="" key="command" value="sdr elist all"/>
        </PluginParameter>
        <PluginDataHandlers>
            <PluginDataHandler classKey="RegularFilter">
                <Parameter type="ResourceProperty" key="hddIndex" value="hddIndex"/>
                <Parameter type="" key="REGULAR" value="(${hddIndex})_Status\s+\S\s+\S+\s\S+\s+\S+\s+\|\s+\S+\s+\|[\s&amp;&amp;[^\r\n]]*(.*)"/>
            </PluginDataHandler>
<!--             <PluginDataHandler classKey="translateProcessor"> -->
<!--                 <Parameter type="" key="drivePresent" value="Drive Present,使用中;空闲"/> -->
<!--             </PluginDataHandler> -->
         	<PluginDataHandler classKey="regexTransProcessor">
                <Parameter type="" key="Column" value="drivePresent"/>
                <Parameter type="" key="Patten" value="Drive Present"/>
                <Parameter type="" key="Target" value="使用中"/>              
                <Parameter type="" key="Default" value="未使用"/>
            </PluginDataHandler> 
        </PluginDataHandlers>
<!--         <PluginDataConverter classKey="subInstConverter"> -->
<!--             <Parameter type="" key="IndexColumnTitle" value="hddIndex"/> -->
<!--             <Parameter type="" key="ValueColumnTitle" value="drivePresent"/> -->
<!--             <Parameter type="ResourceProperty" key="InstPropertyKey" value="hddIndex"/> -->
<!--         </PluginDataConverter> -->
    </MetricPlugin>
    <!-- Processor -->
    <MetricPlugin metricid="processorIndex" collectType="" pluginid="IpmiPlugin">
        <PluginResultMetaInfo columns="processorIndex"/>
        <PluginParameter type="ArrayType">
            <Parameter key="tool" value="ipmitool"/>
            <Parameter type="" key="command" value="sdr elist all"/>
        </PluginParameter>
        <PluginDataHandlers>
            <PluginDataHandler classKey="RegularFilter">
                <Parameter type="" key="REGULAR" value="CPU(\d+)_Status"/>
            </PluginDataHandler>
        </PluginDataHandlers>
        <PluginDataConverter classKey="subInstConverter">
            <Parameter type="" key="IndexColumnTitle" value="processorIndex"/>
            <Parameter type="" key="ValueColumnTitle" value="processorIndex"/>
        </PluginDataConverter>
    </MetricPlugin>
    <MetricPlugin metricid="processorName" collectType="" pluginid="IpmiPlugin">
        <PluginResultMetaInfo columns="processorName,processorIndex"/>
        <PluginParameter type="ArrayType">
            <Parameter key="tool" value="ipmitool"/>
            <Parameter type="" key="command" value="sdr elist all"/>
        </PluginParameter>
        <PluginDataHandlers>
            <PluginDataHandler classKey="RegularFilter">
                <Parameter type="" key="REGULAR" value="(CPU(\d+))_Status"/>
            </PluginDataHandler>
        </PluginDataHandlers>
        <PluginDataConverter classKey="subInstConverter">
            <Parameter type="" key="IndexColumnTitle" value="processorIndex"/>
            <Parameter type="" key="ValueColumnTitle" value="processorName"/>
            <Parameter type="ResourceProperty" key="InstPropertyKey" value="processorIndex"/>
        </PluginDataConverter>
    </MetricPlugin>
    <MetricPlugin metricid="processorStatus" collectType="" pluginid="IpmiPlugin">
        <PluginResultMetaInfo columns="processorIndex,processorStatus"/>
        <PluginParameter type="ArrayType">
            <Parameter key="tool" value="ipmitool"/>
            <Parameter type="" key="command" value="sdr elist all"/>
        </PluginParameter>
        <PluginDataHandlers>
            <PluginDataHandler classKey="RegularFilter">
                <Parameter type="" key="REGULAR" value="CPU(\d+)_Status\s+\s*\|\s*\S+\s*\|\s*(\S+)"/>
            </PluginDataHandler>
            <PluginDataHandler classKey="translateProcessor">
                <Parameter type="" key="processorStatus" value="ok,1;0"/>
            </PluginDataHandler>
        </PluginDataHandlers>
        <PluginDataConverter classKey="subInstConverter">
            <Parameter type="" key="IndexColumnTitle" value="processorIndex"/>
            <Parameter type="" key="ValueColumnTitle" value="processorStatus"/>
            <Parameter type="ResourceProperty" key="InstPropertyKey" value="processorIndex"/>
        </PluginDataConverter>
    </MetricPlugin>
    <!-- Power -->
    <MetricPlugin metricid="powerIndex" collectType="" pluginid="IpmiPlugin">
        <PluginResultMetaInfo columns="powerIndex"/>
        <PluginParameter type="ArrayType">
            <Parameter key="tool" value="ipmitool"/>
            <Parameter type="" key="command" value="sdr elist all"/>
        </PluginParameter>
        <PluginDataHandlers>
            <PluginDataHandler classKey="RegularFilter">
                <Parameter type="" key="REGULAR" value="PSU(\d+)_Supply"/>
            </PluginDataHandler>
        </PluginDataHandlers>
        <PluginDataConverter classKey="subInstConverter">
            <Parameter type="" key="IndexColumnTitle" value="powerIndex"/>
            <Parameter type="" key="ValueColumnTitle" value="powerIndex"/>
        </PluginDataConverter>
    </MetricPlugin>
    <MetricPlugin metricid="powerName" collectType="" pluginid="IpmiPlugin">
        <PluginResultMetaInfo columns="powerName,powerIndex"/>
        <PluginParameter type="ArrayType">
            <Parameter key="tool" value="ipmitool"/>
            <Parameter type="" key="command" value="sdr elist all"/>
        </PluginParameter>
        <PluginDataHandlers>
            <PluginDataHandler classKey="RegularFilter">
                <Parameter type="" key="REGULAR" value="(PSU(\d+))_Supply"/>
            </PluginDataHandler>
        </PluginDataHandlers>
        <PluginDataConverter classKey="subInstConverter">
            <Parameter type="" key="IndexColumnTitle" value="powerIndex"/>
            <Parameter type="" key="ValueColumnTitle" value="powerName"/>
            <Parameter type="ResourceProperty" key="InstPropertyKey" value="powerIndex"/>
        </PluginDataConverter>
    </MetricPlugin>
    <MetricPlugin metricid="powerStatus" collectType="" pluginid="IpmiPlugin">
        <PluginResultMetaInfo columns="powerInsertStatus,powerDimmStatus"/>
        <PluginParameter type="ArrayType">
            <Parameter key="tool" value="ipmitool"/>
            <Parameter type="" key="command" value="sdr elist all"/>
        </PluginParameter>
        <PluginDataHandlers>
            <PluginDataHandler classKey="RegularFilter">
                <Parameter type="ResourceProperty" key="powerIndex" value="powerIndex"/>
                <Parameter type="" key="REGULAR" value="PSU${powerIndex}_Supply\s+\s*\|\s*\S+\s*\|\s*(\S+).+\|\s*(.+)"/>
            </PluginDataHandler>
            <PluginDataHandler classKey="translateProcessor">
                <Parameter type="" key="powerInsertStatus" value="ok,1;0"/>
            </PluginDataHandler>
            <PluginDataHandler classKey="translateProcessor">
                <Parameter type="" key="powerDimmStatus" value="Presence detected,1;0"/>
            </PluginDataHandler>
            <PluginDataHandler classKey="selectProcessor">
                <Parameter type="" key="SELECT" value="SELECT powerInsertStatus+powerDimmStatus as powerStatus"/>
            </PluginDataHandler>
            <PluginDataHandler classKey="translateProcessor">
                <Parameter type="" key="powerStatus" value="2,1;0"/>
            </PluginDataHandler>
        </PluginDataHandlers>
    </MetricPlugin>
    <!-- DIMM -->
    <MetricPlugin metricid="DIMMIndex" collectType="" pluginid="IpmiPlugin">
        <PluginResultMetaInfo columns="DIMMIndex"/>
        <PluginParameter type="ArrayType">
            <Parameter key="tool" value="ipmitool"/>
            <Parameter type="" key="command" value="sdr elist all"/>
        </PluginParameter>
        <PluginDataHandlers>
            <PluginDataHandler classKey="RegularFilter">
                <Parameter type="" key="REGULAR" value="(MEM\S+CH\S+)"/>
            </PluginDataHandler>
        </PluginDataHandlers>
        <PluginDataConverter classKey="subInstConverter">
            <Parameter type="" key="IndexColumnTitle" value="DIMMIndex"/>
            <Parameter type="" key="ValueColumnTitle" value="DIMMIndex"/>
        </PluginDataConverter>
    </MetricPlugin>
    <MetricPlugin metricid="DIMMStatus" collectType="" pluginid="IpmiPlugin">
        <PluginResultMetaInfo columns="DIMMStatus"/>
        <PluginParameter type="ArrayType">
            <Parameter key="tool" value="ipmitool"/>
            <Parameter type="" key="command" value="sdr elist all"/>
        </PluginParameter>
        <PluginDataHandlers>
            <PluginDataHandler classKey="RegularFilter">
                <Parameter type="ResourceProperty" key="DIMMIndex" value="DIMMIndex"/>
                <Parameter type="" key="REGULAR" value="${DIMMIndex}\s*\|\s*\S+\s*\|\s*(\S+)"/>
            </PluginDataHandler>
            <PluginDataHandler classKey="translateProcessor">
                <Parameter type="" key="DIMMStatus" value="ok,1;0"/>
            </PluginDataHandler>
        </PluginDataHandlers>
    </MetricPlugin>
    <MetricPlugin metricid="useStatus" collectType="" pluginid="IpmiPlugin">
        <PluginResultMetaInfo columns="DIMMIndex,useStatus"/>
        <PluginParameter type="ArrayType">
            <Parameter key="tool" value="ipmitool"/>
            <Parameter type="" key="command" value="sdr elist all"/>
        </PluginParameter>
        <PluginDataHandlers>
            <PluginDataHandler classKey="RegularFilter">
            	<Parameter type="ResourceProperty" key="DIMMIndex" value="DIMMIndex"/>
                <Parameter type="" key="REGULAR" value="(${DIMMIndex})\s*\|\s*\S+\s*\|\s*\S+\s+\|\s+\S+\s+\|[\s*&amp;&amp;[^\r\n]](.*)"/>
            </PluginDataHandler>
            <PluginDataHandler classKey="translateProcessor">
                <Parameter type="" key="useStatus" value="Presence Detected,使用中;空闲"/>
            </PluginDataHandler>
        </PluginDataHandlers>
        <PluginDataConverter classKey="subInstConverter">
            <Parameter type="" key="IndexColumnTitle" value="DIMMIndex"/>
            <Parameter type="" key="ValueColumnTitle" value="useStatus"/>
            <Parameter type="ResourceProperty" key="InstPropertyKey" value="DIMMIndex"/>
        </PluginDataConverter>
    </MetricPlugin>    
</MetricPlugins>
