<?xml version="1.0" encoding="UTF-8"?>
<Capacity xmlns:xsi="http://www.w3.org/2001/XMLSchema-instance" version="1.0" xsi:noNamespaceSchemaLocation="../../../schema/Resource.xsd">
	<SupportInfo>
		<SupportName>VideoTerminal Series</SupportName>
		<PreSupportVersion>VideoTerminal P55 TC6</PreSupportVersion>
		<ActualSupportVersion>P55 TC6</ActualSupportVersion>
	</SupportInfo>
	<GlobalMetricSetting isEncrypt="FALSE" version="4.1.0">
		<GlobalIsEdit>false</GlobalIsEdit>
		<GlobalIsMonitor>true</GlobalIsMonitor>
		<GlobalDefaultMonitorFreq>day1</GlobalDefaultMonitorFreq>
		<GlobalsupportMonitorFreq>min1,min5,min10,hour1,day1</GlobalsupportMonitorFreq>
		<GlobalIsAlert>true</GlobalIsAlert>
		<GlobalDefaultFlapping>1</GlobalDefaultFlapping>
	</GlobalMetricSetting>
	<Resource id="CiscoVSP55TC6" category="ConferenceEndPoint" icon="Conference.png" name="视频终端P55(TC6版本)" description="视频终端P55(TC6版本)">
		<Metrics>
			<Metric id="availability" style="AvailabilityMetric" name="可用性" description="可用性" unit="">
				<IsDisplay displayOrder="1010">true</IsDisplay>
				<IsMonitor>true</IsMonitor>
				<IsEdit>false</IsEdit>
				<DefaultMonitorFreq>min1</DefaultMonitorFreq>
				<SupportMonitorFreq>sec30,min1,min5,min10,min30,hour1</SupportMonitorFreq>
				<IsAlert>true</IsAlert>
				<DefaultFlapping>2</DefaultFlapping>
			</Metric>
            <Metric id="statusAvail" style="AvailabilityMetric" name="Xstatus状态" description="Xstatus状态" unit="">
				<IsDisplay displayOrder="1020">true</IsDisplay>
				<IsMonitor>true</IsMonitor>
				<IsEdit>false</IsEdit>
				<DefaultMonitorFreq>min1</DefaultMonitorFreq>
				<SupportMonitorFreq>sec30,min1,min5,min10,min30,hour1</SupportMonitorFreq>
				<IsAlert>true</IsAlert>
				<DefaultFlapping>2</DefaultFlapping>
			</Metric>			
            <Metric id="responseTime" style="PerformanceMetric" name="响应时间" description="响应时间" unit="ms">
                <IsDisplay displayOrder="1220">true</IsDisplay>
                <IsMonitor>true</IsMonitor>
                <IsEdit>false</IsEdit>
                <DefaultMonitorFreq>min5</DefaultMonitorFreq>
                <SupportMonitorFreq>min1,min5,min10,min30,hour1,hour4,hour8</SupportMonitorFreq>
                <IsAlert>false</IsAlert>
                <DefaultFlapping>1</DefaultFlapping>
                <Thresholds>
                    <Threshold operator="&lt;" defaultvalue="500" stateid="Normal"/>
                    <Threshold operator="&gt;" defaultvalue="1000" stateid="Minor"/>
                    <Threshold operator="&gt;" defaultvalue="3000" stateid="Major"/>
                </Thresholds>
            </Metric>
            <Metric id="packetLoss" style="PerformanceMetric" name="丢包率" description="丢包率" unit="%">
                <IsDisplay displayOrder="1230">true</IsDisplay>
                <IsMonitor>true</IsMonitor>
                <IsEdit>false</IsEdit>
                <DefaultMonitorFreq>min5</DefaultMonitorFreq>
                <SupportMonitorFreq>min1,min5,min10,min30,hour1,hour4,hour8</SupportMonitorFreq>
                <IsAlert>false</IsAlert>
                <DefaultFlapping>1</DefaultFlapping>
                <Thresholds>
                    <Threshold operator="&lt;" defaultvalue="10" stateid="Normal"/>
                    <Threshold operator="&gt;" defaultvalue="20" stateid="Minor"/>
                    <Threshold operator="&gt;" defaultvalue="50" stateid="Major"/>
                </Thresholds>
            </Metric>  
            <Metric id="jitter" style="PerformanceMetric" name="抖动" description="抖动" unit="ms">
                <IsDisplay displayOrder="1240">true</IsDisplay>
                <IsMonitor>true</IsMonitor>
                <IsEdit>false</IsEdit>
                <DefaultMonitorFreq>min5</DefaultMonitorFreq>
                <SupportMonitorFreq>min1,min5,min10,min30,hour1,hour4,hour8</SupportMonitorFreq>
                <IsAlert>false</IsAlert>
                <DefaultFlapping>1</DefaultFlapping>
                <Thresholds>
                    <Threshold operator="&lt;" defaultvalue="100" stateid="Normal"/>
                    <Threshold operator="&gt;" defaultvalue="1000" stateid="Minor"/>
                    <Threshold operator="&gt;" defaultvalue="2000" stateid="Major"/>
                </Thresholds>
            </Metric>            			
			<Metric id="SystemTemperature" style="PerformanceMetric" name="设备温度" description="设备温度" unit="°C">
				<IsDisplay displayOrder="1030">true</IsDisplay>
				<IsMonitor>true</IsMonitor>
				<IsEdit>false</IsEdit>
				<DefaultMonitorFreq>min5</DefaultMonitorFreq>
				<SupportMonitorFreq>min1,min5,min10,min30,hour1,hour4,hour8</SupportMonitorFreq>
				<IsAlert>false</IsAlert>
				<DefaultFlapping>1</DefaultFlapping>
				<Thresholds>
					<Threshold operator="&lt;" defaultvalue="75" stateid="Normal" />
					<Threshold operator="&gt;" defaultvalue="80" stateid="Minor" />
					<Threshold operator="&gt;" defaultvalue="85" stateid="Major" />
				</Thresholds>
			</Metric>
			<Metric id="productType" style="InformationMetric" name="设备类型" description="设备类型" unit=""> 
		        <IsDisplay displayOrder="1040">true</IsDisplay>  
		        <IsMonitor>true</IsMonitor>  
		        <IsEdit>false</IsEdit>  
		        <DefaultMonitorFreq>day1</DefaultMonitorFreq>  
		        <SupportMonitorFreq>hour1,day1</SupportMonitorFreq>  
		        <IsAlert>false</IsAlert>  
		        <DefaultFlapping>1</DefaultFlapping> 
      		</Metric> 
      		<Metric id="productName" style="InformationMetric" name="设备名称" description="设备名称" unit=""> 
		        <IsDisplay displayOrder="1050">true</IsDisplay>  
		        <IsMonitor>true</IsMonitor>  
		        <IsEdit>false</IsEdit>  
		        <DefaultMonitorFreq>day1</DefaultMonitorFreq>  
		        <SupportMonitorFreq>hour1,day1</SupportMonitorFreq>  
		        <IsAlert>false</IsAlert>  
		        <DefaultFlapping>1</DefaultFlapping> 
      		</Metric>
      		<Metric id="productPlatform" style="InformationMetric" name="设备型号" description="设备型号" unit=""> 
		        <IsDisplay displayOrder="1060">true</IsDisplay>  
		        <IsMonitor>true</IsMonitor>  
		        <IsEdit>false</IsEdit>  
		        <DefaultMonitorFreq>day1</DefaultMonitorFreq>  
		        <SupportMonitorFreq>hour1,day1</SupportMonitorFreq>  
		        <IsAlert>false</IsAlert>  
		        <DefaultFlapping>1</DefaultFlapping> 
      		</Metric>
      		<Metric id="upTime" style="InformationMetric" name="开机时长" description="开机时长" unit="秒"> 
		        <IsDisplay displayOrder="1070">true</IsDisplay>  
		        <IsMonitor>true</IsMonitor>  
		        <IsEdit>false</IsEdit>  
		        <DefaultMonitorFreq>day1</DefaultMonitorFreq>  
		        <SupportMonitorFreq>hour1,day1</SupportMonitorFreq>  
		        <IsAlert>false</IsAlert>  
		        <DefaultFlapping>1</DefaultFlapping> 
      		</Metric>
      		<Metric id="softwareVersion" style="InformationMetric" name="软件版本" description="软件版本" unit=""> 
		        <IsDisplay displayOrder="1080">true</IsDisplay>  
		        <IsMonitor>true</IsMonitor>  
		        <IsEdit>false</IsEdit>  
		        <DefaultMonitorFreq>day1</DefaultMonitorFreq>  
		        <SupportMonitorFreq>hour1,day1</SupportMonitorFreq>  
		        <IsAlert>false</IsAlert>  
		        <DefaultFlapping>1</DefaultFlapping> 
      		</Metric>
      		<Metric id="moduleNumber" style="InformationMetric" name="设备序列号" description="设备序列号" unit=""> 
		        <IsDisplay displayOrder="1090">true</IsDisplay>  
		        <IsMonitor>true</IsMonitor>  
		        <IsEdit>false</IsEdit>  
		        <DefaultMonitorFreq>day1</DefaultMonitorFreq>  
		        <SupportMonitorFreq>hour1,day1</SupportMonitorFreq>  
		        <IsAlert>false</IsAlert>  
		        <DefaultFlapping>1</DefaultFlapping> 
      		</Metric>   
      		<Metric id="mainBoardNumber" style="InformationMetric" name="主板序列号" description="主板序列号" unit=""> 
		        <IsDisplay displayOrder="1100">true</IsDisplay>  
		        <IsMonitor>true</IsMonitor>  
		        <IsEdit>false</IsEdit>  
		        <DefaultMonitorFreq>day1</DefaultMonitorFreq>  
		        <SupportMonitorFreq>hour1,day1</SupportMonitorFreq>  
		        <IsAlert>false</IsAlert>  
		        <DefaultFlapping>1</DefaultFlapping> 
      		</Metric> 
      		<Metric id="maxVideoCalls" style="InformationMetric" name="视频通话最大数" description="视频通话最大数" unit="个"> 
		        <IsDisplay displayOrder="1110">true</IsDisplay>  
		        <IsMonitor>true</IsMonitor>  
		        <IsEdit>false</IsEdit>  
		        <DefaultMonitorFreq>day1</DefaultMonitorFreq>  
		        <SupportMonitorFreq>hour1,day1</SupportMonitorFreq>  
		        <IsAlert>false</IsAlert>  
		        <DefaultFlapping>1</DefaultFlapping> 
      		</Metric>  
      		<Metric id="maxAudioCalls" style="InformationMetric" name="音频最大呼叫数" description="音频最大呼叫数" unit=""> 
		        <IsDisplay displayOrder="1120">true</IsDisplay>  
		        <IsMonitor>true</IsMonitor>  
		        <IsEdit>false</IsEdit>  
		        <DefaultMonitorFreq>day1</DefaultMonitorFreq>  
		        <SupportMonitorFreq>hour1,day1</SupportMonitorFreq>  
		        <IsAlert>false</IsAlert>  
		        <DefaultFlapping>1</DefaultFlapping> 
      		</Metric> 	
      		<Metric id="macAddress" style="InformationMetric" name="MAC地址" description="MAC地址" unit=""> 
		        <IsDisplay displayOrder="1130">true</IsDisplay>  
		        <IsMonitor>true</IsMonitor>  
		        <IsEdit>false</IsEdit>  
		        <DefaultMonitorFreq>day1</DefaultMonitorFreq>  
		        <SupportMonitorFreq>hour1,day1</SupportMonitorFreq>  
		        <IsAlert>false</IsAlert>  
		        <DefaultFlapping>1</DefaultFlapping> 
      		</Metric> 
      		<Metric id="ipAddress" style="InformationMetric" name="设备IP" description="设备IP" unit=""> 
		        <IsDisplay displayOrder="1140">true</IsDisplay>  
		        <IsMonitor>true</IsMonitor>  
		        <IsEdit>false</IsEdit>  
		        <DefaultMonitorFreq>day1</DefaultMonitorFreq>  
		        <SupportMonitorFreq>hour1,day1</SupportMonitorFreq>  
		        <IsAlert>false</IsAlert>  
		        <DefaultFlapping>1</DefaultFlapping> 
      		</Metric> 	
      		<Metric id="speed" style="InformationMetric" name="宽带速率" description="宽带速率" unit=""> 
		        <IsDisplay displayOrder="1150">true</IsDisplay>  
		        <IsMonitor>true</IsMonitor>  
		        <IsEdit>false</IsEdit>  
		        <DefaultMonitorFreq>day1</DefaultMonitorFreq>  
		        <SupportMonitorFreq>hour1,day1</SupportMonitorFreq>  
		        <IsAlert>false</IsAlert>  
		        <DefaultFlapping>1</DefaultFlapping> 
      		</Metric> 
      		<Metric id="toneOlson" style="InformationMetric" name="时区" description="时区" unit=""> 
		        <IsDisplay displayOrder="1160">true</IsDisplay>  
		        <IsMonitor>true</IsMonitor>  
		        <IsEdit>false</IsEdit>  
		        <DefaultMonitorFreq>day1</DefaultMonitorFreq>  
		        <SupportMonitorFreq>hour1,day1</SupportMonitorFreq>  
		        <IsAlert>false</IsAlert>  
		        <DefaultFlapping>1</DefaultFlapping> 
      		</Metric>
      		<Metric id="sipAddress" style="InformationMetric" name="SIP地址" description="SIP地址" unit=""> 
		        <IsDisplay displayOrder="1170">true</IsDisplay>  
		        <IsMonitor>true</IsMonitor>  
		        <IsEdit>false</IsEdit>  
		        <DefaultMonitorFreq>day1</DefaultMonitorFreq>  
		        <SupportMonitorFreq>hour1,day1</SupportMonitorFreq>  
		        <IsAlert>false</IsAlert>  
		        <DefaultFlapping>1</DefaultFlapping> 
      		</Metric>
      		<Metric id="gatekeeperStatus" style="InformationMetric" name="H323状态" description="H323状态" unit=""> 
		        <IsDisplay displayOrder="1200">true</IsDisplay>  
		        <IsMonitor>true</IsMonitor>  
		        <IsEdit>false</IsEdit>  
		        <DefaultMonitorFreq>day1</DefaultMonitorFreq>  
		        <SupportMonitorFreq>hour1,day1</SupportMonitorFreq>  
		        <IsAlert>false</IsAlert>  
		        <DefaultFlapping>1</DefaultFlapping> 
      		</Metric>
      		<Metric id="gatekeeperPort" style="InformationMetric" name="H323端口" description="H323端口" unit=""> 
		        <IsDisplay displayOrder="1210">true</IsDisplay>  
		        <IsMonitor>true</IsMonitor>  
		        <IsEdit>false</IsEdit>  
		        <DefaultMonitorFreq>day1</DefaultMonitorFreq>  
		        <SupportMonitorFreq>hour1,day1</SupportMonitorFreq>  
		        <IsAlert>false</IsAlert>  
		        <DefaultFlapping>1</DefaultFlapping> 
      		</Metric>
		</Metrics>
		<Properties>
			<Property id="moduleNumber" name="moduleNumber" metricid="moduleNumber" />
			<Property id="macAddress" name="macAddress" metricid="macAddress" />
		</Properties>
		<Instantiation InstanceId="moduleNumber,macAddress" InstanceName="moduleNumber" />
	</Resource>
	<Resource id="CiscoVSP55TC6Camera" type="Camera" icon="" name="摄像头" description="摄像头" parentid="CiscoVSP55TC6">
		<Metrics>
			<Metric id="cameraIndex" style="InformationMetric" name="摄像头索引" description="摄像头索引" unit="">
				<IsDisplay displayOrder="3010">false</IsDisplay>
				<IsMonitor>false</IsMonitor>
				<IsEdit>false</IsEdit>
				<DefaultMonitorFreq>day1</DefaultMonitorFreq>
				<SupportMonitorFreq>hour1,day1</SupportMonitorFreq>
				<IsAlert>false</IsAlert>
				<DefaultFlapping>1</DefaultFlapping>
			</Metric>
			<Metric id="cameraName" style="InformationMetric" name="摄像头名称" description="摄像头名称" unit="">
				<IsDisplay displayOrder="3020">false</IsDisplay>
				<IsMonitor>false</IsMonitor>
				<IsEdit>false</IsEdit>
				<DefaultMonitorFreq>day1</DefaultMonitorFreq>
				<SupportMonitorFreq>hour1,day1</SupportMonitorFreq>
				<IsAlert>false</IsAlert>
				<DefaultFlapping>1</DefaultFlapping>
			</Metric>
			<Metric id="cameraManufacturer" style="InformationMetric" name="摄像头厂商" description="摄像头厂商" unit="">
				<IsDisplay displayOrder="3030">true</IsDisplay>
				<IsMonitor>true</IsMonitor>
				<IsEdit>false</IsEdit>
				<DefaultMonitorFreq>day1</DefaultMonitorFreq>
				<SupportMonitorFreq>hour1,day1</SupportMonitorFreq>
				<IsAlert>false</IsAlert>
				<DefaultFlapping>1</DefaultFlapping>
			</Metric>
			<Metric id="cameraModel" style="InformationMetric" name="摄像头型号" description="摄像头型号" unit="">
				<IsDisplay displayOrder="3040">true</IsDisplay>
				<IsMonitor>true</IsMonitor>
				<IsEdit>false</IsEdit>
				<DefaultMonitorFreq>day1</DefaultMonitorFreq>
				<SupportMonitorFreq>hour1,day1</SupportMonitorFreq>
				<IsAlert>false</IsAlert>
				<DefaultFlapping>1</DefaultFlapping>
			</Metric>
			<Metric id="cameraSerialNumber" style="InformationMetric" name="摄像头序列号" description="摄像头序列号" unit="">
				<IsDisplay displayOrder="3050">true</IsDisplay>
				<IsMonitor>true</IsMonitor>
				<IsEdit>false</IsEdit>
				<DefaultMonitorFreq>day1</DefaultMonitorFreq>
				<SupportMonitorFreq>hour1,day1</SupportMonitorFreq>
				<IsAlert>false</IsAlert>
				<DefaultFlapping>1</DefaultFlapping>
			</Metric>
			<Metric id="CameraifStatus" style="AvailabilityMetric" name="摄像头状态" description="摄像头状态" unit=""> 
		        <IsDisplay displayOrder="3060">true</IsDisplay>  
		        <IsMonitor>true</IsMonitor>  
		        <IsEdit>false</IsEdit>  
		        <DefaultMonitorFreq>min1</DefaultMonitorFreq>  
		        <SupportMonitorFreq>sec30,min1,min5,min10,min30,hour1</SupportMonitorFreq>  
		        <IsAlert>true</IsAlert>  
		        <DefaultFlapping>2</DefaultFlapping> 
     	    </Metric>
		</Metrics>
		<Properties>
			<Property id="cameraIndex" name="cameraIndex" metricid="cameraIndex" />
			<Property id="cameraName" name="cameraName" metricid="cameraName" />
		</Properties>
		<Instantiation InstanceId="cameraIndex" InstanceName="cameraName" />
	</Resource>
	<Resource id="CiscoVSP55TC6Mphone" type="Microphone" icon="" name="麦克风" description="麦克风" parentid="CiscoVSP55TC6">
		<Metrics>
			<Metric id="microphoneIndex" style="InformationMetric" name="麦克风索引" description="麦克风索引" unit="">
				<IsDisplay displayOrder="4010">false</IsDisplay>
				<IsMonitor>false</IsMonitor>
				<IsEdit>false</IsEdit>
				<DefaultMonitorFreq>day1</DefaultMonitorFreq>
				<SupportMonitorFreq>hour1,day1</SupportMonitorFreq>
				<IsAlert>false</IsAlert>
				<DefaultFlapping>1</DefaultFlapping>
			</Metric>
			<Metric id="microphoneName" style="InformationMetric" name="麦克风名称" description="麦克风名称" unit="">
				<IsDisplay displayOrder="4020">false</IsDisplay>
				<IsMonitor>false</IsMonitor>
				<IsEdit>false</IsEdit>
				<DefaultMonitorFreq>day1</DefaultMonitorFreq>
				<SupportMonitorFreq>hour1,day1</SupportMonitorFreq>
				<IsAlert>false</IsAlert>
				<DefaultFlapping>1</DefaultFlapping>
			</Metric>
			<Metric id="MICifStatus" style="AvailabilityMetric" name="麦克风状态" description="麦克风状态" unit=""> 
		        <IsDisplay displayOrder="4030">true</IsDisplay>  
		        <IsMonitor>true</IsMonitor>  
		        <IsEdit>false</IsEdit>  
		        <DefaultMonitorFreq>min1</DefaultMonitorFreq>  
		        <SupportMonitorFreq>sec30,min1,min5,min10,min30,hour1</SupportMonitorFreq>  
		        <IsAlert>true</IsAlert>  
		        <DefaultFlapping>2</DefaultFlapping> 
     	    </Metric>
		</Metrics>
		<Properties>
			<Property id="microphoneIndex" name="microphoneIndex" metricid="microphoneIndex" />
			<Property id="microphoneName" name="microphoneName" metricid="microphoneName" />
		</Properties>
		<Instantiation InstanceId="microphoneIndex" InstanceName="microphoneName" />
	</Resource>
	<Resource id="CiscoVSP55TC6InVideo" type="inputDisplay" icon="" name="视频输入接口" description="视频输入接口" parentid="CiscoVSP55TC6">
		<Metrics>
			<Metric id="videoInputIndex" style="InformationMetric" name="输入接口索引" description="输入接口索引" unit="">
				<IsDisplay displayOrder="5010">false</IsDisplay>
				<IsMonitor>false</IsMonitor>
				<IsEdit>false</IsEdit>
				<DefaultMonitorFreq>day1</DefaultMonitorFreq>
				<SupportMonitorFreq>hour1,day1</SupportMonitorFreq>
				<IsAlert>false</IsAlert>
				<DefaultFlapping>1</DefaultFlapping>
			</Metric>
			<Metric id="videoInputName" style="InformationMetric" name="输入接口名称" description="输入接口名称" unit="">
				<IsDisplay displayOrder="5020">false</IsDisplay>
				<IsMonitor>false</IsMonitor>
				<IsEdit>false</IsEdit>
				<DefaultMonitorFreq>day1</DefaultMonitorFreq>
				<SupportMonitorFreq>hour1,day1</SupportMonitorFreq>
				<IsAlert>false</IsAlert>
				<DefaultFlapping>1</DefaultFlapping>
			</Metric>
			<Metric id="videoInputStatus" style="AvailabilityMetric" name="输入接口状态" description="输入接口状态" unit=""> 
		        <IsDisplay displayOrder="5030">true</IsDisplay>  
		        <IsMonitor>true</IsMonitor>  
		        <IsEdit>false</IsEdit>  
		        <DefaultMonitorFreq>min1</DefaultMonitorFreq>  
		        <SupportMonitorFreq>sec30,min1,min5,min10,min30,hour1</SupportMonitorFreq>  
		        <IsAlert>true</IsAlert>  
		        <DefaultFlapping>2</DefaultFlapping> 
     	    </Metric>
		</Metrics>
		<Properties>
			<Property id="videoInputIndex" name="videoInputIndex" metricid="videoInputIndex" />
			<Property id="videoInputName" name="videoInputName" metricid="videoInputName" />
		</Properties>
		<Instantiation InstanceId="videoInputIndex" InstanceName="videoInputName" />
	</Resource>
	<Resource id="CiscoVSP55TC6OutVideo" type="outputDisplay" icon="" name="视频输出接口" description="视频输出接口" parentid="CiscoVSP55TC6">
		<Metrics>
			<Metric id="videoOutputIndex" style="InformationMetric" name="输出接口索引" description="输出接口索引" unit="">
				<IsDisplay displayOrder="7010">false</IsDisplay>
				<IsMonitor>false</IsMonitor>
				<IsEdit>false</IsEdit>
				<DefaultMonitorFreq>day1</DefaultMonitorFreq>
				<SupportMonitorFreq>hour1,day1</SupportMonitorFreq>
				<IsAlert>false</IsAlert>
				<DefaultFlapping>1</DefaultFlapping>
			</Metric>
			<Metric id="videoOutputName" style="InformationMetric" name="输出接口名称" description="输出接口名称" unit="">
				<IsDisplay displayOrder="7020">false</IsDisplay>
				<IsMonitor>false</IsMonitor>
				<IsEdit>false</IsEdit>
				<DefaultMonitorFreq>day1</DefaultMonitorFreq>
				<SupportMonitorFreq>hour1,day1</SupportMonitorFreq>
				<IsAlert>false</IsAlert>
				<DefaultFlapping>1</DefaultFlapping>
			</Metric>
			<Metric id="videoOutputStatus" style="AvailabilityMetric" name="输出接口状态" description="输出接口状态" unit=""> 
		        <IsDisplay displayOrder="7030">true</IsDisplay>  
		        <IsMonitor>true</IsMonitor>  
		        <IsEdit>false</IsEdit>  
		        <DefaultMonitorFreq>min1</DefaultMonitorFreq>  
		        <SupportMonitorFreq>sec30,min1,min5,min10,min30,hour1</SupportMonitorFreq>  
		        <IsAlert>true</IsAlert>  
		        <DefaultFlapping>2</DefaultFlapping> 
     	    </Metric>
     	    <Metric id="videoOutputHeight" style="InformationMetric" name="输出分辨率高度" description="输出分辨率高度" unit="px">
				<IsDisplay displayOrder="7040">true</IsDisplay>
				<IsMonitor>true</IsMonitor>
				<IsEdit>false</IsEdit>
				<DefaultMonitorFreq>day1</DefaultMonitorFreq>
				<SupportMonitorFreq>hour1,day1</SupportMonitorFreq>
				<IsAlert>false</IsAlert>
				<DefaultFlapping>1</DefaultFlapping>
			</Metric>
			<Metric id="videoOutputWidth" style="InformationMetric" name="输出分辨率宽度" description="输出分辨率宽度" unit="px">
				<IsDisplay displayOrder="7050">true</IsDisplay>
				<IsMonitor>true</IsMonitor>
				<IsEdit>false</IsEdit>
				<DefaultMonitorFreq>day1</DefaultMonitorFreq>
				<SupportMonitorFreq>hour1,day1</SupportMonitorFreq>
				<IsAlert>false</IsAlert>
				<DefaultFlapping>1</DefaultFlapping>
			</Metric>
		</Metrics>
		<Properties>
			<Property id="videoOutputIndex" name="videoOutputIndex" metricid="videoOutputIndex" />
			<Property id="videoOutputName" name="videoOutputName" metricid="videoOutputName" />
		</Properties>
		<Instantiation InstanceId="videoOutputIndex" InstanceName="videoOutputName" />
	</Resource>
	<Resource id="CiscoVSP55TC6Touch" type="Touch" icon="" name="Touch" description="Touch" parentid="CiscoVSP55TC6">
		<Metrics>
			<Metric id="touchIndex" style="InformationMetric" name="Touch索引" description="Touch索引" unit="">
				<IsDisplay displayOrder="6010">false</IsDisplay>
				<IsMonitor>false</IsMonitor>
				<IsEdit>false</IsEdit>
				<DefaultMonitorFreq>day1</DefaultMonitorFreq>
				<SupportMonitorFreq>hour1,day1</SupportMonitorFreq>
				<IsAlert>false</IsAlert>
				<DefaultFlapping>1</DefaultFlapping>
			</Metric>
			<Metric id="touchName" style="InformationMetric" name="Touch名称" description="Touch名称" unit="">
				<IsDisplay displayOrder="6020">false</IsDisplay>
				<IsMonitor>false</IsMonitor>
				<IsEdit>false</IsEdit>
				<DefaultMonitorFreq>day1</DefaultMonitorFreq>
				<SupportMonitorFreq>hour1,day1</SupportMonitorFreq>
				<IsAlert>false</IsAlert>
				<DefaultFlapping>1</DefaultFlapping>
			</Metric>
			<Metric id="touchType" style="InformationMetric" name="Touch类型" description="Touch类型" unit="">
				<IsDisplay displayOrder="6030">true</IsDisplay>
				<IsMonitor>true</IsMonitor>
				<IsEdit>false</IsEdit>
				<DefaultMonitorFreq>day1</DefaultMonitorFreq>
				<SupportMonitorFreq>hour1,day1</SupportMonitorFreq>
				<IsAlert>false</IsAlert>
				<DefaultFlapping>1</DefaultFlapping>
			</Metric>
			<Metric id="touchStatus" style="AvailabilityMetric" name="Touch状态" description="Touch状态" unit=""> 
		        <IsDisplay displayOrder="6040">true</IsDisplay>  
		        <IsMonitor>true</IsMonitor>  
		        <IsEdit>false</IsEdit>  
		        <DefaultMonitorFreq>min1</DefaultMonitorFreq>  
		        <SupportMonitorFreq>sec30,min1,min5,min10,min30,hour1</SupportMonitorFreq>  
		        <IsAlert>true</IsAlert>  
		        <DefaultFlapping>2</DefaultFlapping> 
     	    </Metric>
		</Metrics>
		<Properties>
			<Property id="touchIndex" name="touchIndex" metricid="touchIndex" />
			<Property id="touchName" name="touchName" metricid="touchName" />
		</Properties>
		<Instantiation InstanceId="touchIndex" InstanceName="touchName" />
	</Resource>
    <Resource id="CiscoVSP55TC6SIP" type="SIP" icon="" name="SIP" description="SIP" parentid="CiscoVSP55TC6">
        <Metrics>
            <Metric id="SIPIndex" style="InformationMetric" name="SIP索引" description="SIP索引" unit="">
                <IsDisplay displayOrder="7010">false</IsDisplay>
                <IsMonitor>false</IsMonitor>
                <IsEdit>false</IsEdit>
                <DefaultMonitorFreq>day1</DefaultMonitorFreq>
                <SupportMonitorFreq>hour1,day1</SupportMonitorFreq>
                <IsAlert>false</IsAlert>
                <DefaultFlapping>1</DefaultFlapping>
            </Metric>
            <Metric id="SIPName" style="InformationMetric" name="SIP名称" description="SIP名称" unit="">
                <IsDisplay displayOrder="7020">false</IsDisplay>
                <IsMonitor>false</IsMonitor>
                <IsEdit>false</IsEdit>
                <DefaultMonitorFreq>day1</DefaultMonitorFreq>
                <SupportMonitorFreq>hour1,day1</SupportMonitorFreq>
                <IsAlert>false</IsAlert>
                <DefaultFlapping>1</DefaultFlapping>
            </Metric>
            <Metric id="SIPRedStatus" style="InformationMetric" name="SIP注册状态" description="SIP注册状态" unit="">
                <IsDisplay displayOrder="7030">true</IsDisplay>
                <IsMonitor>true</IsMonitor>
                <IsEdit>false</IsEdit>
                <DefaultMonitorFreq>day1</DefaultMonitorFreq>
                <SupportMonitorFreq>hour1,day1</SupportMonitorFreq>
                <IsAlert>false</IsAlert>
                <DefaultFlapping>1</DefaultFlapping>
            </Metric>
            <Metric id="SIPStatus" style="InformationMetric" name="SIP状态" description="SIP状态" unit="">
                <IsDisplay displayOrder="7040">true</IsDisplay>
                <IsMonitor>true</IsMonitor>
                <IsEdit>false</IsEdit>
                <DefaultMonitorFreq>min1</DefaultMonitorFreq>
                <SupportMonitorFreq>sec30,min1,min5,min10,min30,hour1</SupportMonitorFreq>
                <IsAlert>false</IsAlert>
                <DefaultFlapping>1</DefaultFlapping>
            </Metric>
            <Metric id="SIPAvailability" style="AvailabilityMetric" name="SIP可用性" description="SIP可用性" unit="">
                <IsDisplay displayOrder="7050">true</IsDisplay>
                <IsMonitor>true</IsMonitor>
                <IsEdit>false</IsEdit>
                <DefaultMonitorFreq>min1</DefaultMonitorFreq>
                <SupportMonitorFreq>sec30,min1,min5,min10,min30,hour1</SupportMonitorFreq>
                <IsAlert>true</IsAlert>
                <DefaultFlapping>2</DefaultFlapping>
            </Metric>
        </Metrics>
        <Properties>
            <Property id="SIPIndex" name="SIPIndex" metricid="SIPIndex"/>
            <Property id="SIPName" name="SIPName" metricid="SIPName"/>
        </Properties>
        <Instantiation InstanceId="SIPIndex" InstanceName="SIPName"/>
    </Resource> 
    <Resource id="CiscoVSP55TC6xStat" type="Status" icon="" name="Status" description="Status" parentid="CiscoVSP55TC6">
        <Metrics>
            <Metric id="statusIndex" style="InformationMetric" name="Status索引" description="Status索引" unit="">
                <IsDisplay displayOrder="8010">false</IsDisplay>
                <IsMonitor>false</IsMonitor>
                <IsEdit>false</IsEdit>
                <DefaultMonitorFreq>day1</DefaultMonitorFreq>
                <SupportMonitorFreq>hour1,day1</SupportMonitorFreq>
                <IsAlert>false</IsAlert>
                <DefaultFlapping>1</DefaultFlapping>
            </Metric>
            <Metric id="statusName" style="InformationMetric" name="Status名称" description="Status名称" unit="">
                <IsDisplay displayOrder="8020">false</IsDisplay>
                <IsMonitor>false</IsMonitor>
                <IsEdit>false</IsEdit>
                <DefaultMonitorFreq>day1</DefaultMonitorFreq>
                <SupportMonitorFreq>hour1,day1</SupportMonitorFreq>
                <IsAlert>false</IsAlert>
                <DefaultFlapping>1</DefaultFlapping>
            </Metric>
            <Metric id="statusStatus" style="AvailabilityMetric" name="Status状态" description="Status状态" unit="">
                <IsDisplay displayOrder="8030">true</IsDisplay>
                <IsMonitor>true</IsMonitor>
                <IsEdit>false</IsEdit>
                <DefaultMonitorFreq>min1</DefaultMonitorFreq>
                <SupportMonitorFreq>sec30,min1,min5,min10,min30,hour1</SupportMonitorFreq>
                <IsAlert>true</IsAlert>
                <DefaultFlapping>2</DefaultFlapping>
            </Metric>
        </Metrics>
        <Properties>
            <Property id="statusIndex" name="statusIndex" metricid="statusIndex"/>
            <Property id="statusName" name="statusName" metricid="statusName"/>
        </Properties>
        <Instantiation InstanceId="statusIndex" InstanceName="statusName"/>
    </Resource>    	
</Capacity>
