<?xml version="1.0" encoding="UTF-8"?>
<MetricPlugins xmlns:xsi="http://www.w3.org/2001/XMLSchema-instance" version="1.0" xsi:noNamespaceSchemaLocation="../../../schema/Collect.xsd">
    <GlobalMetricSetting isEncrypt="FALSE" version="4.1.0">
        <ChangePluginInitParameter pluginid="HttpPlugin" parameterId="serviceType" propertyValue="CiscoTelePresenceServer" parameterProperty="DefaultValue"/>
    </GlobalMetricSetting>
    <PluginClassAliasList>
        <PluginClassAlias id="defaultProcessor" class="com.mainsteam.stm.plugin.common.DefaultResultSetProcessor"/>
        <PluginClassAlias id="defaultConverter" class="com.mainsteam.stm.plugin.common.DefaultResultSetConverter"/>
        <PluginClassAlias id="selectProcessor" class="com.mainsteam.stm.plugin.common.SelectResultSetProcessor"/>
        <PluginClassAlias id="regularFilter" class="com.mainsteam.stm.plugin.common.RegularFilter"/>
        <PluginClassAlias id="subInstConverter" class="com.mainsteam.stm.plugin.common.SubInstResultSetConverter"/>
        <PluginClassAlias id="availableConverter" class="com.mainsteam.stm.plugin.common.AvailableConverter"/>
        <PluginClassAlias id="tableConverter" class="com.mainsteam.stm.plugin.common.TableResultSetConverter"/>
        <PluginClassAlias id="translateProcessor" class="com.mainsteam.stm.plugin.common.TranslateResultSetProcessor"/>
        <PluginClassAlias id="rowFilterProcessor" class="com.mainsteam.stm.plugin.common.RowFilterProcessor"/>
        <PluginClassAlias id="columnSelectProcessor" class="com.mainsteam.stm.plugin.common.ColumnSelectProcessor"/>
    </PluginClassAliasList>
    <MetricPlugin metricid="manufacturer" collectType="" pluginid="HttpPlugin">
        <PluginResultMetaInfo
                columns="manufacturer,model,serial,softwareVersion,buildVersion,hostName,ipAddress,ipAddressV6,macAddress,totalVideoPorts,totalAudioOnlyPorts,totalContentPorts,uptimeSeconds,clusterType"/>
        <PluginParameter type="ArrayType">
            <Parameter key="method" value="getSystemXml"/>
        </PluginParameter>
        <PluginDataHandlers>
            <PluginDataHandler classKey="selectProcessor">
                <Parameter type="" key="SELECT" value="SELECT manufacturer"/>
            </PluginDataHandler>
        </PluginDataHandlers>
    </MetricPlugin>

    <MetricPlugin metricid="model" collectType="" pluginid="HttpPlugin">
        <PluginResultMetaInfo
                columns="manufacturer,model,serial,softwareVersion,buildVersion,hostName,ipAddress,ipAddressV6,macAddress,totalVideoPorts,totalAudioOnlyPorts,totalContentPorts,uptimeSeconds,clusterType"/>
        <PluginParameter type="ArrayType">
            <Parameter key="method" value="getSystemXml"/>
        </PluginParameter>
        <PluginDataHandlers>
            <PluginDataHandler classKey="selectProcessor">
                <Parameter type="" key="SELECT" value="SELECT model"/>
            </PluginDataHandler>
        </PluginDataHandlers>
    </MetricPlugin>

    <MetricPlugin metricid="serial" collectType="" pluginid="HttpPlugin">
        <PluginResultMetaInfo
                columns="manufacturer,model,serial,softwareVersion,buildVersion,hostName,ipAddress,ipAddressV6,macAddress,totalVideoPorts,totalAudioOnlyPorts,totalContentPorts,uptimeSeconds,clusterType"/>
        <PluginParameter type="ArrayType">
            <Parameter key="method" value="getSystemXml"/>
        </PluginParameter>
        <PluginDataHandlers>
            <PluginDataHandler classKey="selectProcessor">
                <Parameter type="" key="SELECT" value="SELECT serial"/>
            </PluginDataHandler>
        </PluginDataHandlers>
    </MetricPlugin>

    <MetricPlugin metricid="softwareVersion" collectType="" pluginid="HttpPlugin">
        <PluginResultMetaInfo
                columns="manufacturer,model,serial,softwareVersion,buildVersion,hostName,ipAddress,ipAddressV6,macAddress,totalVideoPorts,totalAudioOnlyPorts,totalContentPorts,uptimeSeconds,clusterType"/>
        <PluginParameter type="ArrayType">
            <Parameter key="method" value="getSystemXml"/>
        </PluginParameter>
        <PluginDataHandlers>
            <PluginDataHandler classKey="columnSelectProcessor">
                <Parameter type="" key="SELECT" value="softwareVersion"/>
            </PluginDataHandler>
        </PluginDataHandlers>
    </MetricPlugin>

    <MetricPlugin metricid="buildVersion" collectType="" pluginid="HttpPlugin">
        <PluginResultMetaInfo
                columns="manufacturer,model,serial,softwareVersion,buildVersion,hostName,ipAddress,ipAddressV6,macAddress,totalVideoPorts,totalAudioOnlyPorts,totalContentPorts,uptimeSeconds,clusterType"/>
        <PluginParameter type="ArrayType">
            <Parameter key="method" value="getSystemXml"/>
        </PluginParameter>
        <PluginDataHandlers>
            <PluginDataHandler classKey="columnSelectProcessor">
                <Parameter type="" key="SELECT" value="buildVersion"/>
            </PluginDataHandler>
        </PluginDataHandlers>
    </MetricPlugin>

    <MetricPlugin metricid="apiVersion" collectType="" pluginid="HttpPlugin">
        <PluginResultMetaInfo columns="apiVersion,shutdownStatus,activatedFeatures,activatedLicenses,activatedPorts"/>
        <PluginParameter type="ArrayType">
            <Parameter key="method" value="deviceQuery"/>
        </PluginParameter>
        <PluginDataHandlers>
            <PluginDataHandler classKey="selectProcessor">
                <Parameter type="" key="SELECT" value="SELECT first(apiVersion) AS apiVersion"/>
            </PluginDataHandler>
        </PluginDataHandlers>
    </MetricPlugin>

    <MetricPlugin metricid="hostName" collectType="" pluginid="HttpPlugin">
        <PluginResultMetaInfo
                columns="manufacturer,model,serial,softwareVersion,buildVersion,hostName,ipAddress,ipAddressV6,macAddress,totalVideoPorts,totalAudioOnlyPorts,totalContentPorts,uptimeSeconds,clusterType"/>
        <PluginParameter type="ArrayType">
            <Parameter key="method" value="getSystemXml"/>
        </PluginParameter>
        <PluginDataHandlers>
            <PluginDataHandler classKey="selectProcessor">
                <Parameter type="" key="SELECT" value="SELECT hostName"/>
            </PluginDataHandler>
        </PluginDataHandlers>
    </MetricPlugin>

    <MetricPlugin metricid="macAddress" collectType="" pluginid="HttpPlugin">
        <PluginResultMetaInfo
                columns="manufacturer,model,serial,softwareVersion,buildVersion,hostName,ipAddress,ipAddressV6,macAddress,totalVideoPorts,totalAudioOnlyPorts,totalContentPorts,uptimeSeconds,clusterType"/>
        <PluginParameter type="ArrayType">
            <Parameter key="method" value="getSystemXml"/>
        </PluginParameter>
        <PluginDataHandlers>
            <PluginDataHandler classKey="selectProcessor">
                <Parameter type="" key="SELECT" value="SELECT macAddress"/>
            </PluginDataHandler>
        </PluginDataHandlers>
    </MetricPlugin>

    <MetricPlugin metricid="ip" collectType="" pluginid="HttpPlugin">
        <PluginResultMetaInfo
                columns="manufacturer,model,serial,softwareVersion,buildVersion,hostName,ipAddress,ipAddressV6,macAddress,totalVideoPorts,totalAudioOnlyPorts,totalContentPorts,uptimeSeconds,clusterType"/>
        <PluginParameter type="ArrayType">
            <Parameter key="method" value="getSystemXml"/>
        </PluginParameter>
        <PluginDataHandlers>
            <PluginDataHandler classKey="selectProcessor">
                <Parameter type="" key="SELECT" value="SELECT ipAddress"/>
            </PluginDataHandler>
        </PluginDataHandlers>
    </MetricPlugin>

    <MetricPlugin metricid="uptime" collectType="" pluginid="HttpPlugin">
        <PluginResultMetaInfo
                columns="manufacturer,model,serial,softwareVersion,buildVersion,hostName,ipAddress,ipAddressV6,macAddress,totalVideoPorts,totalAudioOnlyPorts,totalContentPorts,uptimeSeconds,clusterType"/>
        <PluginParameter type="ArrayType">
            <Parameter key="method" value="getSystemXml"/>
        </PluginParameter>
        <PluginDataHandlers>
            <PluginDataHandler classKey="selectProcessor">
                <Parameter type="" key="SELECT" value="SELECT uptimeSeconds"/>
            </PluginDataHandler>
        </PluginDataHandlers>
    </MetricPlugin>

    <MetricPlugin metricid="portsVideoTotal" collectType="" pluginid="HttpPlugin">
        <PluginResultMetaInfo
                columns="operationMode,licenseMode,portsVideoTotal,portsVideoFree,portsAudioTotal,portsAudioFree,portsContentTotal,portsContentFree,makeCallsOK"/>
        <PluginParameter type="ArrayType">
            <Parameter key="method" value="systemInfo"/>
        </PluginParameter>
        <PluginDataHandlers>
            <PluginDataHandler classKey="selectProcessor">
                <Parameter type="" key="SELECT" value="SELECT portsVideoTotal"/>
            </PluginDataHandler>
        </PluginDataHandlers>
    </MetricPlugin>

    <MetricPlugin metricid="portsVideoFree" collectType="" pluginid="HttpPlugin">
        <PluginResultMetaInfo
                columns="operationMode,licenseMode,portsVideoTotal,portsVideoFree,portsAudioTotal,portsAudioFree,portsContentTotal,portsContentFree,makeCallsOK"/>
        <PluginParameter type="ArrayType">
            <Parameter key="method" value="systemInfo"/>
        </PluginParameter>
        <PluginDataHandlers>
            <PluginDataHandler classKey="selectProcessor">
                <Parameter type="" key="SELECT" value="SELECT portsVideoFree"/>
            </PluginDataHandler>
        </PluginDataHandlers>
    </MetricPlugin>

    <MetricPlugin metricid="portsAudioTotal" collectType="" pluginid="HttpPlugin">
        <PluginResultMetaInfo
                columns="operationMode,licenseMode,portsVideoTotal,portsVideoFree,portsAudioTotal,portsAudioFree,portsContentTotal,portsContentFree,makeCallsOK"/>
        <PluginParameter type="ArrayType">
            <Parameter key="method" value="systemInfo"/>
        </PluginParameter>
        <PluginDataHandlers>
            <PluginDataHandler classKey="selectProcessor">
                <Parameter type="" key="SELECT" value="SELECT portsAudioTotal"/>
            </PluginDataHandler>
        </PluginDataHandlers>
    </MetricPlugin>

    <MetricPlugin metricid="portsAudioFree" collectType="" pluginid="HttpPlugin">
        <PluginResultMetaInfo
                columns="operationMode,licenseMode,portsVideoTotal,portsVideoFree,portsAudioTotal,portsAudioFree,portsContentTotal,portsContentFree,makeCallsOK"/>
        <PluginParameter type="ArrayType">
            <Parameter key="method" value="systemInfo"/>
        </PluginParameter>
        <PluginDataHandlers>
            <PluginDataHandler classKey="selectProcessor">
                <Parameter type="" key="SELECT" value="SELECT portsAudioFree"/>
            </PluginDataHandler>
        </PluginDataHandlers>
    </MetricPlugin>

    <MetricPlugin metricid="portsContentTotal" collectType="" pluginid="HttpPlugin">
        <PluginResultMetaInfo
                columns="operationMode,licenseMode,portsVideoTotal,portsVideoFree,portsAudioTotal,portsAudioFree,portsContentTotal,portsContentFree,makeCallsOK"/>
        <PluginParameter type="ArrayType">
            <Parameter key="method" value="systemInfo"/>
        </PluginParameter>
        <PluginDataHandlers>
            <PluginDataHandler classKey="selectProcessor">
                <Parameter type="" key="SELECT" value="SELECT portsContentTotal"/>
            </PluginDataHandler>
        </PluginDataHandlers>
    </MetricPlugin>

    <MetricPlugin metricid="portsContentFree" collectType="" pluginid="HttpPlugin">
        <PluginResultMetaInfo
                columns="operationMode,licenseMode,portsVideoTotal,portsVideoFree,portsAudioTotal,portsAudioFree,portsContentTotal,portsContentFree,makeCallsOK"/>
        <PluginParameter type="ArrayType">
            <Parameter key="method" value="systemInfo"/>
        </PluginParameter>
        <PluginDataHandlers>
            <PluginDataHandler classKey="selectProcessor">
                <Parameter type="" key="SELECT" value="SELECT portsContentFree"/>
            </PluginDataHandler>
        </PluginDataHandlers>
    </MetricPlugin>

    <MetricPlugin metricid="clusterType" collectType="" pluginid="HttpPlugin">
        <PluginResultMetaInfo
                columns="manufacturer,model,serial,softwareVersion,buildVersion,hostName,ipAddress,ipAddressV6,macAddress,totalVideoPorts,totalAudioOnlyPorts,totalContentPorts,uptimeSeconds,clusterType"/>
        <PluginParameter type="ArrayType">
            <Parameter key="method" value="getSystemXml"/>
        </PluginParameter>
        <PluginDataHandlers>
            <PluginDataHandler classKey="selectProcessor">
                <Parameter type="" key="SELECT" value="SELECT clusterType"/>
            </PluginDataHandler>
            <PluginDataHandler classKey="translateProcessor">
                <Parameter type="" key="clusterType" value="unclustered,非集群;master,主;slave,备"/>
            </PluginDataHandler>
        </PluginDataHandlers>
    </MetricPlugin>

    <MetricPlugin metricid="shutdownStatus" collectType="" pluginid="HttpPlugin">
        <PluginResultMetaInfo columns="apiVersion,shutdownStatus,activatedFeatures,activatedLicenses,activatedPorts"/>
        <PluginParameter type="ArrayType">
            <Parameter key="method" value="deviceQuery"/>
        </PluginParameter>
        <PluginDataHandlers>
            <PluginDataHandler classKey="selectProcessor">
                <Parameter type="" key="SELECT" value="SELECT first(shutdownStatus) AS shutdownStatus"/>
            </PluginDataHandler>
            <PluginDataHandler classKey="translateProcessor">
                <Parameter type="" key="shutdownStatus" value="shutdown,已关机;shutdownInProgress,正在关机;notShutdown,未关机"/>
            </PluginDataHandler>
        </PluginDataHandlers>
    </MetricPlugin>

    <MetricPlugin metricid="cpuLoad" collectType="" pluginid="HttpPlugin">
        <PluginResultMetaInfo columns="cpuLoad,mediaLoad,audioLoad,videoLoad,fanStatus,temperatureStatus,rtcBatteryStatus,voltagesStatus,operationalStatus"/>
        <PluginParameter type="ArrayType">
            <Parameter key="method" value="deviceHealthQuery"/>
        </PluginParameter>
        <PluginDataHandlers>
            <PluginDataHandler classKey="selectProcessor">
                <Parameter type="" key="SELECT" value="SELECT cpuLoad"/>
            </PluginDataHandler>
        </PluginDataHandlers>
    </MetricPlugin>

    <MetricPlugin metricid="operationalStatus" collectType="" pluginid="HttpPlugin">
        <PluginResultMetaInfo columns="cpuLoad,mediaLoad,audioLoad,videoLoad,fanStatus,temperatureStatus,rtcBatteryStatus,voltagesStatus,operationalStatus"/>
        <PluginParameter type="ArrayType">
            <Parameter key="method" value="deviceHealthQuery"/>
        </PluginParameter>
        <PluginDataHandlers>
            <PluginDataHandler classKey="selectProcessor">
                <Parameter type="" key="SELECT" value="SELECT operationalStatus"/>
            </PluginDataHandler>
            <PluginDataHandler classKey="translateProcessor">
                <Parameter type="" key="operationalStatus" value="active,1;0"/>
            </PluginDataHandler>
            <PluginDataHandler classKey="availableConverter"/>
        </PluginDataHandlers>
    </MetricPlugin>

    <MetricPlugin metricid="temperatureStatus" collectType="" pluginid="HttpPlugin">
        <PluginResultMetaInfo columns="cpuLoad,mediaLoad,audioLoad,videoLoad,fanStatus,temperatureStatus,rtcBatteryStatus,voltagesStatus,operationalStatus"/>
        <PluginParameter type="ArrayType">
            <Parameter key="method" value="deviceHealthQuery"/>
        </PluginParameter>
        <PluginDataHandlers>
            <PluginDataHandler classKey="selectProcessor">
                <Parameter type="" key="SELECT" value="SELECT temperatureStatus"/>
            </PluginDataHandler>
            <PluginDataHandler classKey="translateProcessor">
                <Parameter type="" key="temperatureStatus" value="ok,1;0"/>
            </PluginDataHandler>
            <PluginDataHandler classKey="availableConverter"/>
        </PluginDataHandlers>
    </MetricPlugin>

    <MetricPlugin metricid="rtcBatteryStatus" collectType="" pluginid="HttpPlugin">
        <PluginResultMetaInfo columns="cpuLoad,mediaLoad,audioLoad,videoLoad,fanStatus,temperatureStatus,rtcBatteryStatus,voltagesStatus,operationalStatus"/>
        <PluginParameter type="ArrayType">
            <Parameter key="method" value="deviceHealthQuery"/>
        </PluginParameter>
        <PluginDataHandlers>
            <PluginDataHandler classKey="selectProcessor">
                <Parameter type="" key="SELECT" value="SELECT rtcBatteryStatus"/>
            </PluginDataHandler>
            <PluginDataHandler classKey="translateProcessor">
                <Parameter type="" key="rtcBatteryStatus" value="ok,1;0"/>
            </PluginDataHandler>
            <PluginDataHandler classKey="availableConverter"/>
        </PluginDataHandlers>
    </MetricPlugin>

    <MetricPlugin metricid="voltagesStatus" collectType="" pluginid="HttpPlugin">
        <PluginResultMetaInfo columns="cpuLoad,mediaLoad,audioLoad,videoLoad,fanStatus,temperatureStatus,rtcBatteryStatus,voltagesStatus,operationalStatus"/>
        <PluginParameter type="ArrayType">
            <Parameter key="method" value="deviceHealthQuery"/>
        </PluginParameter>
        <PluginDataHandlers>
            <PluginDataHandler classKey="selectProcessor">
                <Parameter type="" key="SELECT" value="SELECT voltagesStatus"/>
            </PluginDataHandler>
            <PluginDataHandler classKey="translateProcessor">
                <Parameter type="" key="voltagesStatus" value="ok,1;0"/>
            </PluginDataHandler>
            <PluginDataHandler classKey="availableConverter"/>
        </PluginDataHandlers>
    </MetricPlugin>

    <MetricPlugin metricid="activatedFeatures" collectType="" pluginid="HttpPlugin">
        <PluginResultMetaInfo columns="apiVersion,shutdownStatus,activatedFeatures,activatedLicenses,activatedPorts"/>
        <PluginParameter type="ArrayType">
            <Parameter key="method" value="deviceQuery"/>
        </PluginParameter>
        <PluginDataHandlers>
            <PluginDataHandler classKey="selectProcessor">
                <Parameter type="" key="SELECT" value="SELECT activatedFeatures"/>
            </PluginDataHandler>
            <PluginDataHandler classKey="tableConverter"/>
        </PluginDataHandlers>
    </MetricPlugin>

    <MetricPlugin metricid="activatedLicenses" collectType="" pluginid="HttpPlugin">
        <PluginResultMetaInfo columns="apiVersion,shutdownStatus,activatedFeatures,activatedLicenses,activatedPorts"/>
        <PluginParameter type="ArrayType">
            <Parameter key="method" value="deviceQuery"/>
        </PluginParameter>
        <PluginDataHandlers>
            <PluginDataHandler classKey="selectProcessor">
                <Parameter type="" key="SELECT" value="SELECT activatedLicenses,activatedPorts"/>
            </PluginDataHandler>
            <PluginDataHandler classKey="tableConverter"/>
        </PluginDataHandlers>
    </MetricPlugin>

    <MetricPlugin metricid="conferenceList" collectType="" pluginid="HttpPlugin">
        <PluginResultMetaInfo columns="conferenceName,conferenceGUID,active,persistent,locked,numParticipants"/>
        <PluginParameter type="ArrayType">
            <Parameter key="method" value="conferenceEnumerate"/>
        </PluginParameter>
        <PluginDataHandlers>
            <PluginDataHandler classKey="tableConverter"/>
        </PluginDataHandlers>
    </MetricPlugin>

    <MetricPlugin metricid="activeConferenceNum" collectType="" pluginid="HttpPlugin">
        <PluginResultMetaInfo columns="conferenceName,conferenceGUID,active,persistent,locked,numParticipants"/>
        <PluginParameter type="ArrayType">
            <Parameter key="method" value="conferenceEnumerate"/>
        </PluginParameter>
        <PluginDataHandlers>
            <PluginDataHandler classKey="rowFilterProcessor">
                <Parameter type="" key="FilterColumn" value="active"/>
                <Parameter type="" key="ReservedValues" value="true"/>
            </PluginDataHandler>
            <PluginDataHandler classKey="selectProcessor">
                <Parameter type="" key="SELECT" value="SELECT count(conferenceName) AS activeConferenceNum"/>
            </PluginDataHandler>
        </PluginDataHandlers>
    </MetricPlugin>

    <MetricPlugin metricid="activeParticipantNum" collectType="" pluginid="HttpPlugin">
        <PluginResultMetaInfo columns="conferenceName,conferenceGUID,active,persistent,locked,numParticipants"/>
        <PluginParameter type="ArrayType">
            <Parameter key="method" value="conferenceEnumerate"/>
        </PluginParameter>
        <PluginDataHandlers>
            <PluginDataHandler classKey="rowFilterProcessor">
                <Parameter type="" key="FilterColumn" value="active"/>
                <Parameter type="" key="ReservedValues" value="true"/>
            </PluginDataHandler>
            <PluginDataHandler classKey="selectProcessor">
                <Parameter type="" key="SELECT" value="SELECT sum(numParticipants) AS activeParticipantNum"/>
            </PluginDataHandler>
        </PluginDataHandlers>
    </MetricPlugin>

</MetricPlugins>
