<?xml version="1.0" encoding="UTF-8"?>
<Capacity xmlns:xsi="http://www.w3.org/2001/XMLSchema-instance" version="1.0" xsi:noNamespaceSchemaLocation="../../../schema/Resource.xsd">  
  <SupportInfo> 
    <SupportName>Hardware</SupportName>  
    <PreSupportVersion>富士通 RX600S6R</PreSupportVersion>  
    <ActualSupportVersion>富士通 RX600S6R</ActualSupportVersion> 
  </SupportInfo>  
  <GlobalMetricSetting isEncrypt="FALSE" version="4.1.0"> 
    <GlobalIsEdit>false</GlobalIsEdit>  
    <GlobalIsMonitor>true</GlobalIsMonitor>  
    <GlobalDefaultMonitorFreq>day1</GlobalDefaultMonitorFreq>  
    <GlobalsupportMonitorFreq>min1,min5,min10,hour1,day1</GlobalsupportMonitorFreq>  
    <GlobalIsAlert>true</GlobalIsAlert>  
    <GlobalDefaultFlapping>1</GlobalDefaultFlapping> 
  </GlobalMetricSetting>
<Resource id="FujitsuRX600S6R" category="FujitsuServer" icon="FujitsuServer.png" name="FujitsuRX600S6R" description="FujitsuRX600S6R服务器" confirmation="合肥公安-FujitsuRX600S6R">
  <Metrics>
   <Metric id="SystemPower" style="AvailabilityMetric" name="系统电源状态" description="系统电源状态" unit=""> 
        <IsDisplay displayOrder="1000">true</IsDisplay>  
        <IsMonitor>true</IsMonitor>  
        <IsEdit>false</IsEdit>  
        <DefaultMonitorFreq>min1</DefaultMonitorFreq>  
        <SupportMonitorFreq>sec30,min1,min5,min10,min30,hour1</SupportMonitorFreq>  
        <IsAlert>true</IsAlert>  
        <DefaultFlapping>2</DefaultFlapping> 
      </Metric>
    <Metric id="BoardMfgDate" style="InformationMetric" name="主板生产日期" description="主板生产日期" unit=""> 
        <IsDisplay displayOrder="1010">true</IsDisplay>  
        <IsMonitor>true</IsMonitor>  
        <IsEdit>false</IsEdit>  
        <DefaultMonitorFreq>day1</DefaultMonitorFreq>  
        <SupportMonitorFreq>hour1,day1</SupportMonitorFreq>  
        <IsAlert>false</IsAlert>  
        <DefaultFlapping>1</DefaultFlapping> 
      </Metric>
    <Metric id="BoardMfg" style="InformationMetric" name="主板制造商" description="主板制造商" unit=""> 
        <IsDisplay displayOrder="1020">true</IsDisplay>  
        <IsMonitor>true</IsMonitor>  
        <IsEdit>false</IsEdit>  
        <DefaultMonitorFreq>day1</DefaultMonitorFreq>  
        <SupportMonitorFreq>hour1,day1</SupportMonitorFreq>  
        <IsAlert>false</IsAlert>  
        <DefaultFlapping>1</DefaultFlapping> 
      </Metric>
    <Metric id="BoardProduct" style="InformationMetric" name="主板型号" description="主板型号" unit=""> 
        <IsDisplay displayOrder="1030">true</IsDisplay>  
        <IsMonitor>true</IsMonitor>  
        <IsEdit>false</IsEdit>  
        <DefaultMonitorFreq>day1</DefaultMonitorFreq>  
        <SupportMonitorFreq>hour1,day1</SupportMonitorFreq>  
        <IsAlert>false</IsAlert>  
        <DefaultFlapping>1</DefaultFlapping> 
      </Metric>
    <Metric id="ProductManu" style="InformationMetric" name="主板厂商" description="主板厂商" unit=""> 
        <IsDisplay displayOrder="1040">true</IsDisplay>  
        <IsMonitor>true</IsMonitor>  
        <IsEdit>false</IsEdit>  
        <DefaultMonitorFreq>day1</DefaultMonitorFreq>  
        <SupportMonitorFreq>hour1,day1</SupportMonitorFreq>  
        <IsAlert>false</IsAlert>  
        <DefaultFlapping>1</DefaultFlapping> 
      </Metric>
    <Metric id="ProductName" style="InformationMetric" name="产品名称" description="产品名称" unit=""> 
        <IsDisplay displayOrder="1050">true</IsDisplay>  
        <IsMonitor>true</IsMonitor>  
        <IsEdit>false</IsEdit>  
        <DefaultMonitorFreq>day1</DefaultMonitorFreq>  
        <SupportMonitorFreq>hour1,day1</SupportMonitorFreq>  
        <IsAlert>false</IsAlert>  
        <DefaultFlapping>1</DefaultFlapping> 
      </Metric>
    <Metric id="ProductVersion" style="InformationMetric" name="产品版本" description="产品版本" unit=""> 
        <IsDisplay displayOrder="1060">true</IsDisplay>  
        <IsMonitor>true</IsMonitor>  
        <IsEdit>false</IsEdit>  
        <DefaultMonitorFreq>day1</DefaultMonitorFreq>  
        <SupportMonitorFreq>hour1,day1</SupportMonitorFreq>  
        <IsAlert>false</IsAlert>  
        <DefaultFlapping>1</DefaultFlapping> 
      </Metric>
    <Metric id="ProductSerial" style="InformationMetric" name="产品序列号" description="产品序列号" unit=""> 
        <IsDisplay displayOrder="1070">true</IsDisplay>  
        <IsMonitor>true</IsMonitor>  
        <IsEdit>false</IsEdit>  
        <DefaultMonitorFreq>day1</DefaultMonitorFreq>  
        <SupportMonitorFreq>hour1,day1</SupportMonitorFreq>  
        <IsAlert>false</IsAlert>  
        <DefaultFlapping>1</DefaultFlapping> 
      </Metric>
    <Metric id="ChassisPower" style="InformationMetric" name="主板电源状态" description="主板电源状态" unit=""> 
        <IsDisplay displayOrder="1080">true</IsDisplay>  
        <IsMonitor>true</IsMonitor>  
        <IsEdit>false</IsEdit>  
        <DefaultMonitorFreq>day1</DefaultMonitorFreq>  
        <SupportMonitorFreq>hour1,day1</SupportMonitorFreq>  
        <IsAlert>false</IsAlert>  
        <DefaultFlapping>1</DefaultFlapping> 
      </Metric>
    <Metric id="PowerOverload" style="InformationMetric" name="电源过载" description="电源过载" unit=""> 
        <IsDisplay displayOrder="1090">true</IsDisplay>  
        <IsMonitor>true</IsMonitor>  
        <IsEdit>false</IsEdit>  
        <DefaultMonitorFreq>day1</DefaultMonitorFreq>  
        <SupportMonitorFreq>hour1,day1</SupportMonitorFreq>  
        <IsAlert>false</IsAlert>  
        <DefaultFlapping>1</DefaultFlapping> 
      </Metric>
    <Metric id="PowerInterlock" style="InformationMetric" name="电源锁启用状态" description="电源锁启用状态" unit=""> 
        <IsDisplay displayOrder="1200">true</IsDisplay>  
        <IsMonitor>true</IsMonitor>  
        <IsEdit>false</IsEdit>  
        <DefaultMonitorFreq>day1</DefaultMonitorFreq>  
        <SupportMonitorFreq>hour1,day1</SupportMonitorFreq>  
        <IsAlert>false</IsAlert>  
        <DefaultFlapping>1</DefaultFlapping> 
      </Metric>
    <Metric id="PowerControlFault" style="InformationMetric" name="控制电源错误  " description="控制电源错误  " unit=""> 
        <IsDisplay displayOrder="1210">true</IsDisplay>  
        <IsMonitor>true</IsMonitor>  
        <IsEdit>false</IsEdit>  
        <DefaultMonitorFreq>day1</DefaultMonitorFreq>  
        <SupportMonitorFreq>hour1,day1</SupportMonitorFreq>  
        <IsAlert>false</IsAlert>  
        <DefaultFlapping>1</DefaultFlapping> 
      </Metric>
    <Metric id="PowerRestore" style="InformationMetric" name="电源恢复策略  " description="电源恢复策略  " unit=""> 
        <IsDisplay displayOrder="1220">true</IsDisplay>  
        <IsMonitor>true</IsMonitor>  
        <IsEdit>false</IsEdit>  
        <DefaultMonitorFreq>day1</DefaultMonitorFreq>  
        <SupportMonitorFreq>hour1,day1</SupportMonitorFreq>  
        <IsAlert>false</IsAlert>  
        <DefaultFlapping>1</DefaultFlapping> 
      </Metric>
    <Metric id="ChassisIntrusion" style="InformationMetric" name="机箱入侵检测  " description="机箱入侵检测  " unit=""> 
        <IsDisplay displayOrder="1240">true</IsDisplay>  
        <IsMonitor>true</IsMonitor>  
        <IsEdit>false</IsEdit>  
        <DefaultMonitorFreq>day1</DefaultMonitorFreq>  
        <SupportMonitorFreq>hour1,day1</SupportMonitorFreq>  
        <IsAlert>false</IsAlert>  
        <DefaultFlapping>1</DefaultFlapping> 
      </Metric>
    <Metric id="FrontPanel" style="InformationMetric" name="前面板锁定  " description="前面板锁定  " unit=""> 
        <IsDisplay displayOrder="1250">true</IsDisplay>  
        <IsMonitor>true</IsMonitor>  
        <IsEdit>false</IsEdit>  
        <DefaultMonitorFreq>day1</DefaultMonitorFreq>  
        <SupportMonitorFreq>hour1,day1</SupportMonitorFreq>  
        <IsAlert>false</IsAlert>  
        <DefaultFlapping>1</DefaultFlapping> 
      </Metric>
    <Metric id="DriveFault" style="InformationMetric" name="驱动错误  " description="驱动错误  " unit=""> 
        <IsDisplay displayOrder="1260">true</IsDisplay>  
        <IsMonitor>true</IsMonitor>  
        <IsEdit>false</IsEdit>  
        <DefaultMonitorFreq>day1</DefaultMonitorFreq>  
        <SupportMonitorFreq>hour1,day1</SupportMonitorFreq>  
        <IsAlert>false</IsAlert>  
        <DefaultFlapping>1</DefaultFlapping> 
      </Metric>
    <Metric id="FanFault" style="InformationMetric" name="风扇错误   " description="风扇错误   " unit=""> 
        <IsDisplay displayOrder="1270">true</IsDisplay>  
        <IsMonitor>true</IsMonitor>  
        <IsEdit>false</IsEdit>  
        <DefaultMonitorFreq>day1</DefaultMonitorFreq>  
        <SupportMonitorFreq>hour1,day1</SupportMonitorFreq>  
        <IsAlert>false</IsAlert>  
        <DefaultFlapping>1</DefaultFlapping> 
      </Metric>
    <Metric id="AmbientTemp" style="PerformanceMetric" name="机箱温度" description="机箱温度" unit="degree C"> 
        <IsDisplay displayOrder="1280">true</IsDisplay>  
        <IsMonitor>true</IsMonitor><!-- 是否监视 -->
        <IsEdit>false</IsEdit><!-- 是否编辑 -->
        <DefaultMonitorFreq>min5</DefaultMonitorFreq> <!-- 默认监视频率 --> 
        <SupportMonitorFreq>min1,min5,min10,min30,hour1,hour4,hour8</SupportMonitorFreq><!-- 支持监视频率 -->  
        <IsAlert>false</IsAlert> <!-- 是否警告 --> 
        <DefaultFlapping>1</DefaultFlapping> <!-- 默认振动 --> 
        <Thresholds> <!-- 阀门值 -->
          <Threshold operator="&gt;" defaultvalue="5" stateid="Normal"/>  
          <Threshold operator="&gt;" defaultvalue="40" stateid="Minor"/>  
          <Threshold operator="&gt;" defaultvalue="50" stateid="Major"/> 
        </Thresholds> 
      </Metric>
   </Metrics>
   <Properties> 
      <Property id="ProductName" name="ProductName" metricid="ProductName"/>    
      <Property id="ProductSerial" name="ProductSerial" metricid="ProductSerial"/> 
    </Properties>
 	<Instantiation InstanceId="ProductName,ProductSerial" InstanceName="ProductName"/>
</Resource>
<Resource id="FujitsuRX600S6RFan" type="Fan" icon="" name="风扇" description="风扇" parentid="FujitsuRX600S6R"> 
  <Metrics> 
      <Metric id="fanIndex" style="InformationMetric" name="风扇索引" description="风扇索引" unit=""> 
        <IsDisplay displayOrder="2000">false</IsDisplay>  
        <IsMonitor>false</IsMonitor>  
        <IsEdit>false</IsEdit>  
        <DefaultMonitorFreq>day1</DefaultMonitorFreq>  
        <SupportMonitorFreq>hour1,day1</SupportMonitorFreq>  
        <IsAlert>false</IsAlert>  
        <DefaultFlapping>1</DefaultFlapping> 
      </Metric>
    <Metric id="fanStatus" style="AvailabilityMetric" name="风扇状态" description="风扇状态" unit=""> 
        <IsDisplay displayOrder="2020">true</IsDisplay>  
        <IsMonitor>true</IsMonitor>  
        <IsEdit>false</IsEdit>  
        <DefaultMonitorFreq>min1</DefaultMonitorFreq>  
        <SupportMonitorFreq>sec30,min1,min5,min10,min30,hour1</SupportMonitorFreq>  
        <IsAlert>true</IsAlert>  
        <DefaultFlapping>2</DefaultFlapping> 
      </Metric>
   </Metrics>
   <Properties> 
      <Property id="fanIndex" name="fanIndex" metricid="fanIndex"/> 
    </Properties>  
    <Instantiation InstanceId="fanIndex" InstanceName="fanIndex"/> 
</Resource>
<Resource id="FujitsuRX600S6RCpu" type="Processor" icon="" name="处理器" description="处理器" parentid="FujitsuRX600S6R"> 
   <Metrics> 
      <Metric id="processorIndex" style="InformationMetric" name="处理器索引" description="处理器索引" unit=""> 
        <IsDisplay displayOrder="3000">false</IsDisplay>  
        <IsMonitor>false</IsMonitor>  
        <IsEdit>false</IsEdit>  
        <DefaultMonitorFreq>day1</DefaultMonitorFreq>  
        <SupportMonitorFreq>hour1,day1</SupportMonitorFreq>  
        <IsAlert>false</IsAlert>  
        <DefaultFlapping>1</DefaultFlapping> 
      </Metric>
   <Metric id="processorStatus" style="AvailabilityMetric" name="处理器状态" description="处理器状态" unit=""> 
        <IsDisplay displayOrder="3010">true</IsDisplay>  
        <IsMonitor>true</IsMonitor>  
        <IsEdit>false</IsEdit>  
        <DefaultMonitorFreq>min1</DefaultMonitorFreq>  
        <SupportMonitorFreq>sec30,min1,min5,min10,min30,hour1</SupportMonitorFreq>  
        <IsAlert>true</IsAlert>  
        <DefaultFlapping>2</DefaultFlapping> 
      </Metric>
   </Metrics>
   <Properties> 
      <Property id="processorIndex" name="processorIndex" metricid="processorIndex"/> 
    </Properties>  
    <Instantiation InstanceId="processorIndex" InstanceName="processorIndex"/> 
</Resource>
<Resource id="FujitsuRX600S6RPsuPower" type="Power" icon="" name="PSU电源" description="PSU电源" parentid="FujitsuRX600S6R" confirmation="合肥公安-FujitsuRX600S6R"> 
  <Metrics> 
      <Metric id="PsuPowerIndex" style="InformationMetric" name="PSU电源索引" description="PSU电源索引" unit=""> 
        <IsDisplay displayOrder="4000">false</IsDisplay>  
        <IsMonitor>false</IsMonitor>  
        <IsEdit>false</IsEdit>  
        <DefaultMonitorFreq>day1</DefaultMonitorFreq>  
        <SupportMonitorFreq>hour1,day1</SupportMonitorFreq>  
        <IsAlert>false</IsAlert>  
        <DefaultFlapping>1</DefaultFlapping> 
      </Metric>
     <Metric id="PsuPowerStatus" style="AvailabilityMetric" name="PSU电源状态" description="PSU电源状态" unit=""> 
        <IsDisplay displayOrder="4010">true</IsDisplay>  
        <IsMonitor>true</IsMonitor>  
        <IsEdit>false</IsEdit>  
        <DefaultMonitorFreq>min1</DefaultMonitorFreq>  
        <SupportMonitorFreq>sec30,min1,min5,min10,min30,hour1</SupportMonitorFreq>  
        <IsAlert>true</IsAlert>  
        <DefaultFlapping>2</DefaultFlapping> 
      </Metric>
      <Metric id="PsuPowerState" style="AvailabilityMetric" name="PSU电源模块状态" description="PSU电源模块状态" unit=""> 
        <IsDisplay displayOrder="4020">true</IsDisplay>  
        <IsMonitor>true</IsMonitor>  
        <IsEdit>false</IsEdit>  
        <DefaultMonitorFreq>min1</DefaultMonitorFreq>  
        <SupportMonitorFreq>sec30,min1,min5,min10,min30,hour1</SupportMonitorFreq>  
        <IsAlert>true</IsAlert>  
        <DefaultFlapping>2</DefaultFlapping> 
      </Metric>
  </Metrics>
  <Properties> 
      <Property id="PsuPowerIndex" name="PsuPowerIndex" metricid="PsuPowerIndex"/> 
    </Properties>  
    <Instantiation InstanceId="PsuPowerIndex" InstanceName="PsuPowerIndex"/> 
</Resource>

</Capacity>